simulation,generation,round,trial,referent,speaker,listener,lexeme,type,produced_x,produced_y,prob,evidence,success,old_guess_A,new_guess_A,old_guess_B,new_guess_B,old_stored_y_A,old_stored_y_B,new_stored_y_A,new_stored_y_B
1,1,1,1,4,A,B,D,large,1.0034490034810226,0.317011004272056,0.06471783950068653,0,0,0.37927389691694247,0.37927389691694247,0.06471783950068655,0.06563173098645701,0.5,0.5,0.5,0.5
1,1,1,2,2,A,B,B,large,0.3348176012682868,0.5299251685408968,0.1490839804082485,0,1,0.20153505439839145,0.20153505439839145,0.1490839804082485,0.1639257744331475,0.5,0.5,0.5149625842704484,0.5149625842704484
1,1,1,3,1,B,A,A,small,0.01268850706063112,0.36701128806746985,0.378269620044978,0,0,0.37826962004497805,0.38180373263257694,0.10026643063798904,0.10026643063798904,0.5,0.5,0.5,0.5
1,1,1,4,3,B,A,C,small,0.6896563599570634,0,0.43918716241745726,1,1,0.03918716241745722,0.46705739925985873,0.24391320523306106,0.24391320523306106,0.5,0.5,0.25,0.25
1,1,2,1,4,A,B,D,large,0.9935851110288072,0.9496184354251809,0.3493336968299988,0.7092549146088545,0,0.37927389691694247,0.37927389691694247,0.06563173098645701,0.35275085048356963,0.5,0.5,0.5,0.5
1,1,2,2,2,A,B,B,large,0.3467976232880919,1,0.5639257744331475,1,1,0.20153505439839145,0.20153505439839145,0.1639257744331475,0.591364777494518,0.5149625842704484,0.5149625842704484,0.7574812921352242,0.7574812921352242
1,1,2,3,3,B,A,C,small,0.6709588496531262,0,0.8670573992598587,1,1,0.46705739925985873,0.8794982943630834,0.24391320523306106,0.24391320523306106,0.25,0.25,0.125,0.125
1,1,2,4,1,B,A,A,small,-0.016551792569980874,1,0,-1,0,0.38180373263257694,0,0.10026643063798904,0.10026643063798904,0.5,0.5,0.5,0.5
1,1,3,1,2,A,B,B,large,0.3191818913663058,0.8348583207739084,0.6500884002773177,0.14680905695699928,1,0.20153505439839145,0.20153505439839145,0.591364777494518,0.6752281731920462,0.7574812921352242,0.7574812921352242,0.7961698064545664,0.7961698064545664
1,1,3,2,1,B,A,A,small,0.006443172766834508,0.6594897080135993,0,0,0,0,0,0.10026643063798904,0.10026643063798904,0.5,0.5,0.5,0.5
1,1,3,3,4,A,B,D,large,1.001975262816962,0.8712574251606336,0.4773238591289928,0.31143252161355794,0,0.37927389691694247,0.37927389691694247,0.35275085048356963,0.48106734914695104,0.5,0.5,0.5,0.5
1,1,3,4,3,B,A,C,small,0.6903492974325665,0,0.9499999999999998,1,1,0.8794982943630834,0.9550811584492837,0.24391320523306106,0.24391320523306106,0.125,0.125,0.0625,0.0625
1,1,4,1,1,A,B,A,small,-0.009936798432060214,0.07821570896197838,0.3245689618050876,0.5607563279177465,0,0,0,0.10026643063798904,0.32786593512141426,0.5,0.5,0.5,0.5
1,1,4,2,4,A,B,D,large,1.0035371501898633,0,0.081067349146951,-1,0,0.37927389691694247,0.37927389691694247,0.48106734914695104,0.08219182577344125,0.5,0.5,0.5,0.5
1,1,4,3,3,B,A,C,small,0.6626419082046872,0.13081329658429233,0.9499999999999998,0.30174225276055305,1,0.9550811584492837,0.9550811584492837,0.24391320523306106,0.24391320523306106,0.0625,0.0625,0.09665664829214617,0.09665664829214617
1,1,4,4,2,B,A,B,large,0.3302088955297968,0.8352338123752142,0.26091379666772097,0.14844685567332377,0,0.20153505439839145,0.2638167197817475,0.6752281731920462,0.6752281731920462,0.7961698064545664,0.7961698064545664,0.7961698064545664,0.7961698064545664
1,1,5,1,4,A,B,D,large,0.9877212020154466,0.4792829315291712,0.08219182577344125,0,0,0.37927389691694247,0.37927389691694247,0.08219182577344125,0.08333048548693313,0.5,0.5,0.5,0.5
1,1,5,2,1,B,A,A,small,0.0018456690281601212,0.6932871108186855,0,0,0,0,0,0.32786593512141426,0.32786593512141426,0.5,0.5,0.5,0.5
1,1,5,3,2,A,B,B,large,0.3231319039123688,0.256985930842643,0.6752281731920462,0,1,0.2638167197817475,0.2638167197817475,0.6752281731920462,0.6993969423494605,0.7961698064545664,0.7961698064545664,0.5265778686486047,0.5265778686486047
1,1,5,4,3,B,A,C,small,0.675543048571389,0,0.9499999999999998,1,1,0.9550811584492837,0.9550811584492837,0.24391320523306106,0.24391320523306106,0.09665664829214617,0.09665664829214617,0.04832832414607308,0.04832832414607308
1,1,6,1,1,A,B,A,small,0.001373411392383478,0,0.7278659351214143,1,1,0,0,0.32786593512141426,0.7495703336276113,0.5,0.5,0.25,0.25
1,1,6,2,3,A,B,C,small,0.6538927519630741,0,0.643913205233061,1,1,0.9550811584492837,0.9550811584492837,0.24391320523306106,0.6692709301596593,0.04832832414607308,0.04832832414607308,0.02416416207303654,0.02416416207303654
1,1,6,3,4,B,A,D,large,1.003147299223888,0.050115724164552844,0.09498852219794768,-0.710713436797487,0,0.37927389691694247,0.09628586499645096,0.08333048548693313,0.08333048548693313,0.5,0.5,0.5,0.5
1,1,6,4,2,B,A,B,large,0.33688072310125444,0.26539068713451136,0.2638167197817475,0,0,0.2638167197817475,0.2667402842931421,0.6993969423494605,0.6993969423494605,0.5265778686486047,0.5265778686486047,0.5265778686486047,0.5265778686486047
1,1,7,1,4,B,A,D,large,1.0032737265229528,0.5829254459416192,0.09628586499645096,0,0,0.09628586499645096,0.09759901589663594,0.08333048548693313,0.08333048548693313,0.5,0.5,0.5,0.5
1,1,7,2,1,B,A,A,small,0.005611222456468926,0.12018274250628004,0.14076726895196248,0.3519181723799062,0,0,0.142591341422919,0.7495703336276113,0.7495703336276113,0.25,0.25,0.25,0.25
1,1,7,3,2,A,B,B,large,0.3200880247600468,0.25425671853571247,0.6993969423494605,0,1,0.2667402842931421,0.2667402842931421,0.6993969423494605,0.7225062788006104,0.5265778686486047,0.5265778686486047,0.3904172935921586,0.3904172935921586
1,1,7,4,3,A,B,C,small,0.6571601730095045,0.008405354646324848,0.9499999999999998,0.9494352095523753,1,0.9550811584492837,0.9550811584492837,0.6692709301596593,0.9550811584492837,0.02416416207303654,0.02416416207303654,0.016284758359680695,0.016284758359680695
1,1,8,1,4,A,B,D,large,0.9955070912546377,0.40708775750426524,0.08333048548693313,0,0,0.09759901589663594,0.09759901589663594,0.08333048548693313,0.08448346779238952,0.5,0.5,0.5,0.5
1,1,8,2,2,B,A,B,large,0.33485450766825375,0.49297032510801464,0.2667402842931421,0,0,0.2667402842931421,0.2696843787465316,0.7225062788006104,0.7225062788006104,0.3904172935921586,0.3904172935921586,0.3904172935921586,0.3904172935921586
1,1,8,3,1,B,A,A,small,0.006379435913501877,0.4209856929099894,0.142591341422919,0,0,0.142591341422919,0.1444350771211564,0.7495703336276113,0.7495703336276113,0.25,0.25,0.25,0.25
1,1,8,4,3,A,B,C,small,0.6711096818235153,0.16274119221957706,0.9499999999999998,0.15730060345259397,0,0.9550811584492837,0.9550811584492837,0.9550811584492837,0.9507077096900849,0.016284758359680695,0.016284758359680695,0.016284758359680695,0.016284758359680695
1,1,9,1,1,A,B,A,small,0.007732031253699529,0.03576802910018466,0.9499999999999998,0.790592994751233,1,0.1444350771211564,0.1444350771211564,0.7495703336276113,0.9550811584492837,0.25,0.25,0.14288401455009234,0.14288401455009234
1,1,9,2,2,B,A,B,large,0.34057190523290765,0.5959575215288678,0.2696843787465316,0,0,0.2696843787465316,0.2726488854644352,0.7225062788006104,0.7225062788006104,0.3904172935921586,0.3904172935921586,0.3904172935921586,0.3904172935921586
1,1,9,3,4,B,A,D,large,0.9981977677548686,0,0,-1,0,0.09759901589663594,0,0.08448346779238952,0.08448346779238952,0.5,0.5,0.5,0.5
1,1,9,4,3,A,B,C,small,0.6531009081305011,0.10359832431575429,0.9499999999999998,0.432357923966356,0,0.9550811584492837,0.9550811584492837,0.9507077096900849,0.9507077096900849,0.016284758359680695,0.016284758359680695,0.016284758359680695,0.016284758359680695
1,1,10,1,4,A,B,D,large,0.9964662153681747,0.26038382632111434,0.08448346779238952,0,0,0,0,0.08448346779238952,0.08565091246323406,0.5,0.5,0.5,0.5
1,1,10,2,2,B,A,B,large,0.3484551301656761,0.4103517303038308,0.2726488854644352,0,0,0.2726488854644352,0.27563368050772585,0.7225062788006104,0.7225062788006104,0.3904172935921586,0.3904172935921586,0.3904172935921586,0.3904172935921586
1,1,10,3,1,B,A,A,small,0.005470071126820095,0.043687898646099135,0.44292168704571744,0.7462165248114025,0,0.1444350771211564,0.44662592005502777,0.9550811584492837,0.9550811584492837,0.14288401455009234,0.14288401455009234,0.14288401455009234,0.14288401455009234
1,1,10,4,3,A,B,C,small,0.6653685192774983,0.01731600972343443,0.9499999999999998,0.8967507913849423,1,0.9550811584492837,0.9550811584492837,0.9507077096900849,0.9550811584492837,0.016284758359680695,0.016284758359680695,0.016800384041557564,0.016800384041557564
1,2,1,1,4,B,A,D,large,0.981581603554106,0.4300240079929024,0.3472202194820942,0,0,0.3472202194820942,0.35062783990192187,0.24396406126457176,0.24396406126457176,0.5,0.5,0.5,0.5
1,2,1,2,3,B,A,C,small,0.6650123235666656,0.5409534216811417,0.2446750338052622,0,0,0.24467503380526223,0.2474577766092806,0.17740042123529326,0.17740042123529326,0.016800384041557564,0.016800384041557564,0.016800384041557564,0.016800384041557564
1,2,1,3,1,A,B,A,small,-0.0028929671643190234,0,0.6537952471491127,1,0,0.30771367124135196,0.30771367124135196,0.25379524714911256,0.6571825746432386,0.14288401455009234,0.14288401455009234,0.14288401455009234,0.14288401455009234
1,2,1,4,2,A,B,B,large,0.3296641172414417,0,0.008009231596618538,-1,0,0.22592750371700868,0.22592750371700868,0.40800923159661856,0.008129291629002933,0.3904172935921586,0.3904172935921586,0.3904172935921586,0.3904172935921586
1,2,2,1,3,A,B,C,small,0.6649391034923143,0.19355666716678177,0.1879489411692061,0.02637129983478211,0,0.2474577766092806,0.2474577766092806,0.17740042123529326,0.19024902625279724,0.016800384041557564,0.016800384041557564,0.016800384041557564,0.016800384041557564
1,2,2,2,1,B,A,A,small,0.012097322561103505,0.1126007715462821,0.46305857707813186,0.3883622645919497,1,0.30771367124135196,0.49111707373001195,0.6571825746432386,0.6571825746432386,0.14288401455009234,0.14288401455009234,0.12774239304818721,0.12774239304818721
1,2,2,3,4,B,A,D,large,0.992624702965906,0,0,-1,0,0.35062783990192187,0,0.24396406126457176,0.24396406126457176,0.5,0.5,0.5,0.5
1,2,2,4,2,A,B,B,large,0.33794763571347347,1,0.4081292916290029,1,0,0.22592750371700868,0.22592750371700868,0.008129291629002933,0.41175762024905554,0.3904172935921586,0.3904172935921586,0.3904172935921586,0.3904172935921586
1,2,3,1,3,B,A,C,small,0.6588271661975715,0,0.6474577766092805,1,1,0.2474577766092806,0.6726913911779755,0.19024902625279724,0.19024902625279724,0.016800384041557564,0.016800384041557564,0.008400192020778782,0.008400192020778782
1,2,3,2,4,A,B,D,large,0.9946542406466687,0.3029411241862812,0.24396406126457174,0,1,0,0,0.24396406126457176,0.2653064328535151,0.5,0.5,0.4014705620931406,0.4014705620931406
1,2,3,3,2,A,B,B,large,0.34625227328598285,0.2925394117056096,0.41175762024905554,0,1,0.22592750371700868,0.22592750371700868,0.41175762024905554,0.43925055389474915,0.3904172935921586,0.3904172935921586,0.3414783526488841,0.3414783526488841
1,2,3,4,1,B,A,A,small,0.009895842771668675,0.23177864038922807,0.49111707373001195,0,0,0.49111707373001195,0.4948663194003253,0.6571825746432386,0.6571825746432386,0.12774239304818721,0.12774239304818721,0.12774239304818721,0.12774239304818721
1,2,4,1,4,A,B,D,large,1.000427060079991,0.2649125133448689,0.265306432853515,0,0,0,0,0.2653064328535151,0.2682404908513005,0.4014705620931406,0.4014705620931406,0.4014705620931406,0.4014705620931406
1,2,4,2,3,B,A,C,small,0.66085674887929,0,0.9499999999999998,1,1,0.6726913911779755,0.9550811584492837,0.19024902625279724,0.19024902625279724,0.008400192020778782,0.008400192020778782,0.004200096010389391,0.004200096010389391
1,2,4,3,2,A,B,B,large,0.3227431756783386,0.7412597348180583,0.43925055389474915,0,0,0.22592750371700868,0.22592750371700868,0.43925055389474915,0.44294849685034154,0.3414783526488841,0.3414783526488841,0.3414783526488841,0.3414783526488841
1,2,4,4,1,B,A,A,small,-0.006698863905989517,0,0.8948663194003255,1,1,0.4948663194003253,0.9049899922326775,0.6571825746432386,0.6571825746432386,0.12774239304818721,0.12774239304818721,0.063871196524093607,0.063871196524093607
1,2,5,1,3,A,B,C,small,0.6841550200623729,0.0736785655299605,0.42400989040913367,0.5844021603908413,0,0.9550811584492837,0.9550811584492837,0.19024902625279724,0.4276773845918141,0.004200096010389391,0.004200096010389391,0.004200096010389391,0.004200096010389391
1,2,5,2,4,B,A,D,large,1.0017868187612966,0.39659818509697536,0,0,0,0,0,0.2682404908513005,0.2682404908513005,0.4014705620931406,0.4014705620931406,0.4014705620931406,0.4014705620931406
1,2,5,3,1,B,A,A,small,-0.0011910551303605538,0.11214440814921252,0.9499999999999998,0.39057353921928295,1,0.9049899922326775,0.9550811584492837,0.6571825746432386,0.6571825746432386,0.063871196524093607,0.063871196524093607,0.08800780233665306,0.08800780233665306
1,2,5,4,2,A,B,B,large,0.3303054267561063,0.2911845480233545,0.44294849685034154,0,0,0.22592750371700868,0.22592750371700868,0.44294849685034154,0.4466527743041776,0.3414783526488841,0.3414783526488841,0.3414783526488841,0.3414783526488841
1,2,6,1,3,B,A,C,small,0.6592168951610585,0.19600484134307308,0.9499999999999998,0.016311350633044796,1,0.9550811584492837,0.9550811584492837,0.4276773845918141,0.4276773845918141,0.004200096010389391,0.004200096010389391,0.10010246867673124,0.10010246867673124
1,2,6,2,4,B,A,D,large,1.006047091827523,0.37794714008609437,0,0,0,0,0,0.2682404908513005,0.2682404908513005,0.4014705620931406,0.4014705620931406,0.4014705620931406,0.4014705620931406
1,2,6,3,2,A,B,B,large,0.3297823842987539,0.35693398327318687,0.4466527743041776,0,1,0.22592750371700868,0.22592750371700868,0.4466527743041776,0.4745958446759907,0.3414783526488841,0.3414783526488841,0.3492061679610355,0.3492061679610355
1,2,6,4,1,A,B,A,small,0.005599833226615556,0.14312778626260306,0.7551570998025868,0.24493631289837056,1,0.9550811584492837,0.9550811584492837,0.6571825746432386,0.7753566399070032,0.08800780233665306,0.08800780233665306,0.11556779429962806,0.11556779429962806
1,2,7,1,3,B,A,C,small,0.6697595304479874,0.19189652528234696,0.9499999999999998,0.033221175152474886,1,0.9550811584492837,0.9550811584492837,0.4276773845918141,0.4276773845918141,0.10010246867673124,0.10010246867673124,0.1459994969795391,0.1459994969795391
1,2,7,2,2,B,A,B,large,0.32528521954718415,0.8196198211158748,0.25847543115526794,0.08136981859564812,0,0.22592750371700868,0.26136081867376565,0.4745958446759907,0.4745958446759907,0.3492061679610355,0.3492061679610355,0.3492061679610355,0.3492061679610355
1,2,7,3,4,A,B,D,large,1.004153400203872,0.556566336194054,0.2682404908513005,0,1,0,0,0.2682404908513005,0.2908894812739891,0.4014705620931406,0.4014705620931406,0.4790184491435973,0.4790184491435973
1,2,7,4,1,A,B,A,small,-0.018220607490443276,0.24463257225831567,0.7753566399070032,0,1,0.9550811584492837,0.9550811584492837,0.7753566399070032,0.7943435554708677,0.11556779429962806,0.11556779429962806,0.18010018327897187,0.18010018327897187
1,2,8,1,3,B,A,C,small,0.6647813309672581,0.44813304636431056,0.9499999999999998,0,1,0.9550811584492837,0.9550811584492837,0.4276773845918141,0.4276773845918141,0.1459994969795391,0.1459994969795391,0.29706627167192484,0.29706627167192484
1,2,8,2,2,A,B,B,large,0.3311481780317832,0,0.07459584467599067,-1,0,0.26136081867376565,0.26136081867376565,0.4745958446759907,0.07563794440954368,0.3492061679610355,0.3492061679610355,0.3492061679610355,0.3492061679610355
1,2,8,3,1,A,B,A,small,-0.0036608503612543634,0.2078735371622931,0.7943435554708677,0,1,0.9550811584492837,0.9550811584492837,0.7943435554708677,0.8121145641290562,0.18010018327897187,0.18010018327897187,0.1939868602206325,0.1939868602206325
1,2,8,4,4,B,A,D,large,0.9949329048717205,0.5270533082145796,0,0,0,0,0,0.2908894812739891,0.2908894812739891,0.4790184491435973,0.4790184491435973,0.4790184491435973,0.4790184491435973
1,2,9,1,4,B,A,D,large,0.9907634249760777,0.4140962174973945,0,0,0,0,0,0.2908894812739891,0.2908894812739891,0.4790184491435973,0.4790184491435973,0.4790184491435973,0.4790184491435973
1,2,9,2,2,B,A,B,large,0.33802253808463956,0,0,-1,0,0.26136081867376565,0,0.07563794440954368,0.07563794440954368,0.3492061679610355,0.3492061679610355,0.3492061679610355,0.3492061679610355
1,2,9,3,3,A,B,C,small,0.6658116328211321,0.22346862840793696,0.4276773845918141,0,0,0.9550811584492837,0.9550811584492837,0.4276773845918141,0.43135284454986095,0.29706627167192484,0.29706627167192484,0.29706627167192484,0.29706627167192484
1,2,9,4,1,A,B,A,small,0.01195375976334533,0.2036450948179017,0.8121145641290564,0,1,0.9550811584492837,0.9550811584492837,0.8121145641290562,0.8286811506583792,0.1939868602206325,0.1939868602206325,0.1988159775192671,0.1988159775192671
1,2,10,1,4,B,A,D,large,1.0041027397623772,0.95887942323281,0.3042099083585698,0.7605247708964245,0,0,0.30739419402740675,0.2908894812739891,0.2908894812739891,0.4790184491435973,0.4790184491435973,0.4790184491435973,0.4790184491435973
1,2,10,2,3,A,B,C,small,0.6795789114570467,0.1573431713242169,0.5037840215910783,0.18107794260304322,1,0.9550811584492837,0.9550811584492837,0.43135284454986095,0.5318658449210196,0.29706627167192484,0.29706627167192484,0.22720472149807086,0.22720472149807086
1,2,10,3,2,B,A,B,large,0.32897896308885455,0.48828116193926646,0,0,0,0,0,0.07563794440954368,0.07563794440954368,0.3492061679610355,0.3492061679610355,0.3492061679610355,0.3492061679610355
1,2,10,4,1,A,B,A,small,-0.005695125507924701,0.26077006795373203,0.8286811506583792,0,1,0.9550811584492837,0.9550811584492837,0.8286811506583792,0.8440674709422088,0.1988159775192671,0.1988159775192671,0.22979302273649957,0.22979302273649957
1,3,1,1,2,B,A,B,large,0.3280315230505638,0,0,-1,0,0.23827846811422898,0,0.16591181560048426,0.16591181560048426,0.3492061679610355,0.3492061679610355,0.3492061679610355,0.3492061679610355
1,3,1,2,4,A,B,D,large,0.9875511003094093,0,0,-1,0,0.2640479351150054,0.2640479351150054,0.19771719400619067,0,0.4790184491435973,0.4790184491435973,0.4790184491435973,0.4790184491435973
1,3,1,3,1,B,A,A,small,0.0016890428705285444,0.13832405705246964,0.16673640106845744,0.26692932233197963,0,0.059964672135665587,0.16883086251826926,0.5219967715110726,0.5219967715110726,0.22979302273649957,0.22979302273649957,0.22979302273649957,0.22979302273649957
1,3,1,4,3,A,B,C,small,0.6590431785200839,0,0.4802923691897386,1,1,0.5274517810569841,0.5274517810569841,0.08029236918973857,0.5084063617817768,0.22720472149807086,0.22720472149807086,0.11360236074903543,0.11360236074903543
1,3,2,1,4,B,A,D,large,0.9991370936545575,0.9544358343399545,0.5583703538079343,0.7358060467323222,1,0.2640479351150054,0.5859022312457529,0,0,0.4790184491435973,0.4790184491435973,0.7167271417417759,0.7167271417417759
1,3,2,2,1,A,B,A,small,0.011230103769205824,0.26065902559048876,0.5219967715110726,0,1,0.16883086251826926,0.16883086251826926,0.5219967715110726,0.549968621980593,0.22979302273649957,0.22979302273649957,0.24522602416349415,0.24522602416349415
1,3,2,3,2,B,A,B,large,0.30761358367392266,0.7650634035088905,0,0,0,0,0,0.16591181560048426,0.16591181560048426,0.3492061679610355,0.3492061679610355,0.3492061679610355,0.3492061679610355
1,3,2,4,3,A,B,C,small,0.664337514672462,0,0.9084063617817767,1,1,0.5274517810569841,0.5274517810569841,0.5084063617817768,0.9173466442984596,0.11360236074903543,0.11360236074903543,0.056801180374517715,0.056801180374517715
1,3,3,1,3,B,A,C,small,0.6580381558989564,0.19504037470778682,0.5355592302877329,0.020268623076872074,0,0.5274517810569841,0.5392882044950602,0.9173466442984596,0.9173466442984596,0.056801180374517715,0.056801180374517715,0.056801180374517715,0.056801180374517715
1,3,3,2,4,A,B,D,large,0.9942319244356738,0.7374245124580406,0,0,0,0.5859022312457529,0.5859022312457529,0,0,0.7167271417417759,0.7167271417417759,0.7167271417417759,0.7167271417417759
1,3,3,3,2,A,B,B,large,0.33585997180203786,0.30687451675451405,0.16591181560048426,0,0,0,0,0.16591181560048426,0.16799800734036566,0.3492061679610355,0.3492061679610355,0.3492061679610355,0.3492061679610355
1,3,3,4,1,B,A,A,small,0.007506665144625782,0.19864999666525454,0.17102973946219252,0.005497192359808235,0,0.16883086251826926,0.1731669239574622,0.549968621980593,0.549968621980593,0.24522602416349415,0.24522602416349415,0.24522602416349415,0.24522602416349415
1,3,4,1,1,A,B,A,small,-0.008929063125723072,0,0.9499686219805931,1,1,0.1731669239574622,0.1731669239574622,0.549968621980593,0.9550528182956496,0.24522602416349415,0.24522602416349415,0.12261301208174707,0.12261301208174707
1,3,4,2,2,B,A,B,large,0.32924014675652835,1,0.4,1,0,0,0.403605340410737,0.16799800734036566,0.16799800734036566,0.3492061679610355,0.3492061679610355,0.3492061679610355,0.3492061679610355
1,3,4,3,3,A,B,C,small,0.6629584582835796,0.0068464243357597284,0.9499999999999998,0.9587493025192041,1,0.5392882044950602,0.5392882044950602,0.9173466442984596,0.9550811584492837,0.056801180374517715,0.056801180374517715,0.03182380235513872,0.03182380235513872
1,3,4,4,4,B,A,D,large,0.9885777228142938,0.644204208879917,0.5859022312457529,0,1,0.5859022312457529,0.6129076156977804,0,0,0.7167271417417759,0.7167271417417759,0.6804656753108465,0.6804656753108465
1,3,5,1,1,B,A,A,small,0.0046963296170297614,0.1509182198114004,0.25705307393437204,0.2097153749422746,0,0.1731669239574622,0.2599281492543086,0.9550528182956496,0.9550528182956496,0.12261301208174707,0.12261301208174707,0.12261301208174707,0.12261301208174707
1,3,5,2,2,B,A,B,large,0.3364688086241613,0,0.003605340410736956,-1,0,0.403605340410737,0.0036596287484168696,0.16799800734036566,0.16799800734036566,0.3492061679610355,0.3492061679610355,0.3492061679610355,0.3492061679610355
1,3,5,3,3,A,B,C,small,0.6723595511443714,0,0.9499999999999998,1,1,0.5392882044950602,0.5392882044950602,0.9550811584492837,0.9550811584492837,0.03182380235513872,0.03182380235513872,0.01591190117756936,0.01591190117756936
1,3,5,4,4,A,B,D,large,1.0027009044679596,0.5805979191062585,0,0,0,0.6129076156977804,0.6129076156977804,0,0,0.6804656753108465,0.6804656753108465,0.6804656753108465,0.6804656753108465
1,3,6,1,3,B,A,C,small,0.67346895022177,0,0.9392882044950603,1,1,0.5392882044950602,0.9453953602993542,0.9550811584492837,0.9550811584492837,0.01591190117756936,0.01591190117756936,0.00795595058878468,0.00795595058878468
1,3,6,2,4,A,B,D,large,1.0193381810385653,0.6760772480075063,0,0,0,0.6129076156977804,0.6129076156977804,0,0,0.6804656753108465,0.6804656753108465,0.6804656753108465,0.6804656753108465
1,3,6,3,1,A,B,A,small,1.7607686195259169e-4,0,0.9499999999999998,1,1,0.2599281492543086,0.2599281492543086,0.9550528182956496,0.9550811584492837,0.12261301208174707,0.12261301208174707,0.06130650604087354,0.06130650604087354
1,3,6,4,2,B,A,B,large,0.33666294285491766,0,0,-1,0,0.0036596287484168696,0,0.16799800734036566,0.16799800734036566,0.3492061679610355,0.3492061679610355,0.3492061679610355,0.3492061679610355
1,3,7,1,3,A,B,C,small,0.643568768186705,0.09245242462872894,0.9499999999999998,0.48793783132475016,1,0.9453953602993542,0.9453953602993542,0.9550811584492837,0.9550811584492837,0.00795595058878468,0.00795595058878468,0.050204187608756806,0.050204187608756806
1,3,7,2,2,B,A,B,large,0.33962092874666483,0,0,-1,0,0,0,0.16799800734036566,0.16799800734036566,0.3492061679610355,0.3492061679610355,0.3492061679610355,0.3492061679610355
1,3,7,3,4,B,A,D,large,0.9964978838446522,1,0.9499999999999998,1,1,0.6129076156977804,0.9550811584492837,0,0,0.6804656753108465,0.6804656753108465,0.8402328376554232,0.8402328376554232
1,3,7,4,1,A,B,A,small,0.010339692419756264,0.09214143461727951,0.9499999999999998,0.48950644431654644,1,0.2599281492543086,0.2599281492543086,0.9550811584492837,0.9550811584492837,0.06130650604087354,0.06130650604087354,0.07672397032907652,0.07672397032907652
1,3,8,1,3,A,B,C,small,0.6575836736833802,0.08593945246966936,0.9499999999999998,0.5209934385156009,1,0.9453953602993542,0.9453953602993542,0.9550811584492837,0.9550811584492837,0.050204187608756806,0.050204187608756806,0.06807182003921308,0.06807182003921308
1,3,8,2,4,A,B,D,large,1.0098621349817956,1,0.4,1,0,0.9550811584492837,0.9550811584492837,0,0.403605340410737,0.8402328376554232,0.8402328376554232,0.8402328376554232,0.8402328376554232
1,3,8,3,1,B,A,A,small,0.0077843010294112785,0.14726563876774418,0.35039237192132305,0.22616055666753607,1,0.2599281492543086,0.37640980845901034,0.9550811584492837,0.9550811584492837,0.07672397032907652,0.07672397032907652,0.11199480454841035,0.11199480454841035
1,3,8,4,2,B,A,B,large,0.32803391606741716,0.5514989738260229,0,0,0,0,0,0.16799800734036566,0.16799800734036566,0.3492061679610355,0.3492061679610355,0.3492061679610355,0.3492061679610355
1,3,9,1,3,B,A,C,small,0.6640280739766397,0.0590461887867887,0.9499999999999998,0.6621388779051051,1,0.9453953602993542,0.9550811584492837,0.9550811584492837,0.9550811584492837,0.06807182003921308,0.06807182003921308,0.06355900441300089,0.06355900441300089
1,3,9,2,1,B,A,A,small,-0.0034175920888959823,0.17806491781662412,0.41288352599710704,0.09118429384524171,0,0.37640980845901034,0.41652437620126365,0.9550811584492837,0.9550811584492837,0.11199480454841035,0.11199480454841035,0.11199480454841035,0.11199480454841035
1,3,9,3,4,A,B,D,large,0.9974849347150195,0.8466438075996957,0.4831275179748706,0.19880544391033417,0,0.9550811584492837,0.9550811584492837,0.403605340410737,0.4868741257350745,0.8402328376554232,0.8402328376554232,0.8402328376554232,0.8402328376554232
1,3,9,4,2,A,B,B,large,0.33501375111147436,0,0,-1,0,0,0,0.16799800734036566,0,0.3492061679610355,0.3492061679610355,0.3492061679610355,0.3492061679610355
1,3,10,1,4,B,A,D,large,0.9953066255175627,0.8650216824484361,0.9499999999999998,0.28237250027676025,1,0.9550811584492837,0.9550811584492837,0.4868741257350745,0.4868741257350745,0.8402328376554232,0.8402328376554232,0.8526272600519297,0.8526272600519297
1,3,10,2,2,A,B,B,large,0.32816157686351577,0.367708907785548,0,0,0,0,0,0,0,0.3492061679610355,0.3492061679610355,0.3492061679610355,0.3492061679610355
1,3,10,3,1,B,A,A,small,0.0017950308649721837,0.09886792199323803,0.598842457176274,0.4557952024375259,0,0.41652437620126365,0.6024405076407369,0.9550811584492837,0.9550811584492837,0.11199480454841035,0.11199480454841035,0.11199480454841035,0.11199480454841035
1,3,10,4,3,A,B,C,small,0.6636707188717743,0.14025777045014112,0.9499999999999998,0.25805074705437686,1,0.9550811584492837,0.9550811584492837,0.9550811584492837,0.9550811584492837,0.06355900441300089,0.06355900441300089,0.101908387431571,0.101908387431571
1,4,1,1,3,B,A,C,small,0.6572855414056619,0.554973502234576,0.39285323261371824,0,0,0.39285323261371824,0.3964367183608993,0.1996408861139196,0.1996408861139196,0.101908387431571,0.101908387431571,0.101908387431571,0.101908387431571
1,4,1,2,2,A,B,B,large,0.3309411246602831,0,0,-1,0,0.13130716211809598,0.13130716211809598,0.17352195427952236,0,0.3492061679610355,0.3492061679610355,0.3492061679610355,0.3492061679610355
1,4,1,3,4,A,B,D,large,0.9857295950344029,1,0.556438374139586,1,0,0.2644486788740419,0.2644486788740419,0.1564383741395859,0.5601373939321471,0.8526272600519297,0.8526272600519297,0.8526272600519297,0.8526272600519297
1,4,1,4,1,B,A,A,small,4.945189892642508e-4,0,0.5001931115649421,1,1,0.10019311156494203,0.5282878720652089,0.2032146924687351,0.2032146924687351,0.11199480454841035,0.11199480454841035,0.055997402274205174,0.055997402274205174
1,4,2,1,4,B,A,D,large,0.991843221657065,0.8446809521587026,0.3404727736175865,0.19006023685886156,0,0.2644486788740419,0.3438490554062198,0.5601373939321471,0.5601373939321471,0.8526272600519297,0.8526272600519297,0.8526272600519297,0.8526272600519297
1,4,2,2,2,A,B,B,large,0.337599412131753,0.5124888878651621,0,0,0,0.13130716211809598,0.13130716211809598,0,0,0.3492061679610355,0.3492061679610355,0.3492061679610355,0.3492061679610355
1,4,2,3,1,B,A,A,small,0.006857642136539146,0,0.9282878720652088,1,1,0.5282878720652089,0.9354255060438512,0.2032146924687351,0.2032146924687351,0.055997402274205174,0.055997402274205174,0.027998701137102587,0.027998701137102587
1,4,2,4,3,A,B,C,small,0.65412465744122,0,0.5996408861139196,1,1,0.3964367183608993,0.3964367183608993,0.1996408861139196,0.626321735996651,0.101908387431571,0.101908387431571,0.0509541937157855,0.0509541937157855
1,4,3,1,2,A,B,B,large,0.33345221669503133,0.2738703971978293,0,0,0,0.13130716211809598,0.13130716211809598,0,0,0.3492061679610355,0.3492061679610355,0.3492061679610355,0.3492061679610355
1,4,3,2,1,B,A,A,small,-0.00997017692077283,0.4410655336748697,0.9354255060438512,0,1,0.9354255060438512,0.941897185025733,0.2032146924687351,0.2032146924687351,0.027998701137102587,0.027998701137102587,0.23453211740598615,0.23453211740598615
1,4,3,3,4,B,A,D,large,0.9968362504562296,1,0.7438490554062198,1,1,0.3438490554062198,0.7646908105389174,0.5601373939321471,0.5601373939321471,0.8526272600519297,0.8526272600519297,0.9263136300259649,0.9263136300259649
1,4,3,4,3,A,B,C,small,0.6765282206576358,0.10478014126290172,0.796936545512574,0.4265370237898075,1,0.3964367183608993,0.3964367183608993,0.626321735996651,0.8145358054619665,0.0509541937157855,0.0509541937157855,0.07786716748934361,0.07786716748934361
1,4,4,1,3,A,B,C,small,0.6729689554858428,0,0.9499999999999998,1,1,0.3964367183608993,0.3964367183608993,0.8145358054619665,0.9550811584492837,0.07786716748934361,0.07786716748934361,0.038933583744671804,0.038933583744671804
1,4,4,2,1,B,A,A,small,0.015967313710069618,0.4662290595642669,0.941897185025733,0,1,0.941897185025733,0.9477564939837656,0.2032146924687351,0.2032146924687351,0.23453211740598615,0.23453211740598615,0.35038058848512654,0.35038058848512654
1,4,4,3,4,B,A,D,large,0.9979192141124539,0.9182732019779642,0.9499999999999998,0.5426045970158049,1,0.7646908105389174,0.9550811584492837,0.5601373939321471,0.5601373939321471,0.9263136300259649,0.9263136300259649,0.9222934160019646,0.9222934160019646
1,4,4,4,2,A,B,B,large,0.33029922796588956,0.182851849650139,0,-0.07094235091903174,0,0.13130716211809598,0.13130716211809598,0,0,0.3492061679610355,0.3492061679610355,0.3492061679610355,0.3492061679610355
1,4,5,1,4,B,A,D,large,0.9744336968747536,0.9580402599745236,0.9499999999999998,0.7558398458917068,1,0.9550811584492837,0.9550811584492837,0.5601373939321471,0.5601373939321471,0.9222934160019646,0.9222934160019646,0.9401668379882441,0.9401668379882441
1,4,5,2,2,B,A,B,large,0.3373284184398079,0.694212875242236,0.131307162118096,0,0,0.13130716211809598,0.13302762858384562,0,0,0.3492061679610355,0.3492061679610355,0.3492061679610355,0.3492061679610355
1,4,5,3,3,A,B,C,small,0.6640227259741958,0,0.9499999999999998,1,1,0.3964367183608993,0.3964367183608993,0.9550811584492837,0.9550811584492837,0.038933583744671804,0.038933583744671804,0.019466791872335902,0.019466791872335902
1,4,5,4,1,A,B,A,small,0.0027785160303746164,0.3889623430742941,0.20321469246873514,0,1,0.9477564939837656,0.9477564939837656,0.2032146924687351,0.222039190712499,0.35038058848512654,0.35038058848512654,0.36967146577971033,0.36967146577971033
1,4,6,1,2,B,A,B,large,0.3539821361869405,0,0,-1,0,0.13302762858384562,0,0,0,0.3492061679610355,0.3492061679610355,0.3492061679610355,0.3492061679610355
1,4,6,2,1,A,B,A,small,0.012730780526294876,0.3841405344019533,0.222039190712499,0,1,0.9477564939837656,0.9477564939837656,0.222039190712499,0.24207767735503338,0.36967146577971033,0.36967146577971033,0.3769060000908318,0.3769060000908318
1,4,6,3,3,A,B,C,small,0.661044735109165,0,0.9499999999999998,1,1,0.3964367183608993,0.3964367183608993,0.9550811584492837,0.9550811584492837,0.019466791872335902,0.019466791872335902,0.009733395936167951,0.009733395936167951
1,4,6,4,4,B,A,D,large,0.9906927896492483,1,0.9499999999999998,1,1,0.9550811584492837,0.9550811584492837,0.5601373939321471,0.5601373939321471,0.9401668379882441,0.9401668379882441,0.9700834189941221,0.9700834189941221
1,4,7,1,4,B,A,D,large,1.0055627979135848,0.6931551782267487,0.9499999999999998,0,1,0.9550811584492837,0.9550811584492837,0.5601373939321471,0.5601373939321471,0.9700834189941221,0.9700834189941221,0.8316192986104354,0.8316192986104354
1,4,7,2,1,A,B,A,small,-0.012577896037702053,0.4098645826312211,0.24207767735503338,0,0,0.9477564939837656,0.9477564939837656,0.24207767735503338,0.24484045541738225,0.3769060000908318,0.3769060000908318,0.3769060000908318,0.3769060000908318
1,4,7,3,3,B,A,C,small,0.6715660190432539,0.0049753418259435595,0.7844234439284705,0.9699668139189284,1,0.3964367183608993,0.8028388962706,0.9550811584492837,0.9550811584492837,0.009733395936167951,0.009733395936167951,0.007354368881055755,0.007354368881055755
1,4,7,4,2,A,B,B,large,0.34045346402078847,0.0678250454398321,0,-0.6152271409041039,0,0,0,0,0,0.3492061679610355,0.3492061679610355,0.3492061679610355,0.3492061679610355
1,4,8,1,3,B,A,C,small,0.6761053803850136,0,0.9499999999999998,1,1,0.8028388962706,0.9550811584492837,0.9550811584492837,0.9550811584492837,0.007354368881055755,0.007354368881055755,0.0036771844405278776,0.0036771844405278776
1,4,8,2,1,A,B,A,small,-0.010236431546346824,0.521195468880711,0.24484045541738225,0,0,0.9477564939837656,0.9477564939837656,0.24484045541738225,0.24762446281044312,0.3769060000908318,0.3769060000908318,0.3769060000908318,0.3769060000908318
1,4,8,3,2,A,B,B,large,0.35352273129829215,0,0,-1,0,0,0,0,0,0.3492061679610355,0.3492061679610355,0.3492061679610355,0.3492061679610355
1,4,8,4,4,B,A,D,large,1.0062541359140882,0.710412808952658,0.9499999999999998,0,1,0.9550811584492837,0.9550811584492837,0.5601373939321471,0.5601373939321471,0.8316192986104354,0.8316192986104354,0.7710160537815467,0.7710160537815467
1,4,9,1,1,B,A,A,small,0.004647577179681094,0.3237864731304337,0.9477564939837656,0,1,0.9477564939837656,0.9530543780606846,0.24762446281044312,0.24762446281044312,0.3769060000908318,0.3769060000908318,0.35034623661063274,0.35034623661063274
1,4,9,2,2,B,A,B,large,0.3471504863588007,0.6050843835304632,0,0,0,0,0,0,0,0.3492061679610355,0.3492061679610355,0.3492061679610355,0.3492061679610355
1,4,9,3,4,A,B,D,large,1.0014986315237036,0.8474020830351946,0.6410146058113256,0.20219302969794611,1,0.9550811584492837,0.9550811584492837,0.5601373939321471,0.6664718291295675,0.7710160537815467,0.7710160537815467,0.8092090684083706,0.8092090684083706
1,4,9,4,3,A,B,C,small,0.6728474850512258,0.13219189997030997,0.9499999999999998,0.29531307805147566,0,0.9550811584492837,0.9550811584492837,0.9550811584492837,0.9507077096900849,0.0036771844405278776,0.0036771844405278776,0.0036771844405278776,0.0036771844405278776
1,4,10,1,1,B,A,A,small,-0.011443631178195366,0.7890849421158991,0.9499999999999998,0,1,0.9530543780606846,0.9550811584492837,0.24762446281044312,0.24762446281044312,0.35034623661063274,0.35034623661063274,0.5697155893632659,0.5697155893632659
1,4,10,2,3,A,B,C,small,0.6738112843879923,0.030700202919241425,0.9499999999999998,0.8193599725507902,1,0.9550811584492837,0.9550811584492837,0.9507077096900849,0.9550811584492837,0.0036771844405278776,0.0036771844405278776,0.01718869367988465,0.01718869367988465
1,4,10,3,2,A,B,B,large,0.34819829104052147,0.7519517319250991,0,0,0,0,0,0,0,0.3492061679610355,0.3492061679610355,0.3492061679610355,0.3492061679610355
1,4,10,4,4,B,A,D,large,0.9883614966100531,0.6211544696518498,0.9499999999999998,0,1,0.9550811584492837,0.9550811584492837,0.6664718291295675,0.6664718291295675,0.8092090684083706,0.8092090684083706,0.7151817690301102,0.7151817690301102
1,5,1,1,4,A,B,D,large,0.993680942565748,0.5374040702685252,0.6134294790363215,0,1,0.2658163988900059,0.2658163988900059,0.6134294790363214,0.6397434908013995,0.7151817690301102,0.7151817690301102,0.6262929196493177,0.6262929196493177
1,5,1,2,2,B,A,B,large,0.31990706306129907,0,0,-1,0,0.15515534350909277,0,0.3555713448148373,0.3555713448148373,0.3492061679610355,0.3492061679610355,0.3492061679610355,0.3492061679610355
1,5,1,3,1,B,A,A,small,-0.0024220119352812604,1,0.02724152679029834,-1,1,0.42724152679029836,0.030386671315028087,0.26455701533840736,0.26455701533840736,0.5697155893632659,0.5697155893632659,0.784857794681633,0.784857794681633
1,5,1,4,3,A,B,C,small,0.6780165587228116,0,0.5239028159036117,1,0,0.2822710537234144,0.2822710537234144,0.12390281590361149,0.527642834654706,0.01718869367988465,0.01718869367988465,0.01718869367988465,0.01718869367988465
1,5,2,1,2,A,B,B,large,0.3390555339512347,0.005730293038620774,0,-0.9654356790933937,0,0,0,0.3555713448148373,0,0.3492061679610355,0.3492061679610355,0.3492061679610355,0.3492061679610355
1,5,2,2,3,A,B,C,small,0.6701584104826688,0,0.9276428346547059,1,1,0.2822710537234144,0.2822710537234144,0.527642834654706,0.9348401637924452,0.01718869367988465,0.01718869367988465,0.008594346839942325,0.008594346839942325
1,5,2,3,1,B,A,A,small,-0.004387831429404077,0.6791994559154358,0.030386671315028087,0,0,0.030386671315028087,0.03083174800185916,0.26455701533840736,0.26455701533840736,0.784857794681633,0.784857794681633,0.784857794681633,0.784857794681633
1,5,2,4,4,B,A,D,large,0.9859532899814449,0.5985404722251114,0.2658163988900059,0,0,0.2658163988900059,0.26875403361229894,0.6397434908013995,0.6397434908013995,0.6262929196493177,0.6262929196493177,0.6262929196493177,0.6262929196493177
1,5,3,1,4,B,A,D,large,1.0076114896322157,0.499434648030627,0.26875403361229894,0,0,0.26875403361229894,0.27171211837139053,0.6397434908013995,0.6397434908013995,0.6262929196493177,0.6262929196493177,0.6262929196493177,0.6262929196493177
1,5,3,2,3,A,B,C,small,0.6611126271903839,0.32036675106507034,0.9348401637924452,0,1,0.2822710537234144,0.2822710537234144,0.9348401637924452,0.9413668289310715,0.008594346839942325,0.008594346839942325,0.16448054895250633,0.16448054895250633
1,5,3,3,2,B,A,B,large,0.3252798992724356,0,0,-1,0,0,0,0,0,0.3492061679610355,0.3492061679610355,0.3492061679610355,0.3492061679610355
1,5,3,4,1,A,B,A,small,-9.568057550294824e-5,0.9447964427038158,0,-0.6829334135527543,0,0.03083174800185916,0.03083174800185916,0.26455701533840736,0,0.784857794681633,0.784857794681633,0.784857794681633,0.784857794681633
1,5,4,1,1,B,A,A,small,0.001653705861513385,0.5993779999205238,0.03083174800185916,0,0,0.03083174800185916,0.03128313344395166,0,0,0.784857794681633,0.784857794681633,0.784857794681633,0.784857794681633
1,5,4,2,3,B,A,C,small,0.6525701248257829,0.22421041763781338,0.2822710537234143,0,0,0.2822710537234144,0.2853198653659045,0.9413668289310715,0.9413668289310715,0.16448054895250633,0.16448054895250633,0.16448054895250633,0.16448054895250633
1,5,4,3,2,A,B,B,large,0.3451854088631239,0.435456091229101,0,0,0,0,0,0,0,0.3492061679610355,0.3492061679610355,0.3492061679610355,0.3492061679610355
1,5,4,4,4,A,B,D,large,0.9891380166631459,0.9330211479304997,0.887628760661502,0.6197131746502562,1,0.27171211837139053,0.27171211837139053,0.6397434908013995,0.8983702121199246,0.6262929196493177,0.6262929196493177,0.7796570337899087,0.7796570337899087
1,5,5,1,4,B,A,D,large,1.0068875305451632,0.867943884115829,0.39009032882178823,0.29594552612599423,1,0.27171211837139053,0.417162510006998,0.8983702121199246,0.8983702121199246,0.7796570337899087,0.7796570337899087,0.8238004589528689,0.8238004589528689
1,5,5,2,2,B,A,B,large,0.3260329888477258,0.006764530364986084,0,-0.9592393952059237,0,0,0,0,0,0.3492061679610355,0.3492061679610355,0.3492061679610355,0.3492061679610355
1,5,5,3,1,A,B,A,small,-0.013595035713716744,1,0,-1,0,0.03128313344395166,0.03128313344395166,0,0,0.784857794681633,0.784857794681633,0.784857794681633,0.784857794681633
1,5,5,4,3,A,B,C,small,0.6584129482346032,0.19742316834364948,0.9455691118204311,0.01050570722339908,1,0.2853198653659045,0.2853198653659045,0.9413668289310715,0.951077362821615,0.16448054895250633,0.16448054895250633,0.1809518586480779,0.1809518586480779
1,5,6,1,1,A,B,A,small,0.021669212857044942,0.24645819011007492,0,0,0,0.03128313344395166,0.03128313344395166,0,0,0.784857794681633,0.784857794681633,0.784857794681633,0.784857794681633
1,5,6,2,2,B,A,B,large,0.34574971416560596,0.3689327710313326,0,0,0,0,0,0,0,0.3492061679610355,0.3492061679610355,0.3492061679610355,0.3492061679610355
1,5,6,3,4,A,B,D,large,0.9917325945933461,0.8111150278802307,0.916652323370533,0.04570527812652063,0,0.417162510006998,0.417162510006998,0.8983702121199246,0.9177911969235051,0.8238004589528689,0.8238004589528689,0.8238004589528689,0.8238004589528689
1,5,6,4,3,B,A,C,small,0.674985009644709,0.17030102899281835,0.3350916251591194,0.12442939948303738,1,0.2853198653659045,0.3606036151364775,0.951077362821615,0.951077362821615,0.1809518586480779,0.1809518586480779,0.17562644382044812,0.17562644382044812
1,5,7,1,2,B,A,B,large,0.3303891646016024,0,0,-1,0,0,0,0,0,0.3492061679610355,0.3492061679610355,0.3492061679610355,0.3492061679610355
1,5,7,2,1,B,A,A,small,-6.349399469060896e-4,0.6395943810745787,0.03128313344395166,0,0,0.03128313344395166,0.0317409108657261,0,0,0.784857794681633,0.784857794681633,0.784857794681633,0.784857794681633
1,5,7,3,3,A,B,C,small,0.6706413596976835,0.3808902002210614,0.9499999999999998,0,1,0.3606036151364775,0.3606036151364775,0.951077362821615,0.9550811584492837,0.17562644382044812,0.17562644382044812,0.27825832202075473,0.27825832202075473
1,5,7,4,4,A,B,D,large,1.0078322328047213,1,0.9499999999999998,1,1,0.417162510006998,0.417162510006998,0.9177911969235051,0.9550811584492837,0.8238004589528689,0.8238004589528689,0.9119002294764345,0.9119002294764345
1,5,8,1,1,B,A,A,small,0.006384519505722679,0.23368312884322912,0.0317409108657261,0,0,0.0317409108657261,0.0322051644067557,0,0,0.784857794681633,0.784857794681633,0.784857794681633,0.784857794681633
1,5,8,2,2,B,A,B,large,0.3281295339977284,0.16934692706495666,0,-0.12855061248174246,0,0,0,0,0,0.3492061679610355,0.3492061679610355,0.3492061679610355,0.3492061679610355
1,5,8,3,3,A,B,C,small,0.67520667040117055,0.4311944849122554,0.9499999999999998,0,1,0.3606036151364775,0.3606036151364775,0.9550811584492837,0.9550811584492837,0.27825832202075473,0.27825832202075473,0.3547264034665051,0.3547264034665051
1,5,8,4,4,A,B,D,large,1.0015211728393705,1,0.9499999999999998,1,1,0.417162510006998,0.417162510006998,0.9550811584492837,0.9550811584492837,0.9119002294764345,0.9119002294764345,0.9559501147382172,0.9559501147382172
1,5,9,1,3,B,A,C,small,0.6661037726161501,0.37407184644258545,0.3606036151364775,0,0,0.3606036151364775,0.36406932648743756,0.9550811584492837,0.9550811584492837,0.3547264034665051,0.3547264034665051,0.3547264034665051,0.3547264034665051
1,5,9,2,4,A,B,D,large,1.0073781298238818,1,0.9499999999999998,1,0,0.417162510006998,0.417162510006998,0.9550811584492837,0.9507077096900849,0.9559501147382172,0.9559501147382172,0.9559501147382172,0.9559501147382172
1,5,9,3,1,A,B,A,small,0.010142999622310413,0.2679489441062761,0,0,0,0.0322051644067557,0.0322051644067557,0,0,0.784857794681633,0.784857794681633,0.784857794681633,0.784857794681633
1,5,9,4,2,B,A,B,large,0.31842107675871945,0,0,-1,0,0,0,0,0,0.3492061679610355,0.3492061679610355,0.3492061679610355,0.3492061679610355
1,5,10,1,3,A,B,C,small,0.67240969313548,0.3373461511399341,0.9499999999999998,0,1,0.36406932648743756,0.36406932648743756,0.9550811584492837,0.9550811584492837,0.3547264034665051,0.3547264034665051,0.3460362773032196,0.3460362773032196
1,5,10,2,1,A,B,A,small,0.01019958267341522,0.9917878720978942,0,-0.9505880993946986,0,0.0322051644067557,0.0322051644067557,0,0,0.784857794681633,0.784857794681633,0.784857794681633,0.784857794681633
1,5,10,3,4,B,A,D,large,0.9988299952616059,0.9254995942410896,0.6492037577506649,0.5801031193591668,0,0.417162510006998,0.6526121392738805,0.9507077096900849,0.9507077096900849,0.9559501147382172,0.9559501147382172,0.9559501147382172,0.9559501147382172
1,5,10,4,2,B,A,B,large,0.33634810067613785,0.13118659061231663,0,-0.29999962992122475,0,0,0,0,0,0.3492061679610355,0.3492061679610355,0.3492061679610355,0.3492061679610355
1,6,1,1,2,A,B,B,large,0.3298577721065704,0.3259430192178815,0.18286351938483514,0,0,0.2941524955428333,0.2941524955428333,0.18286351938483514,0.18511555699847868,0.3492061679610355,0.3492061679610355,0.3492061679610355,0.3492061679610355
1,6,1,2,3,A,B,C,small,0.658043571610389,0.6428167154346033,0.3471350706440156,0,1,0.24344046258492813,0.24344046258492813,0.3471350706440156,0.3730495390008177,0.3460362773032196,0.3460362773032196,0.49442649636891145,0.49442649636891145
1,6,1,3,4,B,A,D,large,1.0034397073435772,0.8175181449726592,0.23815648262499367,0.07250000301972943,0,0.20915648141710189,0.24088873230965108,0.3616938897683677,0.3616938897683677,0.9559501147382172,0.9559501147382172,0.9559501147382172,0.9559501147382172
1,6,1,4,1,B,A,A,small,-0.02302412651736853,0.9808800637616971,0,-0.886198844362291,0,0.31497673609909327,0,0.2778925319366394,0.2778925319366394,0.784857794681633,0.784857794681633,0.784857794681633,0.784857794681633
1,6,2,1,2,A,B,B,large,0.32792529514331975,0.2823685380856949,0.18511555699847868,0,0,0.2941524955428333,0.2941524955428333,0.18511555699847868,0.18738896911712602,0.3492061679610355,0.3492061679610355,0.3492061679610355,0.3492061679610355
1,6,2,2,1,B,A,A,small,0.007143953337390742,0.31417310076926236,0,0,0,0,0,0.2778925319366394,0.2778925319366394,0.784857794681633,0.784857794681633,0.784857794681633,0.784857794681633
1,6,2,3,3,A,B,C,small,0.6721960938146421,0.6684760431189268,0.3730495390008177,0,1,0.24344046258492813,0.24344046258492813,0.3730495390008177,0.3997141468830131,0.49442649636891145,0.49442649636891145,0.5814512697439191,0.5814512697439191
1,6,2,4,4,B,A,D,large,1.0140598711319175,1,0.640888732309651,1,1,0.24088873230965108,0.6663502357369062,0.3616938897683677,0.3616938897683677,0.9559501147382172,0.9559501147382172,0.9779750573691086,0.9779750573691086
1,6,3,1,2,B,A,B,large,0.349770091587948,0.7816383337157281,0.2941524955428333,0,0,0.2941524955428333,0.2972764850234596,0.18738896911712602,0.18738896911712602,0.3492061679610355,0.3492061679610355,0.3492061679610355,0.3492061679610355
1,6,3,2,1,B,A,A,small,0.0012985435834411043,0.8080803325397059,0,-0.03312553232008458,0,0,0,0.2778925319366394,0.2778925319366394,0.784857794681633,0.784857794681633,0.784857794681633,0.784857794681633
1,6,3,3,4,A,B,D,large,0.9980177226628767,0.8909764264522435,0.523993699310429,0.4057495238551535,1,0.6663502357369062,0.6663502357369062,0.3616938897683677,0.5519489959597133,0.9779750573691086,0.9779750573691086,0.9344757419106761,0.9344757419106761
1,6,3,4,3,A,B,C,small,0.6757690886885469,0.41800866648600093,0.3997141468830131,0,1,0.24344046258492813,0.24344046258492813,0.3997141468830131,0.42698664069979514,0.5814512697439191,0.5814512697439191,0.49972996811496007,0.49972996811496007
1,6,4,1,4,B,A,D,large,1.000271137936418,1,0.9499999999999998,1,1,0.6663502357369062,0.9550811584492837,0.5519489959597133,0.5519489959597133,0.9344757419106761,0.9344757419106761,0.967237870955338,0.967237870955338
1,6,4,2,2,A,B,B,large,0.3365799389020304,0.4695680857764128,0.18738896911712605,0,1,0.2972764850234596,0.2972764850234596,0.18738896911712602,0.20512488052090996,0.3492061679610355,0.3492061679610355,0.40938712686872414,0.40938712686872414
1,6,4,3,1,B,A,A,small,0.02077531283688254,0.8404079966073383,0,-0.17114102590642347,0,0,0,0.2778925319366394,0.2778925319366394,0.784857794681633,0.784857794681633,0.784857794681633,0.784857794681633
1,6,4,4,3,A,B,C,small,0.6620653730960275,0.7031569634075325,0.42698664069979514,0,1,0.24344046258492813,0.24344046258492813,0.42698664069979514,0.4547103980426249,0.49972996811496007,0.49972996811496007,0.6014434657612463,0.6014434657612463
1,6,5,1,2,B,A,B,large,0.3384378966774152,0.812080218016424,0.31716541233123297,0.04972231826943345,0,0.2972764850234596,0.32042285756247946,0.20512488052090996,0.20512488052090996,0.40938712686872414,0.40938712686872414,0.40938712686872414,0.40938712686872414
1,6,5,2,4,A,B,D,large,1.0036900891046114,1,0.9499999999999998,1,1,0.9550811584492837,0.9550811584492837,0.5519489959597133,0.9550811584492837,0.967237870955338,0.967237870955338,0.983618935477669,0.983618935477669
1,6,5,3,1,A,B,A,small,-0.006876033958008875,1,0,-1,0,0,0,0.2778925319366394,0,0.784857794681633,0.784857794681633,0.784857794681633,0.784857794681633
1,6,5,4,3,B,A,C,small,0.6786441063547274,0.8690808673125228,0.12294124130128019,-0.3012480532091198,0,0.24344046258492813,0.12456781087511042,0.4547103980426249,0.4547103980426249,0.6014434657612463,0.6014434657612463,0.6014434657612463,0.6014434657612463
1,6,6,1,4,B,A,D,large,0.9895962365531068,0.9673437418799735,0.9499999999999998,0.8082220683805192,1,0.9550811584492837,0.9550811584492837,0.9550811584492837,0.9550811584492837,0.983618935477669,0.983618935477669,0.9754813386788213,0.9754813386788213
1,6,6,2,1,A,B,A,small,-0.021675864040459285,0.5445945612918062,0,0,0,0,0,0,0,0.784857794681633,0.784857794681633,0.784857794681633,0.784857794681633
1,6,6,3,3,A,B,C,small,0.6683269140408892,0.5597392745672459,0.454710398042625,0,0,0.12456781087511042,0.12456781087511042,0.4547103980426249,0.4584320893492611,0.6014434657612463,0.6014434657612463,0.6014434657612463,0.6014434657612463
1,6,6,4,2,B,A,B,large,0.3344553644697742,1,0.7204228575624794,1,1,0.32042285756247946,0.7425108854914081,0.20512488052090996,0.20512488052090996,0.40938712686872414,0.40938712686872414,0.7046935634343621,0.7046935634343621
1,6,7,1,2,A,B,B,large,0.34054509595580534,0.5580864468568181,0.20512488052090996,0,1,0.7425108854914081,0.7425108854914081,0.20512488052090996,0.2240765640666231,0.7046935634343621,0.7046935634343621,0.6313900051455901,0.6313900051455901
1,6,7,2,3,A,B,C,small,0.6594034640347721,1,0.05843208934926108,-1,0,0.12456781087511042,0.12456781087511042,0.4584320893492611,0.05926284298917752,0.6014434657612463,0.6014434657612463,0.6014434657612463,0.6014434657612463
1,6,7,3,4,B,A,D,large,0.9927172207529501,0.9806610385709474,0.9499999999999998,0.884920261030524,1,0.9550811584492837,0.9550811584492837,0.9550811584492837,0.9550811584492837,0.9754813386788213,0.9754813386788213,0.9780711886248843,0.9780711886248843
1,6,7,4,1,B,A,A,small,-0.008878357872311825,0.7883581865375512,0,0,0,0,0,0,0,0.784857794681633,0.784857794681633,0.784857794681633,0.784857794681633
1,6,8,1,4,B,A,D,large,1.0124628468441883,0.9366734242514664,0.9499999999999998,0.6391627946056017,1,0.9550811584492837,0.9550811584492837,0.9550811584492837,0.9550811584492837,0.9780711886248843,0.9780711886248843,0.9573723064381754,0.9573723064381754
1,6,8,2,3,A,B,C,small,0.6536704515407085,0.15899929707197186,0.1287651158397186,0.17375568212635276,0,0.12456781087511042,0.12456781087511042,0.05926284298917752,0.13045727686156985,0.6014434657612463,0.6014434657612463,0.6014434657612463,0.6014434657612463
1,6,8,3,2,A,B,B,large,0.3237343996490839,0.6739783130985472,0.2240765640666231,0,0,0.7425108854914081,0.7425108854914081,0.2240765640666231,0.2266953475833456,0.6313900051455901,0.6313900051455901,0.6313900051455901,0.6313900051455901
1,6,8,4,1,B,A,A,small,-0.00113053475792057,0.4146504979100948,0,0,0,0,0,0,0,0.784857794681633,0.784857794681633,0.784857794681633,0.784857794681633
1,6,9,1,3,B,A,C,small,0.6589081913773575,0.8359687457740819,0.06390540699082037,-0.15165600971072507,0,0.12456781087511042,0.06480862094567524,0.13045727686156985,0.13045727686156985,0.6014434657612463,0.6014434657612463,0.6014434657612463,0.6014434657612463
1,6,9,2,4,B,A,D,large,0.9965489430748242,0.8779517542921063,0.9499999999999998,0.34303569471990675,1,0.9550811584492837,0.9550811584492837,0.9550811584492837,0.9550811584492837,0.9573723064381754,0.9573723064381754,0.9176620303651408,0.9176620303651408
1,6,9,3,2,A,B,B,large,0.34550638070198814,0.3191406548579746,0.2266953475833456,0,1,0.7425108854914081,0.7425108854914081,0.2266953475833456,0.24702061548814994,0.6313900051455901,0.6313900051455901,0.47526533000178234,0.47526533000178234
1,6,9,4,1,A,B,A,small,0.018756004564418647,0.9937688534948779,0,-0.9624333840468663,0,0,0,0,0,0.784857794681633,0.784857794681633,0.784857794681633,0.784857794681633
1,6,10,1,4,B,A,D,large,0.9825617568218631,1,0.9499999999999998,1,1,0.9550811584492837,0.9550811584492837,0.9550811584492837,0.9550811584492837,0.9176620303651408,0.9176620303651408,0.9588310151825704,0.9588310151825704
1,6,10,2,1,B,A,A,small,0.008062681476166055,0.8208971754807758,0,-0.0867789494101889,0,0,0,0,0,0.784857794681633,0.784857794681633,0.784857794681633,0.784857794681633
1,6,10,3,3,A,B,C,small,0.6575287378905325,0.9783650362156758,0,-0.8715507533222688,0,0.06480862094567524,0.06480862094567524,0.13045727686156985,0,0.6014434657612463,0.6014434657612463,0.6014434657612463,0.6014434657612463
1,6,10,4,2,A,B,B,large,0.3288353105250265,0.2734139572374308,0.24702061548814994,0,0,0.7425108854914081,0.7425108854914081,0.24702061548814994,0.24982121183946365,0.47526533000178234,0.47526533000178234,0.47526533000178234,0.47526533000178234
1,7,1,1,1,B,A,A,small,0.013459721453112425,0.30521779021273604,0.2161381767866569,0,1,0.2161381767866569,0.23580553186383799,0.19824836901066512,0.19824836901066512,0.784857794681633,0.784857794681633,0.5450377924471845,0.5450377924471845
1,7,1,2,4,A,B,D,large,1.0085516681497766,1,0.4752235320221284,1,0,0.14041028115922552,0.14041028115922552,0.07522353202212838,0.47896564450225115,0.9588310151825704,0.9588310151825704,0.9588310151825704,0.9588310151825704
1,7,1,3,2,B,A,B,large,0.32752724961315005,0.45828363257599136,0.13206090992571085,0,0,0.13206090992571085,0.13378973141544653,0.21497777690389103,0.21497777690389103,0.47526533000178234,0.47526533000178234,0.47526533000178234,0.47526533000178234
1,7,1,4,3,A,B,C,small,0.6521980114842028,0.23274876677537812,0.20653409625950028,0,0,0.12101915887321513,0.12101915887321513,0.20653409625950028,0.20900308487589844,0.6014434657612463,0.6014434657612463,0.6014434657612463,0.6014434657612463
1,7,2,1,1,B,A,A,small,-0.02220905002678679,0.8636293625070196,0.12543220801807478,-0.27593330961440793,0,0.23580553186383799,0.1270869587748197,0.19824836901066512,0.19824836901066512,0.5450377924471845,0.5450377924471845,0.5450377924471845,0.5450377924471845
1,7,2,2,4,A,B,D,large,1.0004480874461885,0.41929636484913685,0.4789656445022512,0,1,0.14041028115922552,0.14041028115922552,0.47896564450225115,0.5070777498078692,0.9588310151825704,0.9588310151825704,0.6890636900158537,0.6890636900158537
1,7,2,3,2,A,B,B,large,0.3398022840304995,0.49729112148201476,0.21497777690389103,0,0,0.13378973141544653,0.13378973141544653,0.21497777690389103,0.2175200332150666,0.47526533000178234,0.47526533000178234,0.47526533000178234,0.47526533000178234
1,7,2,4,3,B,A,C,small,0.6724953762484345,0.7432608134823223,0.12101915887321514,0,0,0.12101915887321513,0.12262385384593745,0.20900308487589844,0.20900308487589844,0.6014434657612463,0.6014434657612463,0.6014434657612463,0.6014434657612463
1,7,3,1,2,B,A,B,large,0.32550343853441066,0.9770033246052734,0.4792499427840212,0.863650528421437,0,0.13378973141544653,0.48299457962065595,0.2175200332150666,0.2175200332150666,0.47526533000178234,0.47526533000178234,0.47526533000178234,0.47526533000178234
1,7,3,2,1,A,B,A,small,0.004768006047029371,1,0,-1,0,0.1270869587748197,0.1270869587748197,0.19824836901066512,0,0.5450377924471845,0.5450377924471845,0.5450377924471845,0.5450377924471845
1,7,3,3,4,B,A,D,large,0.9988050526747122,0.2605610532939538,0.14041028115922552,0,0,0.14041028115922552,0.14223049348651756,0.5070777498078692,0.5070777498078692,0.6890636900158537,0.6890636900158537,0.6890636900158537,0.6890636900158537
1,7,3,4,3,A,B,C,small,0.6815590620068814,0.5296164432934756,0.20900308487589844,0,0,0.12262385384593745,0.12262385384593745,0.20900308487589844,0.21149372162160385,0.6014434657612463,0.6014434657612463,0.6014434657612463,0.6014434657612463
1,7,4,1,4,A,B,D,large,1.0022725478891683,0.597253457515051,0.5070777498078692,0,1,0.14223049348651756,0.14223049348651756,0.5070777498078692,0.5351451694629713,0.6890636900158537,0.6890636900158537,0.6431585737654524,0.6431585737654524
1,7,4,2,2,B,A,B,large,0.33939075518032125,0.4246547487695251,0.48299457962065595,0,1,0.48299457962065595,0.5111111885616151,0.2175200332150666,0.2175200332150666,0.47526533000178234,0.47526533000178234,0.4499600393856537,0.4499600393856537
1,7,4,3,3,B,A,C,small,0.6629075298227188,0.6044055434975389,0.12262385384593745,0,0,0.12262385384593745,0.12424681910578811,0.21149372162160385,0.21149372162160385,0.6014434657612463,0.6014434657612463,0.6014434657612463,0.6014434657612463
1,7,4,4,1,A,B,A,small,-0.01574062090417315,0.7743259436725399,0,0,0,0.1270869587748197,0.1270869587748197,0,0,0.5450377924471845,0.5450377924471845,0.5450377924471845,0.5450377924471845
1,7,5,1,2,A,B,B,large,0.34773765619734925,0.4295435219023818,0.2175200332150666,0,0,0.5111111885616151,0.5111111885616151,0.2175200332150666,0.22008392488827605,0.4499600393856537,0.4499600393856537,0.4499600393856537,0.4499600393856537
1,7,5,2,3,B,A,C,small,0.650479406828369,0,0.5242468191057881,1,0,0.12424681910578811,0.5279865702061401,0.21149372162160385,0.21149372162160385,0.6014434657612463,0.6014434657612463,0.6014434657612463,0.6014434657612463
1,7,5,3,1,A,B,A,small,0.0035938989090081586,0.4797461453006182,0,0,0,0.1270869587748197,0.1270869587748197,0,0,0.5450377924471845,0.5450377924471845,0.5450377924471845,0.5450377924471845
1,7,5,4,4,B,A,D,large,0.9946639179298492,0.6050098289706378,0.14223049348651756,0,0,0.14223049348651756,0.1440703473466374,0.5351451694629713,0.5351451694629713,0.6431585737654524,0.6431585737654524,0.6431585737654524,0.6431585737654524
1,7,6,1,1,B,A,A,small,0.0011196818920191118,0.08449852016732792,0.3384329684101627,0.5283650240883575,0,0.1270869587748197,0.3417995055234993,0,0,0.5450377924471845,0.5450377924471845,0.5450377924471845,0.5450377924471845
1,7,6,2,3,A,B,C,small,0.6344823733821084,0.8485478688550464,0.128565093800459,-0.2073215695528621,0,0.5279865702061401,0.5279865702061401,0.21149372162160385,0.1302550192307292,0.6014434657612463,0.6014434657612463,0.6014434657612463,0.6014434657612463
1,7,6,3,2,A,B,B,large,0.32060326176060555,0.3581525773456371,0.22008392488827605,0,0,0.5111111885616151,0.5111111885616151,0.22008392488827605,0.22266943717026516,0.4499600393856537,0.4499600393856537,0.4499600393856537,0.4499600393856537
1,7,6,4,4,B,A,D,large,0.9995329656802648,1,0.5440703473466374,1,1,0.1440703473466374,0.571810068628743,0.5351451694629713,0.5351451694629713,0.6431585737654524,0.6431585737654524,0.8215792868827262,0.8215792868827262
1,7,7,1,4,B,A,D,large,0.9725562659336603,0.9212462504389086,0.7949966579966165,0.5579664734196838,1,0.571810068628743,0.8127245365862266,0.5351451694629713,0.5351451694629713,0.8215792868827262,0.8215792868827262,0.8714127686608174,0.8714127686608174
1,7,7,2,1,A,B,A,small,0.0100232129252005,0.20819712520018507,0,0,0,0.3417995055234993,0.3417995055234993,0,0,0.5450377924471845,0.5450377924471845,0.5450377924471845,0.5450377924471845
1,7,7,3,2,A,B,B,large,0.3326606093919096,0.315988231153908,0.22266943717026516,0,0,0.5111111885616151,0.5111111885616151,0.22266943717026516,0.22527655015254927,0.4499600393856537,0.4499600393856537,0.4499600393856537,0.4499600393856537
1,7,7,4,3,B,A,C,small,0.6636661143440626,0.6676696055752697,0.5279865702061401,0,0,0.5279865702061401,0.5317231827986785,0.1302550192307292,0.1302550192307292,0.6014434657612463,0.6014434657612463,0.6014434657612463,0.6014434657612463
1,7,8,1,4,A,B,D,large,0.9893070320685279,0.7073311373916825,0.5351451694629713,0,1,0.8127245365862266,0.8127245365862266,0.5351451694629713,0.5629917474590785,0.8714127686608174,0.8714127686608174,0.78937195302625,0.78937195302625
1,7,8,2,1,B,A,A,small,0.009114395108850926,0.12228421208068943,0.47856531141627917,0.34191451473194967,0,0.3417995055234993,0.48230955337379067,0,0,0.5450377924471845,0.5450377924471845,0.5450377924471845,0.5450377924471845
1,7,8,3,3,B,A,C,small,0.6689822694369459,0.04239971205731572,0.8330778575627484,0.7533866869101747,1,0.5317231827986785,0.8481416667468422,0.1302550192307292,0.1302550192307292,0.6014434657612463,0.6014434657612463,0.321921588909281,0.321921588909281
1,7,8,4,2,A,B,B,large,0.3287929823734579,0.6877840829613614,0.22527655015254927,0,0,0.5111111885616151,0.5111111885616151,0.22527655015254927,0.2279052386921453,0.4499600393856537,0.4499600393856537,0.4499600393856537,0.4499600393856537
1,7,9,1,4,A,B,D,large,1.0157645540802935,0.9100022333668406,0.7631299655460461,0.5003455452174187,1,0.8127245365862266,0.8127245365862266,0.5629917474590785,0.7828608780153454,0.78937195302625,0.78937195302625,0.8496870931965452,0.8496870931965452
1,7,9,2,2,B,A,B,large,0.33243441486813463,0.8908474285160317,0.6731593303842077,0.40512035455648154,1,0.5111111885616151,0.6974130653198359,0.2279052386921453,0.2279052386921453,0.4499600393856537,0.4499600393856537,0.6704037339508427,0.6704037339508427
1,7,9,3,3,A,B,C,small,0.6709444020149622,0.33240076622190395,0.1302550192307292,0,0,0.8481416667468422,0.8481416667468422,0.1302550192307292,0.13196379409318953,0.321921588909281,0.321921588909281,0.321921588909281,0.321921588909281
1,7,9,4,1,B,A,A,small,0.0066496767803613235,0.019064859376629665,0.8369177332379867,0.8865204496604898,1,0.48230955337379067,0.8516967030332261,0,0,0.5450377924471845,0.5450377924471845,0.2820513259119071,0.2820513259119071
1,7,10,1,2,B,A,B,large,0.33172805246181725,0.2523203260274823,0.6974130653198359,0,1,0.6974130653198359,0.720613991272939,0.2279052386921453,0.2279052386921453,0.6704037339508427,0.6704037339508427,0.46136202998916254,0.46136202998916254
1,7,10,2,1,A,B,A,small,-0.002241063375799646,0.2876061817413951,0,0,0,0.8516967030332261,0.8516967030332261,0,0,0.2820513259119071,0.2820513259119071,0.2820513259119071,0.2820513259119071
1,7,10,3,4,A,B,D,large,0.9950181766643637,0.8565539183358315,0.8802554801280368,0.2434865052817283,1,0.8127245365862266,0.8127245365862266,0.7828608780153454,0.891615675445733,0.8496870931965452,0.8496870931965452,0.8531205057661884,0.8531205057661884
1,7,10,4,3,B,A,C,small,0.6719518889228637,0.6064101366284507,0.8481416667468421,0,1,0.8481416667468422,0.8620711236192994,0.13196379409318953,0.13196379409318953,0.321921588909281,0.321921588909281,0.46416586276886584,0.46416586276886584
1,8,1,1,1,B,A,A,small,0.0025061529299415003,0.5491252108108027,0.4131514124337547,0,0,0.41315141243375475,0.41679294793100413,0.5110267653675784,0.5110267653675784,0.2820513259119071,0.2820513259119071,0.2820513259119071,0.2820513259119071
1,8,1,2,3,B,A,C,small,0.6640858066189337,0.6101134567838353,0.08933950921729616,0,0,0.08933950921729615,0.09056741942685716,0.14648136193962533,0.14648136193962533,0.46416586276886584,0.46416586276886584,0.46416586276886584,0.46416586276886584
1,8,1,3,4,A,B,D,large,1.002723001787456,0.7871062589649581,0.1005626494051094,0,0,0.15474497752172758,0.15474497752172758,0.10056264940510938,0.10192754873416637,0.8531205057661884,0.8531205057661884,0.8531205057661884,0.8531205057661884
1,8,1,4,2,A,B,B,large,0.32626704667698353,0.5440748350069532,0.1180049517692455,0,0,0.17725855099434498,0.17725855099434498,0.11800495176924554,0.11957511600010075,0.46136202998916254,0.46136202998916254,0.46136202998916254,0.46136202998916254
1,8,2,1,4,A,B,D,large,0.9940655238425505,1,0.5019275487341663,1,1,0.15474497752172758,0.15474497752172758,0.10192754873416637,0.5300164209610262,0.8531205057661884,0.8531205057661884,0.9265602528830942,0.9265602528830942
1,8,2,2,3,A,B,C,small,0.6592527344330583,0.5393441288943905,0.14648136193962533,0,1,0.09056741942685716,0.09056741942685716,0.14648136193962533,0.1611131148825187,0.46416586276886584,0.46416586276886584,0.5017549958316282,0.5017549958316282
1,8,2,3,2,B,A,B,large,0.32393519322988507,0.5803687823841968,0.17725855099434495,0,1,0.17725855099434498,0.1942648607249305,0.11957511600010075,0.11957511600010075,0.46136202998916254,0.46136202998916254,0.5208654061866796,0.5208654061866796
1,8,2,4,1,B,A,A,small,-0.0022704131116065293,0.19838023667221544,0.41943192040100724,0.006597431175007816,0,0.41679294793100413,0.4230889031422327,0.5110267653675784,0.5110267653675784,0.2820513259119071,0.2820513259119071,0.2820513259119071,0.2820513259119071
1,8,3,1,4,B,A,D,large,0.9947320597008927,0.7270681464544296,0.15474497752172756,0,0,0.15474497752172758,0.15671713856322025,0.5300164209610262,0.5300164209610262,0.9265602528830942,0.9265602528830942,0.9265602528830942,0.9265602528830942
1,8,3,2,3,B,A,C,small,0.6601258590890122,0.21855809626787784,0.09056741942685716,0,0,0.09056741942685716,0.09181050494423817,0.1611131148825187,0.1611131148825187,0.5017549958316282,0.5017549958316282,0.5017549958316282,0.5017549958316282
1,8,3,3,1,A,B,A,small,0.00562242034083804,0.46209401085956914,0.5110267653675784,0,1,0.4230889031422327,0.4230889031422327,0.5110267653675784,0.5390737194506608,0.2820513259119071,0.2820513259119071,0.37207266838573816,0.37207266838573816
1,8,3,4,2,A,B,B,large,0.3293614394888189,0.4210213099975383,0.11957511600010075,0,0,0.1942648607249305,0.1942648607249305,0.11957511600010075,0.12116330262188865,0.5208654061866796,0.5208654061866796,0.5208654061866796,0.5208654061866796
1,8,4,1,3,A,B,C,small,0.6681861079074033,1,0,-1,0,0.09181050494423817,0.09181050494423817,0.1611131148825187,0,0.5017549958316282,0.5017549958316282,0.5017549958316282,0.5017549958316282
1,8,4,2,4,B,A,D,large,1.003514089869254,1,0.5567171385632202,1,1,0.15671713856322025,0.5842753455451986,0.5300164209610262,0.5300164209610262,0.9265602528830942,0.9265602528830942,0.9632801264415471,0.9632801264415471
1,8,4,3,2,B,A,B,large,0.33134321428011665,0.7233486967608385,0.1942648607249305,0,1,0.1942648607249305,0.21248139106037303,0.12116330262188865,0.12116330262188865,0.5208654061866796,0.5208654061866796,0.622107051473759,0.622107051473759
1,8,4,4,1,A,B,A,small,0.00250738978559473,0.6998538161556349,0.5390737194506608,0,0,0.4230889031422327,0.4230889031422327,0.5390737194506608,0.5427985651231687,0.37207266838573816,0.37207266838573816,0.37207266838573816,0.37207266838573816
1,8,5,1,3,B,A,C,small,0.6648666404645069,1,0,-1,0,0.09181050494423817,0,0,0,0.5017549958316282,0.5017549958316282,0.5017549958316282,0.5017549958316282
1,8,5,2,2,A,B,B,large,0.3203396944377886,0.549260892102194,0.12116330262188865,0,0,0.21248139106037303,0.21248139106037303,0.12116330262188865,0.12276964195826964,0.622107051473759,0.622107051473759,0.622107051473759,0.622107051473759
1,8,5,3,4,B,A,D,large,0.9992942384280611,1,0.9499999999999998,1,0,0.5842753455451986,0.9507077096900849,0.5300164209610262,0.5300164209610262,0.9632801264415471,0.9632801264415471,0.9632801264415471,0.9632801264415471
1,8,5,4,1,A,B,A,small,0.006851341816216996,0.45956798874679633,0.5427985651231687,0,0,0.4230889031422327,0.4230889031422327,0.5427985651231687,0.5465186314120484,0.37207266838573816,0.37207266838573816,0.37207266838573816,0.37207266838573816
1,8,6,1,4,A,B,D,large,1.0072469854518626,0.9173728988155996,0.7452046927672198,0.5379706795154839,1,0.9507077096900849,0.9507077096900849,0.5300164209610262,0.7659708492867906,0.9632801264415471,0.9632801264415471,0.9403265126285734,0.9403265126285734
1,8,6,2,1,B,A,A,small,0.008148082607870151,0.15066228905674578,0.5074344046597437,0.21086375379377736,1,0.4230889031422327,0.5355001190903285,0.5465186314120484,0.5465186314120484,0.37207266838573816,0.37207266838573816,0.261367478721242,0.261367478721242
1,8,6,3,3,A,B,C,small,0.676718317496002,0,0.4,1,0,0,0,0,0.403605340410737,0.5017549958316282,0.5017549958316282,0.5017549958316282,0.5017549958316282
1,8,6,4,2,B,A,B,large,0.3195736974270482,0,0,-1,0,0.21248139106037303,0,0.12276964195826964,0.12276964195826964,0.622107051473759,0.622107051473759,0.622107051473759,0.622107051473759
1,8,7,1,2,A,B,B,large,0.3497646119140966,1,0.5227696419582697,1,0,0,0,0.12276964195826964,0.526510517292317,0.622107051473759,0.622107051473759,0.622107051473759,0.622107051473759
1,8,7,2,1,B,A,A,small,-0.0042065608680246485,0.6479017477366232,0.5355001190903285,0,0,0.5355001190903285,0.5392291595735316,0.5465186314120484,0.5465186314120484,0.261367478721242,0.261367478721242,0.261367478721242,0.261367478721242
1,8,7,3,3,B,A,C,small,0.6731763384846489,0.41779968098799475,0,0,0,0,0,0.403605340410737,0.403605340410737,0.5017549958316282,0.5017549958316282,0.5017549958316282,0.5017549958316282
1,8,7,4,4,A,B,D,large,0.9912398272646404,1,0.9499999999999998,1,1,0.9507077096900849,0.9507077096900849,0.7659708492867906,0.9550811584492837,0.9403265126285734,0.9403265126285734,0.9701632563142867,0.9701632563142867
1,8,8,1,3,A,B,C,small,0.6690236089828105,0.9436742327236733,0.1328677383520479,-0.6768440051467226,0,0,0,0.403605340410737,0.13460548404388747,0.5017549958316282,0.5017549958316282,0.5017549958316282,0.5017549958316282
1,8,8,2,1,A,B,A,small,-0.009817082124127616,0.26519360552380306,0.5465186314120484,0,0,0.5392291595735316,0.5392291595735316,0.5465186314120484,0.5502335098464028,0.261367478721242,0.261367478721242,0.261367478721242,0.261367478721242
1,8,8,3,4,B,A,D,large,0.9896911164808357,0.9610367018243331,0.9499999999999998,0.7726046903997965,1,0.9507077096900849,0.9550811584492837,0.9550811584492837,0.9550811584492837,0.9701632563142867,0.9701632563142867,0.9655999790693099,0.9655999790693099
1,8,8,4,2,B,A,B,large,0.3256387091576582,1,0.4,1,1,0,0.42727811497338447,0.526510517292317,0.526510517292317,0.622107051473759,0.622107051473759,0.8110535257368795,0.8110535257368795
1,8,9,1,4,B,A,D,large,1.0174171763015398,0.917979648326794,0.9499999999999998,0.5410927408901335,0,0.9550811584492837,0.9507077096900849,0.9550811584492837,0.9550811584492837,0.9655999790693099,0.9655999790693099,0.9655999790693099,0.9655999790693099
1,8,9,2,3,B,A,C,small,0.6564101159705235,0.4856445777769159,0,0,0,0,0,0.13460548404388747,0.13460548404388747,0.5017549958316282,0.5017549958316282,0.5017549958316282,0.5017549958316282
1,8,9,3,1,A,B,A,small,0.0050366168180041035,0.4643268960452584,0.5502335098464028,0,1,0.5392291595735316,0.5392291595735316,0.5502335098464028,0.577889175164825,0.261367478721242,0.261367478721242,0.36284718738325017,0.36284718738325017
1,8,9,4,2,A,B,B,large,0.3282914614984738,0.8176726339959851,0.5557708102744945,0.0731507324554436,1,0.42727811497338447,0.42727811497338447,0.526510517292317,0.5833438183682278,0.8110535257368795,0.8110535257368795,0.8143630798664323,0.8143630798664323
1,8,10,1,3,B,A,C,small,0.6671285726200545,0.4730175662345457,0,0,0,0,0,0.13460548404388747,0.13460548404388747,0.5017549958316282,0.5017549958316282,0.5017549958316282,0.5017549958316282
1,8,10,2,1,B,A,A,small,0.0018903685736319925,0.5212067292123838,0.5392291595735316,0,0,0.5392291595735316,0.5429538141061031,0.577889175164825,0.577889175164825,0.36284718738325017,0.36284718738325017,0.36284718738325017,0.36284718738325017
1,8,10,3,2,A,B,B,large,0.33603747059775524,0.21496549937719764,0.5833438183682278,0,0,0.42727811497338447,0.42727811497338447,0.5833438183682278,0.5869850051591703,0.8143630798664323,0.8143630798664323,0.8143630798664323,0.8143630798664323
1,8,10,4,4,A,B,D,large,0.9868913026815678,0.9391433580315923,0.9499999999999998,0.6523967942908826,1,0.9507077096900849,0.9507077096900849,0.9550811584492837,0.9550811584492837,0.9655999790693099,0.9655999790693099,0.9523716685504511,0.9523716685504511
1,9,1,1,4,A,B,D,large,0.9954456093371433,1,0.5853595801550613,1,0,0.18303943111254908,0.18303943111254908,0.1853595801550612,0.5889955626227286,0.9523716685504511,0.9523716685504511,0.9523716685504511,0.9523716685504511
1,9,1,2,1,A,B,A,small,0.010644651176664608,1,0,-1,0,0.2921755734993256,0.2921755734993256,0.28298489555199247,0,0.36284718738325017,0.36284718738325017,0.36284718738325017,0.36284718738325017
1,9,1,3,3,B,A,C,small,0.6683508621328038,0.9797122181918577,0.12107975773392242,-0.8793878829995198,0,0.47283491093373037,0.12268514408382604,0.23807106449401125,0.23807106449401125,0.5017549958316282,0.5017549958316282,0.5017549958316282,0.5017549958316282
1,9,1,4,2,B,A,B,large,0.32927753950643046,0.7282135001131181,0.08841486503919627,0,0,0.08841486503919628,0.08963131748716241,0.384706108036128,0.384706108036128,0.8143630798664323,0.8143630798664323,0.8143630798664323,0.8143630798664323
1,9,2,1,2,B,A,B,large,0.33384286285132325,0.7932459628660838,0.08963131748716241,0,0,0.08963131748716241,0.09086283822556894,0.384706108036128,0.384706108036128,0.8143630798664323,0.8143630798664323,0.8143630798664323,0.8143630798664323
1,9,2,2,1,B,A,A,small,0.0027961074580414714,0.0999546692598518,0.47233203853609806,0.4503911625919313,0,0.2921755734993256,0.4760720378423508,0,0,0.36284718738325017,0.36284718738325017,0.36284718738325017,0.36284718738325017
1,9,2,3,3,A,B,C,small,0.6707136294691035,0.09000294077741307,0.4381987953057765,0.5003193270294131,1,0.12268514408382604,0.12268514408382604,0.23807106449401125,0.4660584349572404,0.5017549958316282,0.5017549958316282,0.29587896830452065,0.29587896830452065
1,9,2,4,4,A,B,D,large,0.9918121236364411,1,0.9499999999999998,1,1,0.18303943111254908,0.18303943111254908,0.5889955626227286,0.9550811584492837,0.9523716685504511,0.9523716685504511,0.9761858342752255,0.9761858342752255
1,9,3,1,1,B,A,A,small,-0.0035864288186907996,1,0.0760720378423508,-1,1,0.4760720378423508,0.0843659147791479,0,0,0.36284718738325017,0.36284718738325017,0.6814235936916251,0.6814235936916251
1,9,3,2,3,B,A,C,small,0.660880712907043,0.20488328185712437,0.12268514408382607,0,0,0.12268514408382604,0.1243088056070665,0.4660584349572404,0.4660584349572404,0.29587896830452065,0.29587896830452065,0.29587896830452065,0.29587896830452065
1,9,3,3,4,A,B,D,large,0.9989350127315015,1,0.9499999999999998,1,1,0.18303943111254908,0.18303943111254908,0.9550811584492837,0.9550811584492837,0.9761858342752255,0.9761858342752255,0.9880929171376127,0.9880929171376127
1,9,3,4,2,A,B,B,large,0.3403202840795057,1,0.7847061080361278,1,1,0.09086283822556894,0.09086283822556894,0.384706108036128,0.8031034749527184,0.8143630798664323,0.8143630798664323,0.9071815399332162,0.9071815399332162
1,9,4,1,1,B,A,A,small,-0.009993822737421337,1,0,-1,0,0.0843659147791479,0,0,0,0.6814235936916251,0.6814235936916251,0.6814235936916251,0.6814235936916251
1,9,4,2,3,B,A,C,small,0.6730630489541324,0,0.5243088056070665,1,1,0.1243088056070665,0.5522614091632722,0.4660584349572404,0.4660584349572404,0.29587896830452065,0.29587896830452065,0.14793948415226033,0.14793948415226033
1,9,4,3,4,A,B,D,large,1.0035676043896034,1,0.9499999999999998,1,1,0.18303943111254908,0.18303943111254908,0.9550811584492837,0.9550811584492837,0.9880929171376127,0.9880929171376127,0.9940464585688064,0.9940464585688064
1,9,4,4,2,A,B,B,large,0.3377705603772698,1,0.9499999999999998,1,1,0.09086283822556894,0.09086283822556894,0.8031034749527184,0.9550811584492837,0.9071815399332162,0.9071815399332162,0.9535907699666081,0.9535907699666081
1,9,5,1,2,A,B,B,large,0.35233741043118133,1,0.9499999999999998,1,0,0.09086283822556894,0.09086283822556894,0.9550811584492837,0.9507077096900849,0.9535907699666081,0.9535907699666081,0.9535907699666081,0.9535907699666081
1,9,5,2,3,A,B,C,small,0.6708169248934298,0.34397323318788003,0.4660584349572404,0,0,0.5522614091632722,0.5522614091632722,0.4660584349572404,0.4697929858346334,0.14793948415226033,0.14793948415226033,0.14793948415226033,0.14793948415226033
1,9,5,3,4,B,A,D,large,0.997380809695289,1,0.5830394311125491,1,1,0.18303943111254908,0.6101072739111215,0.9550811584492837,0.9550811584492837,0.9940464585688064,0.9940464585688064,0.9970232292844032,0.9970232292844032
1,9,5,4,1,B,A,A,small,-0.00517078479013832,0.8181270583889487,0,-0.07506599767258233,0,0,0,0,0,0.6814235936916251,0.6814235936916251,0.6814235936916251,0.6814235936916251
1,9,6,1,4,B,A,D,large,1.0135515122654966,0.9896308682275219,0.9499999999999998,0.9377435469183509,1,0.6101072739111215,0.9550811584492837,0.9550811584492837,0.9550811584492837,0.9970232292844032,0.9970232292844032,0.9933270487559626,0.9933270487559626
1,9,6,2,2,A,B,B,large,0.3413709851216707,1,0.9499999999999998,1,1,0.09086283822556894,0.09086283822556894,0.9507077096900849,0.9550811584492837,0.9535907699666081,0.9535907699666081,0.976795384983304,0.976795384983304
1,9,6,3,1,B,A,A,small,-0.003494784359223208,0.6774508866699346,0,0,0,0,0,0,0,0.6814235936916251,0.6814235936916251,0.6814235936916251,0.6814235936916251
1,9,6,4,3,A,B,C,small,0.6578754005888757,0,0.8697929858346334,1,1,0.5522614091632722,0.5522614091632722,0.4697929858346334,0.8820127179010276,0.14793948415226033,0.14793948415226033,0.07396974207613016,0.07396974207613016
1,9,7,1,1,B,A,A,small,-0.002922415959931184,0.9787731106937663,0,-0.8739224668702317,0,0,0,0,0,0.6814235936916251,0.6814235936916251,0.6814235936916251,0.6814235936916251
1,9,7,2,2,A,B,B,large,0.3195106901272125,0.32992555647077604,0.9499999999999998,0,1,0.09086283822556894,0.09086283822556894,0.9550811584492837,0.9550811584492837,0.976795384983304,0.976795384983304,0.65336047072704,0.65336047072704
1,9,7,3,3,A,B,C,small,0.669637201714898,0.021981269090332343,0.9499999999999998,0.8695395576770839,1,0.5522614091632722,0.5522614091632722,0.8820127179010276,0.9550811584492837,0.07396974207613016,0.07396974207613016,0.04797550558323126,0.04797550558323126
1,9,7,4,4,B,A,D,large,0.9875186231361343,1,0.9499999999999998,1,1,0.9550811584492837,0.9550811584492837,0.9550811584492837,0.9550811584492837,0.9933270487559626,0.9933270487559626,0.9966635243779813,0.9966635243779813
1,9,8,1,2,B,A,B,large,0.3389836994988992,0.7304634672652354,0.09086283822556894,0,0,0.09086283822556894,0.09210956784356483,0.9550811584492837,0.9550811584492837,0.65336047072704,0.65336047072704,0.65336047072704,0.65336047072704
1,9,8,2,3,A,B,C,small,0.68269960833094,0,0.9499999999999998,1,1,0.5522614091632722,0.5522614091632722,0.9550811584492837,0.9550811584492837,0.04797550558323126,0.04797550558323126,0.02398775279161563,0.02398775279161563
1,9,8,3,4,B,A,D,large,1.0072653350308165,0.9704501773822259,0.9499999999999998,0.8259306891095494,1,0.9550811584492837,0.9550811584492837,0.9550811584492837,0.9550811584492837,0.9966635243779813,0.9966635243779813,0.9835568508801036,0.9835568508801036
1,9,8,4,1,A,B,A,small,5.251887916972546e-4,0.5884887776642355,0,0,0,0,0,0,0,0.6814235936916251,0.6814235936916251,0.6814235936916251,0.6814235936916251
1,9,9,1,4,A,B,D,large,0.9897080169347092,0.949365756159039,0.9499999999999998,0.7078693191282672,1,0.9550811584492837,0.9550811584492837,0.9550811584492837,0.9550811584492837,0.9835568508801036,0.9835568508801036,0.9664613035195713,0.9664613035195713
1,9,9,2,2,B,A,B,large,0.3411225807157808,0.6869033940237178,0.09210956784356483,0,0,0.09210956784356483,0.09337164695994161,0.9550811584492837,0.9550811584492837,0.65336047072704,0.65336047072704,0.65336047072704,0.65336047072704
1,9,9,3,3,B,A,C,small,0.6711328698338812,0.11454493851299673,0.7038472213013914,0.37896453034529815,0,0.5522614091632722,0.7069643263134788,0.9550811584492837,0.9550811584492837,0.02398775279161563,0.02398775279161563,0.02398775279161563,0.02398775279161563
1,9,9,4,1,A,B,A,small,0.005950330967493414,1,0,-1,0,0,0,0,0,0.6814235936916251,0.6814235936916251,0.6814235936916251,0.6814235936916251
1,9,10,1,4,A,B,D,large,0.9915833604329044,0.9266547376866022,0.9499999999999998,0.5861476824055682,1,0.9550811584492837,0.9550811584492837,0.9550811584492837,0.9550811584492837,0.9664613035195713,0.9664613035195713,0.9465580206030868,0.9465580206030868
1,9,10,2,3,A,B,C,small,0.6415171313143135,0,0.9499999999999998,1,1,0.7069643263134788,0.7069643263134788,0.9550811584492837,0.9550811584492837,0.02398775279161563,0.02398775279161563,0.011993876395807814,0.011993876395807814
1,9,10,3,2,B,A,B,large,0.33065267683603794,0.6122211419003032,0.09337164695994161,0,0,0.09337164695994161,0.09464921618119249,0.9550811584492837,0.9550811584492837,0.65336047072704,0.65336047072704,0.65336047072704,0.65336047072704
1,9,10,4,1,B,A,A,small,0.012548087527310433,0.662724072355452,0,0,0,0,0,0,0,0.6814235936916251,0.6814235936916251,0.6814235936916251,0.6814235936916251
1,10,1,1,4,A,B,D,large,1.0046786887847727,1,0.7728620164266871,1,0,0.1462062814706105,0.1462062814706105,0.3728620164266871,0.7754844287059782,0.9465580206030868,0.9465580206030868,0.9465580206030868,0.9465580206030868
1,10,1,2,3,A,B,C,small,0.6649497796152052,0.08971398778044254,0.46467881691274515,0.5017839120693689,1,0.3679466812131931,0.3679466812131931,0.2639652520849976,0.49274539454598637,0.011993876395807814,0.011993876395807814,0.05085393208812518,0.05085393208812518
1,10,1,3,1,B,A,A,small,0.003977239563471823,0.949564739209659,0,-0.7089604067135711,0,0.21869475752209677,0,0.16510767315131603,0.16510767315131603,0.6814235936916251,0.6814235936916251,0.6814235936916251,0.6814235936916251
1,10,1,4,2,B,A,B,large,0.35367393288870996,0.7002631805422569,0.3203541898068215,0,1,0.3203541898068215,0.3453268896411765,0.3328484132596444,0.3328484132596444,0.65336047072704,0.65336047072704,0.6768118256346485,0.6768118256346485
1,10,2,1,1,A,B,A,small,-0.007434392874373391,1,0,-1,0,0,0,0.16510767315131603,0,0.6814235936916251,0.6814235936916251,0.6814235936916251,0.6814235936916251
1,10,2,2,4,A,B,D,large,0.9885883654871453,1,0.9499999999999998,1,1,0.1462062814706105,0.1462062814706105,0.7754844287059782,0.9550811584492837,0.9465580206030868,0.9465580206030868,0.9732790103015434,0.9732790103015434
1,10,2,3,2,B,A,B,large,0.32957526447193164,0.8445048473816744,0.42103781183149136,0.189277305475787,1,0.3453268896411765,0.448677758366299,0.3328484132596444,0.3328484132596444,0.6768118256346485,0.6768118256346485,0.7606583365081614,0.7606583365081614
1,10,2,4,3,B,A,C,small,0.6618844830830546,0.05685354483616276,0.6375406277363009,0.6739848663077695,0,0.3679466812131931,0.6409996651427776,0.49274539454598637,0.49274539454598637,0.05085393208812518,0.05085393208812518,0.05085393208812518,0.05085393208812518
1,10,3,1,2,B,A,B,large,0.32230588277246774,1,0.848677758366299,1,1,0.448677758366299,0.8625660095498737,0.3328484132596444,0.3328484132596444,0.7606583365081614,0.7606583365081614,0.8803291682540807,0.8803291682540807
1,10,3,2,1,A,B,A,small,0.01679923373576017,0.5461993513462174,0,0,0,0,0,0,0,0.6814235936916251,0.6814235936916251,0.6814235936916251,0.6814235936916251
1,10,3,3,3,B,A,C,small,0.6627909882678016,0,0.9499999999999998,1,1,0.6409996651427776,0.9550811584492837,0.49274539454598637,0.49274539454598637,0.05085393208812518,0.05085393208812518,0.02542696604406259,0.02542696604406259
1,10,3,4,4,A,B,D,large,0.9758757087668347,1,0.9499999999999998,1,1,0.1462062814706105,0.1462062814706105,0.9550811584492837,0.9550811584492837,0.9732790103015434,0.9732790103015434,0.9866395051507717,0.9866395051507717
1,10,4,1,4,A,B,D,large,1.011075865763715,0.8435240086480655,0.9499999999999998,0.18492170751289155,1,0.1462062814706105,0.1462062814706105,0.9550811584492837,0.9550811584492837,0.9866395051507717,0.9866395051507717,0.9150817568994186,0.9150817568994186
1,10,4,2,2,B,A,B,large,0.33738009127217994,0.7251819360318711,0.8625660095498737,0,1,0.8625660095498737,0.8753667968794734,0.3328484132596444,0.3328484132596444,0.8803291682540807,0.8803291682540807,0.8027555521429759,0.8027555521429759
1,10,4,3,3,A,B,C,small,0.6523743224446177,0.01714841787375571,0.8518386116453313,0.8977330427483626,0,0.9550811584492837,0.9550811584492837,0.49274539454598637,0.8537217816276776,0.02542696604406259,0.02542696604406259,0.02542696604406259,0.02542696604406259
1,10,4,4,1,B,A,A,small,0.0038206938063453906,0.7528483228881564,0,0,0,0,0,0,0,0.6814235936916251,0.6814235936916251,0.6814235936916251,0.6814235936916251
1,10,5,1,2,A,B,B,large,0.3323050036192793,0.8734670938374047,0.46157536197104276,0.32181737177849595,0,0.8753667968794734,0.8753667968794734,0.3328484132596444,0.46530529506287854,0.8027555521429759,0.8027555521429759,0.8027555521429759,0.8027555521429759
1,10,5,2,1,B,A,A,small,-0.007184653838508312,1,0,-1,0,0,0,0,0,0.6814235936916251,0.6814235936916251,0.6814235936916251,0.6814235936916251
1,10,5,3,4,A,B,D,large,0.9799670663225891,0.25444118505665897,0.9499999999999998,0,1,0.1462062814706105,0.1462062814706105,0.9550811584492837,0.9550811584492837,0.9150817568994186,0.9150817568994186,0.5847614709780388,0.5847614709780388
1,10,5,4,3,B,A,C,small,0.6449963194518948,0,0.9499999999999998,1,1,0.9550811584492837,0.9550811584492837,0.8537217816276776,0.8537217816276776,0.02542696604406259,0.02542696604406259,0.012713483022031295,0.012713483022031295
1,10,6,1,2,B,A,B,large,0.32677388949253333,0.6080898613779709,0.8753667968794734,0,1,0.8753667968794734,0.8871313144406112,0.46530529506287854,0.46530529506287854,0.8027555521429759,0.8027555521429759,0.7054227067604735,0.7054227067604735
1,10,6,2,4,B,A,D,large,0.9901525670308055,0.6642713212933592,0.1462062814706105,0,0,0.1462062814706105,0.14808868599001573,0.9550811584492837,0.9550811584492837,0.5847614709780388,0.5847614709780388,0.5847614709780388,0.5847614709780388
1,10,6,3,1,A,B,A,small,0.01694075855674006,0.3350910621315433,0,0,0,0,0,0,0,0.6814235936916251,0.6814235936916251,0.6814235936916251,0.6814235936916251
1,10,6,4,3,A,B,C,small,0.6559521356438676,0,0.9499999999999998,1,1,0.9550811584492837,0.9550811584492837,0.8537217816276776,0.9550811584492837,0.012713483022031295,0.012713483022031295,0.006356741511015647,0.006356741511015647
1,10,7,1,2,B,A,B,large,0.3097511849155998,1,0.9499999999999998,1,1,0.8871313144406112,0.9550811584492837,0.46530529506287854,0.46530529506287854,0.7054227067604735,0.7054227067604735,0.8527113533802367,0.8527113533802367
1,10,7,2,4,A,B,D,large,0.9992417465557701,0.08889964673636018,0.752714745674353,-0.5059160319373266,1,0.14808868599001573,0.14808868599001573,0.9550811584492837,0.7730552256343532,0.5847614709780388,0.5847614709780388,0.3368305588571995,0.3368305588571995
1,10,7,3,3,B,A,C,small,0.6709464845093952,0,0.9499999999999998,1,1,0.9550811584492837,0.9550811584492837,0.9550811584492837,0.9550811584492837,0.006356741511015647,0.006356741511015647,0.0031783707555078236,0.0031783707555078236
1,10,7,4,1,A,B,A,small,3.560358821453515e-5,0.12078966027009863,0.13960989331274734,0.34902473328186834,0,0,0,0,0.14142143684697622,0.6814235936916251,0.6814235936916251,0.6814235936916251,0.6814235936916251
1,10,8,1,4,A,B,D,large,1.003903264571474,0.5408289469264772,0.7730552256343532,0,1,0.14808868599001573,0.14808868599001573,0.7730552256343532,0.7921845220180641,0.3368305588571995,0.3368305588571995,0.43882975289183834,0.43882975289183834
1,10,8,2,3,A,B,C,small,0.6586068614818841,0,0.9499999999999998,1,1,0.9550811584492837,0.9550811584492837,0.9550811584492837,0.9550811584492837,0.0031783707555078236,0.0031783707555078236,0.0015891853777539118,0.0015891853777539118
1,10,8,3,1,B,A,A,small,-4.068137342074091e-4,1,0,-1,0,0,0,0.14142143684697622,0.14142143684697622,0.6814235936916251,0.6814235936916251,0.6814235936916251,0.6814235936916251
1,10,8,4,2,B,A,B,large,0.33703315213930823,1,0.9499999999999998,1,0,0.9550811584492837,0.9507077096900849,0.46530529506287854,0.46530529506287854,0.8527113533802367,0.8527113533802367,0.8527113533802367,0.8527113533802367
1,10,9,1,1,A,B,A,small,1.9904585024346796e-4,0.5915279064905639,0.1414214368469762,0,0,0,0,0.14142143684697622,0.1432525728155806,0.6814235936916251,0.6814235936916251,0.6814235936916251,0.6814235936916251
1,10,9,2,4,A,B,D,large,1.00255227618244,1,0.9499999999999998,1,1,0.14808868599001573,0.14808868599001573,0.7921845220180641,0.9550811584492837,0.43882975289183834,0.43882975289183834,0.7194148764459192,0.7194148764459192
1,10,9,3,2,B,A,B,large,0.3311562769448223,0.5541694053629505,0.9499999999999998,0,1,0.9507077096900849,0.9550811584492837,0.46530529506287854,0.46530529506287854,0.8527113533802367,0.8527113533802367,0.7034403793715935,0.7034403793715935
1,10,9,4,3,B,A,C,small,0.6803019398125829,0.0359926047047681,0.9499999999999998,0.7893249493928104,1,0.9550811584492837,0.9550811584492837,0.9550811584492837,0.9550811584492837,0.0015891853777539118,0.0015891853777539118,0.018790895041261007,0.018790895041261007
1,10,10,1,3,B,A,C,small,0.6754487708956278,0.03696263811929288,0.9499999999999998,0.7838542839290003,1,0.9550811584492837,0.9550811584492837,0.9550811584492837,0.9550811584492837,0.018790895041261007,0.018790895041261007,0.027876766580276942,0.027876766580276942
1,10,10,2,2,A,B,B,large,0.3183235067562743,0.8596256285699458,0.5683118849611274,0.25751647474562195,1,0.9550811584492837,0.9550811584492837,0.46530529506287854,0.5956727802071682,0.7034403793715935,0.7034403793715935,0.7815330039707697,0.7815330039707697
1,10,10,3,1,A,B,A,small,-0.008009372683657175,1,0,-1,0,0,0,0.1432525728155806,0,0.6814235936916251,0.6814235936916251,0.6814235936916251,0.6814235936916251
1,10,10,4,4,B,A,D,large,0.991599574141299,0.6631069764902232,0.14808868599001573,0,0,0.14808868599001573,0.14999106877694315,0.9550811584492837,0.9550811584492837,0.7194148764459192,0.7194148764459192,0.7194148764459192,0.7194148764459192
2,1,1,1,4,B,A,D,large,1.0148616188077904,0.9956392347956181,0.6005612841400189,0.9736604907738969,1,0.21109708783046005,0.6272189284680527,0.27360336870051066,0.27360336870051066,0.7194148764459192,0.7194148764459192,0.8575270556207686,0.8575270556207686
2,1,1,2,3,A,B,C,small,0.6630895153852575,0.5579062363777678,0.23559387660708075,0,1,0.15726403143430542,0.15726403143430542,0.23559387660708075,0.2564523906155153,0.027876766580276942,0.027876766580276942,0.2928915014790224,0.2928915014790224
2,1,1,3,2,B,A,B,large,0.35089197917821635,1,0.651664581182936,1,1,0.25166458118293594,0.6767474208045575,0.3047774443520186,0.3047774443520186,0.7815330039707697,0.7815330039707697,0.8907665019853849,0.8907665019853849
2,1,1,4,1,A,B,A,small,0.011222881240235379,0.8121208202939134,0.25889485830447934,-0.0498914715537389,0,0.11286704082867265,0.11286704082867265,0.2788514469259749,0.26178327498829673,0.6814235936916251,0.6814235936916251,0.6814235936916251,0.6814235936916251
2,1,2,1,2,A,B,B,large,0.351073189002005,0.785444417061015,0.3047774443520186,0,1,0.6767474208045575,0.6767474208045575,0.3047774443520186,0.3291238990894601,0.8907665019853849,0.8907665019853849,0.8381054595231999,0.8381054595231999
2,1,2,2,4,B,A,D,large,1.011750745061672,0.9185181732569625,0.8447656982513139,0.5438669244581532,0,0.6272189284680527,0.8467225907183898,0.27360336870051066,0.27360336870051066,0.8575270556207686,0.8575270556207686,0.8575270556207686,0.8575270556207686
2,1,2,3,3,B,A,C,small,0.6518932322266067,0.5060978049775627,0.15726403143430545,0,0,0.15726403143430542,0.15926224771454386,0.2564523906155153,0.2564523906155153,0.2928915014790224,0.2928915014790224,0.2928915014790224,0.2928915014790224
2,1,2,4,1,A,B,A,small,-0.009830180776167576,0.783902167387579,0.26178327498829673,0,0,0.11286704082867265,0.11286704082867265,0.26178327498829673,0.26469240738100763,0.6814235936916251,0.6814235936916251,0.6814235936916251,0.6814235936916251
2,1,3,1,2,A,B,B,large,0.33698690318452285,0.7260466749880277,0.3291238990894601,0,1,0.6767474208045575,0.6767474208045575,0.3291238990894601,0.35442372688651097,0.8381054595231999,0.8381054595231999,0.7820760672556137,0.7820760672556137
2,1,3,2,3,A,B,C,small,0.6672666755350541,0,0.6564523906155153,1,1,0.15926224771454386,0.15926224771454386,0.2564523906155153,0.6813590460808239,0.2928915014790224,0.2928915014790224,0.1464457507395112,0.1464457507395112
2,1,3,3,1,B,A,A,small,0.022420971900765,0.4317577366166648,0.11286704082867262,0,1,0.11286704082867265,0.12463141104075999,0.26469240738100763,0.26469240738100763,0.6814235936916251,0.6814235936916251,0.5565906651541449,0.5565906651541449
2,1,3,4,4,B,A,D,large,1.0100393539907042,0.38653536015829976,0.8467225907183898,0,1,0.8467225907183898,0.8607608451955208,0.27360336870051066,0.27360336870051066,0.8575270556207686,0.8575270556207686,0.6220312078895341,0.6220312078895341
2,1,4,1,1,A,B,A,small,-0.007173516176820514,0.17476545583839603,0.3067922460439097,0.10524959665725515,1,0.12463141104075999,0.12463141104075999,0.26469240738100763,0.3312229686966866,0.5565906651541449,0.5565906651541449,0.3656780604962705,0.3656780604962705
2,1,4,2,4,B,A,D,large,1.0015370836043158,0.5499894993839718,0.8607608451955208,0,1,0.8607608451955208,0.8737051499798866,0.27360336870051066,0.27360336870051066,0.6220312078895341,0.6220312078895341,0.5860103536367529,0.5860103536367529
2,1,4,3,2,A,B,B,large,0.33988056358722124,0.7506877413245834,0.35442372688651097,0,1,0.6767474208045575,0.6767474208045575,0.35442372688651097,0.3805651374372638,0.7820760672556137,0.7820760672556137,0.7663819042900986,0.7663819042900986
2,1,4,4,3,B,A,C,small,0.6575868324718552,0.4456269785710472,0.15926224771454386,0,0,0.15926224771454386,0.1612809945747075,0.6813590460808239,0.6813590460808239,0.1464457507395112,0.1464457507395112,0.1464457507395112,0.1464457507395112
2,1,5,1,2,A,B,B,large,0.3386596099997398,0.8929157730949301,0.5466563393846725,0.4152280048685218,1,0.6767474208045575,0.6767474208045575,0.3805651374372638,0.5743618118140452,0.7663819042900986,0.7663819042900986,0.8296488386925143,0.8296488386925143
2,1,5,2,1,B,A,A,small,-0.016130571581182973,0.7180593525490263,0.12463141104075999,0,0,0.12463141104075999,0.1262771227473394,0.3312229686966866,0.3312229686966866,0.3656780604962705,0.3656780604962705,0.3656780604962705,0.3656780604962705
2,1,5,3,4,B,A,D,large,1.0089639457892492,0.5125281192528909,0.8737051499798866,0,1,0.8737051499798866,0.8856060184947923,0.27360336870051066,0.27360336870051066,0.5860103536367529,0.5860103536367529,0.549269236444822,0.549269236444822
2,1,5,4,3,A,B,C,small,0.6665086500883309,0.8023910778909583,0.6774604142627166,-0.009746579545267755,1,0.1612809945747075,0.1612809945747075,0.6813590460808239,0.7015364925643536,0.1464457507395112,0.1464457507395112,0.47441841431523474,0.47441841431523474
2,1,6,1,2,A,B,B,large,0.3063595169813736,0.77939623008717,0.5743618118140452,0,0,0.6767474208045575,0.6767474208045575,0.5743618118140452,0.5780247122503814,0.8296488386925143,0.8296488386925143,0.8296488386925143,0.8296488386925143
2,1,6,2,4,B,A,D,large,1.0026337765829128,1,0.9499999999999998,1,1,0.8856060184947923,0.9550811584492837,0.27360336870051066,0.27360336870051066,0.549269236444822,0.549269236444822,0.774634618222411,0.774634618222411
2,1,6,3,3,B,A,C,small,0.6636939985013021,0.26661319194180866,0.1612809945747075,0,0,0.1612809945747075,0.16332035944180737,0.7015364925643536,0.7015364925643536,0.47441841431523474,0.47441841431523474,0.47441841431523474,0.47441841431523474
2,1,6,4,1,A,B,A,small,0.0019652404615222822,0.32752082059055304,0.33122296869668655,0,0,0.1262771227473394,0.1262771227473394,0.3312229686966866,0.33455405410523004,0.3656780604962705,0.3656780604962705,0.3656780604962705,0.3656780604962705
2,1,7,1,4,A,B,D,large,0.9891276343406481,1,0.6736033687005107,1,0,0.9550811584492837,0.9550811584492837,0.27360336870051066,0.6768926695762976,0.774634618222411,0.774634618222411,0.774634618222411,0.774634618222411
2,1,7,2,2,B,A,B,large,0.3192360861476361,1,0.9499999999999998,1,1,0.6767474208045575,0.9550811584492837,0.5780247122503814,0.5780247122503814,0.8296488386925143,0.8296488386925143,0.9148244193462571,0.9148244193462571
2,1,7,3,1,A,B,A,small,0.012624890159057694,0.601118877640902,0.33455405410523004,0,0,0.1262771227473394,0.1262771227473394,0.33455405410523004,0.3379017137724541,0.3656780604962705,0.3656780604962705,0.3656780604962705,0.3656780604962705
2,1,7,4,3,B,A,C,small,0.6524150715342132,0.582452050025785,0.16332035944180737,0,0,0.16332035944180737,0.16538042685151777,0.7015364925643536,0.7015364925643536,0.47441841431523474,0.47441841431523474,0.47441841431523474,0.47441841431523474
2,1,8,1,3,A,B,C,small,0.667279618071117,0.4046309631146693,0.7015364925643536,0,1,0.16538042685151777,0.16538042685151777,0.7015364925643536,0.7245461278174914,0.47441841431523474,0.47441841431523474,0.439524688714952,0.439524688714952
2,1,8,2,2,A,B,B,large,0.32560597950278264,0.919902817810813,0.7984301453902747,0.5510135828497331,1,0.9550811584492837,0.9550811584492837,0.5780247122503814,0.8159298558643211,0.9148244193462571,0.9148244193462571,0.917363618578535,0.917363618578535
2,1,8,3,4,B,A,D,large,1.0020746547305934,1,0.9499999999999998,1,1,0.9550811584492837,0.9550811584492837,0.6768926695762976,0.6768926695762976,0.774634618222411,0.774634618222411,0.8873173091112054,0.8873173091112054
2,1,8,4,1,B,A,A,small,0.006987602166448431,0.19809830165434228,0.12937630731565564,0.007747961420790554,0,0.1262771227473394,0.13107529189520986,0.3379017137724541,0.3379017137724541,0.3656780604962705,0.3656780604962705,0.3656780604962705,0.3656780604962705
2,1,9,1,1,A,B,A,small,-0.019267271411823154,0.01524672768705285,0.7014624707760746,0.9089018925090513,1,0.13107529189520986,0.13107529189520986,0.3379017137724541,0.7244755713999164,0.3656780604962705,0.3656780604962705,0.19046239409166169,0.19046239409166169
2,1,9,2,3,B,A,C,small,0.6796623553005503,0.4937692057540551,0.16538042685151777,0,0,0.16538042685151777,0.1674612783593372,0.7245461278174914,0.7245461278174914,0.439524688714952,0.439524688714952,0.439524688714952,0.439524688714952
2,1,9,3,2,A,B,B,large,0.343633660993352,1,0.9499999999999998,1,1,0.9550811584492837,0.9550811584492837,0.8159298558643211,0.9550811584492837,0.917363618578535,0.917363618578535,0.9586818092892675,0.9586818092892675
2,1,9,4,4,B,A,D,large,1.0048030457571495,0.8434000148683689,0.9499999999999998,0.18437169801947353,1,0.9550811584492837,0.9550811584492837,0.6768926695762976,0.6768926695762976,0.8873173091112054,0.8873173091112054,0.8653586619897872,0.8653586619897872
2,1,10,1,2,A,B,B,large,0.32636708457934,0.9514464667067201,0.9499999999999998,0.7193000166493808,1,0.9550811584492837,0.9550811584492837,0.9550811584492837,0.9550811584492837,0.9586818092892675,0.9586818092892675,0.9550641379979938,0.9550641379979938
2,1,10,2,1,A,B,A,small,0.0061181891829297196,0.5444245058217975,0.7244755713999164,0,1,0.13107529189520986,0.13107529189520986,0.7244755713999164,0.7463561437839286,0.19046239409166169,0.19046239409166169,0.36744344995672956,0.36744344995672956
2,1,10,3,3,B,A,C,small,0.6647647407935114,0.4462593114529457,0.16746127835933722,0,1,0.1674612783593372,0.18373754546628668,0.7245461278174914,0.7245461278174914,0.439524688714952,0.439524688714952,0.4428920000839488,0.4428920000839488
2,1,10,4,4,B,A,D,large,0.9952272126416768,0.7581712103810113,0.9499999999999998,0,1,0.9550811584492837,0.9550811584492837,0.6768926695762976,0.6768926695762976,0.8653586619897872,0.8653586619897872,0.8117649361853992,0.8117649361853992
2,2,1,1,3,B,A,C,small,0.6759804864155864,0.31818676719662503,0.24086370788452752,0,0,0.24086370788452754,0.24361708448759517,0.17773109838462814,0.17773109838462814,0.4428920000839488,0.4428920000839488,0.4428920000839488,0.4428920000839488
2,2,1,2,4,A,B,D,large,0.9999731646534489,0,0,-1,0,0.2314072821359344,0.2314072821359344,0.3704712193498176,0,0.8117649361853992,0.8117649361853992,0.8117649361853992,0.8117649361853992
2,2,1,3,2,B,A,B,large,0.3270968429257695,0.7537433864609421,0.11086763452788953,0,0,0.11086763452788953,0.11235492798368209,0.2514828497339743,0.2514828497339743,0.9550641379979938,0.9550641379979938,0.9550641379979938,0.9550641379979938
2,2,1,4,1,A,B,A,small,0.006189748987392408,0.5072180920154702,0.08495150939380132,0,0,0.2663748884766588,0.2663748884766588,0.08495150939380132,0.08612481332148102,0.36744344995672956,0.36744344995672956,0.36744344995672956,0.36744344995672956
2,2,2,1,2,A,B,B,large,0.34648171127066973,1,0.6514828497339743,1,1,0.11235492798368209,0.11235492798368209,0.2514828497339743,0.6765722806754869,0.9550641379979938,0.9550641379979938,0.9775320689989969,0.9775320689989969
2,2,2,2,4,A,B,D,large,1.0036965759563552,1,0.4,1,1,0.2314072821359344,0.2314072821359344,0,0.42727811497338447,0.8117649361853992,0.8117649361853992,0.9058824680926996,0.9058824680926996
2,2,2,3,3,B,A,C,small,0.6593758673522259,0.13205480028148062,0.36199774637244636,0.29595165471212775,1,0.24361708448759517,0.3883617340853472,0.17773109838462814,0.17773109838462814,0.4428920000839488,0.4428920000839488,0.2874734001827147,0.2874734001827147
2,2,2,4,1,B,A,A,small,0.005248942282461505,0.5997561010466079,0.2663748884766588,0,1,0.2663748884766588,0.28892855249823485,0.08612481332148102,0.08612481332148102,0.36744344995672956,0.36744344995672956,0.48359977550166877,0.48359977550166877
2,2,3,1,3,B,A,C,small,0.6651803819401128,0.008348529986218989,0.7682714174329153,0.9497742083689201,1,0.3883617340853472,0.7876932032042004,0.17773109838462814,0.17773109838462814,0.2874734001827147,0.2874734001827147,0.14791096508446686,0.14791096508446686
2,2,3,2,2,B,A,B,large,0.340124585620518,0.8374954433002091,0.17568995618694108,0.1583375705081474,0,0.11235492798368209,0.17787287934810542,0.6765722806754869,0.6765722806754869,0.9775320689989969,0.9775320689989969,0.9775320689989969,0.9775320689989969
2,2,3,3,1,A,B,A,small,-0.005929943326163628,0.1821526153121154,0.11567963302822215,0.07388704926685283,0,0.28892855249823485,0.28892855249823485,0.08612481332148102,0.11722296895518941,0.48359977550166877,0.48359977550166877,0.48359977550166877,0.48359977550166877
2,2,3,4,4,A,B,D,large,1.011069781919748,0.4401483749003579,0.4272781149733844,0,0,0.2314072821359344,0.2314072821359344,0.42727811497338447,0.43095272735732276,0.9058824680926996,0.9058824680926996,0.9058824680926996,0.9058824680926996
2,2,4,1,3,B,A,C,small,0.6577238773828752,0.14841412425994052,0.8760838928038339,0.22097672399908352,1,0.7876932032042004,0.8877893982765671,0.17773109838462814,0.17773109838462814,0.14791096508446686,0.14791096508446686,0.1481625446722037,0.1481625446722037
2,2,4,2,2,B,A,B,large,0.34714862594252854,0.6606088611433579,0.17787287934810542,0,0,0.17787287934810542,0.18007699989820344,0.6765722806754869,0.6765722806754869,0.9775320689989969,0.9775320689989969,0.9775320689989969,0.9775320689989969
2,2,4,3,4,A,B,D,large,0.9995449767455673,0.9955594068702226,0.8202249109874519,0.973180459075323,1,0.2314072821359344,0.2314072821359344,0.43095272735732276,0.8362205954436307,0.9058824680926996,0.9058824680926996,0.9507209374814611,0.9507209374814611
2,2,4,4,1,A,B,A,small,-0.007033475004978382,0.6662872066296086,0.11722296895518941,0,0,0.28892855249823485,0.28892855249823485,0.11722296895518941,0.1187841294970649,0.48359977550166877,0.48359977550166877,0.48359977550166877,0.48359977550166877
2,2,5,1,3,A,B,C,small,0.6756003907710935,0.362074349506546,0.17773109838462814,0,0,0.8877893982765671,0.8877893982765671,0.17773109838462814,0.1799338465675908,0.1481625446722037,0.1481625446722037,0.1481625446722037,0.1481625446722037
2,2,5,2,2,B,A,B,large,0.3342585774902939,0.8130783001098117,0.20163076602986768,0.05388441532916058,0,0.18007699989820344,0.20405621273635138,0.6765722806754869,0.6765722806754869,0.9775320689989969,0.9775320689989969,0.9775320689989969,0.9775320689989969
2,2,5,3,1,A,B,A,small,0.008568008754923532,0,0.518784129497065,1,0,0.28892855249823485,0.28892855249823485,0.1187841294970649,0.5225277118533082,0.48359977550166877,0.48359977550166877,0.48359977550166877,0.48359977550166877
2,2,5,4,4,B,A,D,large,0.9902491325482602,1,0.6314072821359344,1,1,0.2314072821359344,0.6571814407678134,0.8362205954436307,0.8362205954436307,0.9507209374814611,0.9507209374814611,0.9753604687407306,0.9753604687407306
2,2,6,1,3,A,B,C,small,0.6588781898564348,0.11492711868936603,0.33078242163473826,0.37712143766786854,1,0.8877893982765671,0.8877893982765671,0.1799338465675908,0.3561420604122173,0.1481625446722037,0.1481625446722037,0.13154483168078485,0.13154483168078485
2,2,6,2,1,A,B,A,small,0.009944566593769875,0.04976120313150941,0.8075915952591968,0.7126597085147214,1,0.28892855249823485,0.28892855249823485,0.5225277118533082,0.8244707917839179,0.48359977550166877,0.48359977550166877,0.2666804893165891,0.2666804893165891
2,2,6,3,2,B,A,B,large,0.3271972285839849,1,0.60405621273635135,1,1,0.20405621273635138,0.6306240701791163,0.6765722806754869,0.6765722806754869,0.9775320689989969,0.9775320689989969,0.9887660344994984,0.9887660344994984
2,2,6,4,4,B,A,D,large,1.0171822797007783,0.8924411222158745,0.8223433480671336,0.4129047682483002,0,0.6571814407678134,0.8245241839966397,0.8362205954436307,0.8362205954436307,0.9753604687407306,0.9753604687407306,0.9753604687407306,0.9753604687407306
2,2,7,1,1,B,A,A,small,0.004887360966690651,0.45365691941658587,0.2889285524982348,0,0,0.28892855249823485,0.29202001498620667,0.8244707917839179,0.8244707917839179,0.2666804893165891,0.2666804893165891,0.2666804893165891,0.2666804893165891
2,2,7,2,3,A,B,C,small,0.6818358146887576,0.06180212837653073,0.6150713074844582,0.6473231176806021,0,0.8877893982765671,0.8877893982765671,0.3561420604122173,0.6186165006750065,0.13154483168078485,0.13154483168078485,0.13154483168078485,0.13154483168078485
2,2,7,3,2,A,B,B,large,0.3154945047652904,1,0.9499999999999998,1,1,0.6306240701791163,0.6306240701791163,0.6765722806754869,0.9550811584492837,0.9887660344994984,0.9887660344994984,0.9943830172497492,0.9943830172497492
2,2,7,4,4,B,A,D,large,0.9919012904872997,0.8327161394957037,0.8795197422571301,0.13748889565122616,1,0.8245241839966397,0.8909410894268043,0.8362205954436307,0.8362205954436307,0.9753604687407306,0.9753604687407306,0.9040383041182172,0.9040383041182172
2,2,8,1,1,A,B,A,small,-0.0018978962030492352,0.1854363589426862,0.8485083240958841,0.06009383077991578,1,0.29202001498620667,0.29202001498620667,0.8244707917839179,0.8624096047327551,0.2666804893165891,0.2666804893165891,0.22605842412963767,0.22605842412963767
2,2,8,2,3,B,A,C,small,0.6665440655727437,0,0.9499999999999998,1,1,0.8877893982765671,0.9550811584492837,0.6186165006750065,0.6186165006750065,0.13154483168078485,0.13154483168078485,0.06577241584039242,0.06577241584039242
2,2,8,3,2,A,B,B,large,0.3383251746463138,1,0.9499999999999998,1,1,0.6306240701791163,0.6306240701791163,0.9550811584492837,0.9550811584492837,0.9943830172497492,0.9943830172497492,0.9971915086248746,0.9971915086248746
2,2,8,4,4,B,A,D,large,0.9913594791164708,0.6852622662076507,0.8909410894268043,0,1,0.8909410894268043,0.9014010895563556,0.8362205954436307,0.8362205954436307,0.9040383041182172,0.9040383041182172,0.794650285162934,0.794650285162934
2,2,9,1,4,A,B,D,large,0.9993238345782421,0.7369568135890353,0.8362205954436307,0,1,0.9014010895563556,0.9014010895563556,0.8362205954436307,0.8510514981054682,0.794650285162934,0.794650285162934,0.7658035493759847,0.7658035493759847
2,2,9,2,3,B,A,C,small,0.6680382280489328,0.19137775562904746,0.9499999999999998,0.03536632745595967,0,0.9550811584492837,0.9507077096900849,0.6186165006750065,0.6186165006750065,0.06577241584039242,0.06577241584039242,0.06577241584039242,0.06577241584039242
2,2,9,3,1,A,B,A,small,-4.762332924379265e-4,0.31091585576680136,0.8624096047327551,0,1,0.29202001498620667,0.29202001498620667,0.8624096047327551,0.8752228524744275,0.22605842412963767,0.22605842412963767,0.2684871399482195,0.2684871399482195
2,2,9,4,2,B,A,B,large,0.34973007959976293,0.8901840290478147,0.7913789820117332,0.40188727958154224,1,0.6306240701791163,0.8093446773796955,0.9550811584492837,0.9550811584492837,0.9971915086248746,0.9971915086248746,0.9436877688363446,0.9436877688363446
2,2,10,1,3,A,B,C,small,0.6637164984206912,0.05608542998478635,0.8898752963050072,0.6781469890750016,0,0.9507077096900849,0.9507077096900849,0.6186165006750065,0.8913366813352815,0.06577241584039242,0.06577241584039242,0.06577241584039242,0.06577241584039242
2,2,10,2,1,B,A,A,small,0.008491274806518,0.13854626362435724,0.3983829437218924,0.26590732183921423,1,0.29202001498620667,0.42562901058100366,0.8752228524744275,0.8752228524744275,0.2684871399482195,0.2684871399482195,0.20351670178628836,0.20351670178628836
2,2,10,3,2,B,A,B,large,0.333126201277349,0.9074727245584118,0.9499999999999998,0.4875604344380123,1,0.8093446773796955,0.9550811584492837,0.9550811584492837,0.9550811584492837,0.9436877688363446,0.9436877688363446,0.9255802466973782,0.9255802466973782
2,2,10,4,4,A,B,D,large,1.0031430884463108,0.7252949433537552,0.8510514981054682,0,1,0.9014010895563556,0.9014010895563556,0.8510514981054682,0.8647566068046886,0.7658035493759847,0.7658035493759847,0.74554924636487,0.74554924636487
2,3,1,1,2,A,B,B,large,0.3440221501474883,0.6145657669881894,0.21144411154682163,0,0,0.19117262284954673,0.19117262284954673,0.2114441115468216,0.2139559691076057,0.9255802466973782,0.9255802466973782,0.9255802466973782,0.9255802466973782
2,3,1,2,3,B,A,C,small,0.6711731123672817,0.3043771464391745,0.20300631729282206,0,0,0.20300631729282206,0.20544405275240812,0.2903591661429742,0.2903591661429742,0.06577241584039242,0.06577241584039242,0.06577241584039242,0.06577241584039242
2,3,1,3,4,A,B,D,large,0.9968497284741825,1,0.7195684985749445,1,1,0.15066875188736722,0.15066875188736722,0.3195684985749445,0.7416998242684684,0.74554924636487,0.74554924636487,0.8727746231824349,0.8727746231824349
2,3,1,4,1,B,A,A,small,-0.012153529613580938,0.12337961989109007,0.5059861504058825,0.33671667447719866,1,0.37129948061500295,0.5340586124771276,0.2323517566215209,0.2323517566215209,0.20351670178628836,0.20351670178628836,0.1634481608386892,0.1634481608386892
2,3,2,1,1,B,A,A,small,-0.019152632549210354,0.257991065536365,0.5340586124771276,0,1,0.5340586124771276,0.5619169959997247,0.2323517566215209,0.2323517566215209,0.1634481608386892,0.1634481608386892,0.21071961318752713,0.21071961318752713
2,3,2,2,2,A,B,B,large,0.3361881012092914,1,0.6139559691076057,1,1,0.19117262284954673,0.19117262284954673,0.2139559691076057,0.6402551598543178,0.9255802466973782,0.9255802466973782,0.9627901233486891,0.9627901233486891
2,3,2,3,4,B,A,D,large,0.9979200230585797,1,0.5506687518873672,1,1,0.15066875188736722,0.5783181646358841,0.7416998242684684,0.7416998242684684,0.8727746231824349,0.8727746231824349,0.9363873115912175,0.9363873115912175
2,3,2,4,3,A,B,C,small,0.6570553572445312,0,0.6903591661429742,1,1,0.20544405275240812,0.20544405275240812,0.2903591661429742,0.7138790583277972,0.06577241584039242,0.06577241584039242,0.03288620792019621,0.03288620792019621
2,3,3,1,4,B,A,D,large,1.0030138966105353,0.927909511541488,0.8154099358010294,0.5927294279128632,1,0.5783181646358841,0.8317461560273665,0.7416998242684684,0.7416998242684684,0.9363873115912175,0.9363873115912175,0.9321484115663528,0.9321484115663528
2,3,3,2,1,A,B,A,small,-0.014669011594165997,0.26611192646230025,0.23235175662152094,0,0,0.5619169959997247,0.5619169959997247,0.2323517566215209,0.2350379568743869,0.21071961318752713,0.21071961318752713,0.21071961318752713,0.21071961318752713
2,3,3,3,2,B,A,B,large,0.34455487298944676,0.84683207538788,0.27103104224048924,0.19964604847735626,0,0.19117262284954673,0.27400479819553686,0.6402551598543178,0.6402551598543178,0.9627901233486891,0.9627901233486891,0.9627901233486891,0.9627901233486891
2,3,3,4,3,A,B,C,small,0.6656861549415312,0.22004535974493075,0.7138790583277972,0,1,0.20544405275240812,0.20544405275240812,0.7138790583277972,0.7362948384474376,0.03288620792019621,0.03288620792019621,0.1264657838325635,0.1264657838325635
2,3,4,1,4,B,A,D,large,1.0104048016832983,1,0.9499999999999998,1,1,0.8317461560273665,0.9550811584492837,0.7416998242684684,0.7416998242684684,0.9321484115663528,0.9321484115663528,0.9660742057831764,0.9660742057831764
2,3,4,2,2,B,A,B,large,0.3487436950698241,0.5803146621227303,0.27400479819553686,0,0,0.27400479819553686,0.2769987839862789,0.6402551598543178,0.6402551598543178,0.9627901233486891,0.9627901233486891,0.9627901233486891,0.9627901233486891
2,3,4,3,3,A,B,C,small,0.6607363966270897,0.5439751433934666,0.7362948384474376,0,1,0.20544405275240812,0.20544405275240812,0.7362948384474376,0.7575509053403109,0.1264657838325635,0.1264657838325635,0.33522046361301505,0.33522046361301505
2,3,4,4,1,A,B,A,small,-0.006074260885460309,0,0.6350379568743869,1,1,0.5619169959997247,0.5619169959997247,0.2350379568743869,0.6606946663348101,0.21071961318752713,0.21071961318752713,0.10535980659376357,0.10535980659376357
2,3,5,1,3,B,A,C,small,0.6659081308019563,0.12952913564093838,0.3285428362622491,0.3077469587746025,0,0.20544405275240812,0.33186034282827676,0.7575509053403109,0.7575509053403109,0.33522046361301505,0.33522046361301505,0.33522046361301505,0.33522046361301505
2,3,5,2,1,A,B,A,small,-0.020684777976786282,0,0.9499999999999998,1,1,0.5619169959997247,0.5619169959997247,0.6606946663348101,0.9550811584492837,0.10535980659376357,0.10535980659376357,0.05267990329688178,0.05267990329688178
2,3,5,3,2,A,B,B,large,0.3334207831717785,0.7587956364638399,0.6402551598543178,0,1,0.2769987839862789,0.2769987839862789,0.6402551598543178,0.665738155383846,0.9627901233486891,0.9627901233486891,0.8607928799062645,0.8607928799062645
2,3,5,4,4,B,A,D,large,0.9966394485985623,0.7505894124705115,0.9499999999999998,0,1,0.9550811584492837,0.9550811584492837,0.7416998242684684,0.7416998242684684,0.9660742057831764,0.9660742057831764,0.8583318091268439,0.8583318091268439
2,3,6,1,2,B,A,B,large,0.3333462989332464,0.6115039467032733,0.2769987839862789,0,0,0.2769987839862789,0.28001286649826984,0.665738155383846,0.665738155383846,0.8607928799062645,0.8607928799062645,0.8607928799062645,0.8607928799062645
2,3,6,2,3,B,A,C,small,0.6622477776292515,0.21038286998150796,0.3318603428282767,0,1,0.33186034282827676,0.3572585044135774,0.7575509053403109,0.7575509053403109,0.33522046361301505,0.33522046361301505,0.2728016667972615,0.2728016667972615
2,3,6,3,4,A,B,D,large,1.026628899211656,0.7988431329132077,0.7416998242684684,0,1,0.9550811584492837,0.9550811584492837,0.7416998242684684,0.7626606554489225,0.8583318091268439,0.8583318091268439,0.8285874710200258,0.8285874710200258
2,3,6,4,1,A,B,A,small,-0.0022917625098268207,0,0.9499999999999998,1,1,0.5619169959997247,0.5619169959997247,0.9550811584492837,0.9550811584492837,0.05267990329688178,0.05267990329688178,0.02633995164844089,0.02633995164844089
2,3,7,1,1,A,B,A,small,-0.021661005343259588,0.3765458141206843,0.9499999999999998,0,1,0.5619169959997247,0.5619169959997247,0.9550811584492837,0.9550811584492837,0.02633995164844089,0.02633995164844089,0.20144288288456258,0.20144288288456258
2,3,7,2,2,A,B,B,large,0.33445388962660816,0.5938531140304406,0.665738155383846,0,1,0.28001286649826984,0.28001286649826984,0.665738155383846,0.6902892213808618,0.8607928799062645,0.8607928799062645,0.7273229969683526,0.7273229969683526
2,3,7,3,4,B,A,D,large,1.0009533355725753,0.7853992995838093,0.9499999999999998,0,1,0.9550811584492837,0.9550811584492837,0.7626606554489225,0.7626606554489225,0.8285874710200258,0.8285874710200258,0.8069933853019176,0.8069933853019176
2,3,7,4,3,B,A,C,small,0.6550233112443377,0.38267211842720134,0.3572585044135774,0,0,0.3572585044135774,0.3607102031857102,0.7575509053403109,0.7575509053403109,0.2728016667972615,0.2728016667972615,0.2728016667972615,0.2728016667972615
2,3,8,1,2,B,A,B,large,0.3271572164401482,0.8836309919566079,0.42808506160936,0.3701804877777253,0,0.28001286649826984,0.431761382038512,0.6902892213808618,0.6902892213808618,0.7273229969683526,0.7273229969683526,0.7273229969683526,0.7273229969683526
2,3,8,2,4,A,B,D,large,0.9928587381090689,0.6086188432931371,0.7626606554489225,0,1,0.9550811584492837,0.9550811584492837,0.7626606554489225,0.7824195147502107,0.8069933853019176,0.8069933853019176,0.7078061142975274,0.7078061142975274
2,3,8,3,3,B,A,C,small,0.6752930686269062,0.3162366048364167,0.3607102031857102,0,0,0.3607102031857102,0.36417635547787747,0.7575509053403109,0.7575509053403109,0.2728016667972615,0.2728016667972615,0.2728016667972615,0.2728016667972615
2,3,8,4,1,A,B,A,small,-0.006635300300528271,0.1523372566902547,0.9499999999999998,0.2033587131862544,1,0.5619169959997247,0.5619169959997247,0.9550811584492837,0.9550811584492837,0.20144288288456258,0.20144288288456258,0.17689006978740862,0.17689006978740862
2,3,9,1,3,B,A,C,small,0.6701357820682887,0.3641435065087114,0.3641763554778774,0,0,0.36417635547787747,0.36765665990070645,0.7575509053403109,0.7575509053403109,0.2728016667972615,0.2728016667972615,0.2728016667972615,0.2728016667972615
2,3,9,2,4,B,A,D,large,1.00078175549695,0.43359492308609116,0.9499999999999998,0,1,0.9550811584492837,0.9550811584492837,0.7824195147502107,0.7824195147502107,0.7078061142975274,0.7078061142975274,0.5707005186918093,0.5707005186918093
2,3,9,3,2,A,B,B,large,0.3388572556624176,0.528083701931925,0.6902892213808617,0,0,0.431761382038512,0.431761382038512,0.6902892213808618,0.6934868843962175,0.7273229969683526,0.7273229969683526,0.7273229969683526,0.7273229969683526
2,3,9,4,1,A,B,A,small,-0.00361643875216373,0.09872208392116696,0.9499999999999998,0.4565213019105196,1,0.5619169959997247,0.5619169959997247,0.9550811584492837,0.9550811584492837,0.17689006978740862,0.17689006978740862,0.1378060768542878,0.1378060768542878
2,3,10,1,1,B,A,A,small,-0.00482552752428061,0.019664087214033905,0.9151263305741256,0.8830233364360025,0,0.5619169959997247,0.9162841511827209,0.9550811584492837,0.9550811584492837,0.1378060768542878,0.1378060768542878,0.1378060768542878,0.1378060768542878
2,3,10,2,4,B,A,D,large,1.0035977160154448,0.5881998460650326,0.9499999999999998,0,1,0.9550811584492837,0.9550811584492837,0.7824195147502107,0.7824195147502107,0.5707005186918093,0.5707005186918093,0.5794501823784209,0.5794501823784209
2,3,10,3,3,A,B,C,small,0.6732186732986128,0.5781438968508542,0.7575509053403109,0,1,0.36765665990070645,0.36765665990070645,0.7575509053403109,0.7776111157032431,0.2728016667972615,0.2728016667972615,0.42547278182405784,0.42547278182405784
2,3,10,4,2,A,B,B,large,0.33447357534433986,0.8332923515754879,0.7494836618340006,0.13999194359445757,0,0.431761382038512,0.431761382038512,0.6934868843962175,0.7522894776841283,0.7273229969683526,0.7273229969683526,0.7273229969683526,0.7273229969683526
2,4,1,1,3,A,B,C,small,0.657017642520121,0.15839541507255714,0.4626748340803059,0.17642282814924592,0,0.3352505089188507,0.3352505089188507,0.39210570282060747,0.4664059555728079,0.42547278182405784,0.42547278182405784,0.42547278182405784,0.42547278182405784
2,4,1,2,2,B,A,B,large,0.32580066360934484,0.42324006769981526,0.2857898287948584,0,1,0.28578982879485837,0.30929429521744806,0.4462011448965941,0.4462011448965941,0.7273229969683526,0.7273229969683526,0.5752815323340839,0.5752815323340839
2,4,1,3,4,A,B,D,large,0.9921549227811656,0.7003284227810316,0.18807429237890627,0,0,0.47956621757113876,0.47956621757113876,0.1880742923789063,0.19037555185418278,0.5794501823784209,0.5794501823784209,0.5794501823784209,0.5794501823784209
2,4,1,4,1,B,A,A,small,0.013789408472454433,0,0.678011507481513,1,0,0.2780115074815129,0.681277404286038,0.2231414558934338,0.2231414558934338,0.1378060768542878,0.1378060768542878,0.1378060768542878,0.1378060768542878
2,4,2,1,2,B,A,B,large,0.3286903265542195,0.4670366194120987,0.30929429521744806,0,0,0.30929429521744806,0.3125078977601441,0.4462011448965941,0.4462011448965941,0.5752815323340839,0.5752815323340839,0.5752815323340839,0.5752815323340839
2,4,2,2,3,A,B,C,small,0.650427514436752,0.09037164458872893,0.6657866540576034,0.49845174621198857,1,0.3352505089188507,0.3352505089188507,0.4664059555728079,0.6903358148124319,0.42547278182405784,0.42547278182405784,0.2579222132063934,0.2579222132063934
2,4,2,3,4,B,A,D,large,0.9947662050392512,0.9227479398403072,0.7058704418977936,0.565760560816637,1,0.47956621757113876,0.7286751807881681,0.19037555185418278,0.19037555185418278,0.5794501823784209,0.5794501823784209,0.7510990611093641,0.7510990611093641
2,4,2,4,1,A,B,A,small,-0.0015326249347134087,0.11848064794347858,0.367162077533983,0.36005155410137296,0,0.681277404286038,0.681277404286038,0.2231414558934338,0.3706542818081312,0.1378060768542878,0.1378060768542878,0.1378060768542878,0.1378060768542878
2,4,3,1,2,B,A,B,large,0.31623832425436493,0.6838037019390513,0.3125078977601441,0,0,0.3125078977601441,0.3157396266941947,0.4462011448965941,0.4462011448965941,0.5752815323340839,0.5752815323340839,0.5752815323340839,0.5752815323340839
2,4,3,2,4,A,B,D,large,1.011351464528403,0.8642586018040659,0.3019120279266787,0.2788411901812397,0,0.7286751807881681,0.7286751807881681,0.19037555185418278,0.3050828072031399,0.7510990611093641,0.7510990611093641,0.7510990611093641,0.7510990611093641
2,4,3,3,1,A,B,A,small,-0.009198328036947052,0.14394294864387835,0.4671443473510657,0.24122516385733614,0,0.681277404286038,0.681277404286038,0.3706542818081312,0.47087992592364564,0.1378060768542878,0.1378060768542878,0.1378060768542878,0.1378060768542878
2,4,3,4,3,B,A,C,small,0.6666658270837406,0.0068776622609402925,0.7186754613122978,0.9585623809836171,0,0.3352505089188507,0.721698205276397,0.6903358148124319,0.6903358148124319,0.2579222132063934,0.2579222132063934,0.2579222132063934,0.2579222132063934
2,4,4,1,3,A,B,C,small,0.6596369520557381,0.16344325202354537,0.7520266044531528,0.15422697410180272,1,0.721698205276397,0.721698205276397,0.6903358148124319,0.7724065728348721,0.2579222132063934,0.2579222132063934,0.2106827326149694,0.2106827326149694
2,4,4,2,4,B,A,D,large,1.0078400538117345,0.24791322728056722,0.7286751807881681,0,0,0.7286751807881681,0.7316306028245579,0.3050828072031399,0.3050828072031399,0.7510990611093641,0.7510990611093641,0.7510990611093641,0.7510990611093641
2,4,4,3,1,B,A,A,small,0.0031280707542430952,0,0.9499999999999998,1,1,0.681277404286038,0.9550811584492837,0.47087992592364564,0.47087992592364564,0.1378060768542878,0.1378060768542878,0.0689030384271439,0.0689030384271439
2,4,4,4,2,A,B,B,large,0.33367865935615326,0.5167437531328349,0.4462011448965941,0,1,0.3157396266941947,0.3157396266941947,0.4462011448965941,0.4741401708839773,0.5752815323340839,0.5752815323340839,0.5460126427334594,0.5460126427334594
2,4,5,1,4,A,B,D,large,1.0060362818089967,1,0.7050828072031399,1,0,0.7316306028245579,0.7316306028245579,0.3050828072031399,0.708192298983683,0.7510990611093641,0.7510990611093641,0.7510990611093641,0.7510990611093641
2,4,5,2,3,B,A,C,small,0.6738496381139392,0.018401486296431548,0.9499999999999998,0.8903968078735546,1,0.721698205276397,0.9550811584492837,0.7724065728348721,0.7724065728348721,0.2106827326149694,0.2106827326149694,0.11454210945570047,0.11454210945570047
2,4,5,3,2,B,A,B,large,0.3351030248856411,0.8334689221572988,0.3720434420810575,0.14075953846715702,1,0.3157396266941947,0.3986818668399256,0.4741401708839773,0.4741401708839773,0.5460126427334594,0.5460126427334594,0.6897407824453792,0.6897407824453792
2,4,5,4,1,A,B,A,small,-0.0050071583119409525,0.08938915530831798,0.672252472496893,0.5034313664331184,1,0.9550811584492837,0.9550811584492837,0.47087992592364564,0.6965431660981964,0.0689030384271439,0.0689030384271439,0.07914609686773094,0.07914609686773094
2,4,6,1,3,A,B,C,small,0.6531411598097078,0.1259897095379861,0.9021574871102174,0.32437728568836305,1,0.9550811584492837,0.9550811584492837,0.7724065728348721,0.9116483876571494,0.11454210945570047,0.11454210945570047,0.12026590949684329,0.12026590949684329
2,4,6,2,1,A,B,A,small,-0.01462239871629619,0.05500679691810415,0.9499999999999998,0.6840024963893698,1,0.9550811584492837,0.9550811584492837,0.6965431660981964,0.9550811584492837,0.07914609686773094,0.07914609686773094,0.06707644689291754,0.06707644689291754
2,4,6,3,2,B,A,B,large,0.3523831329764849,0.7163876980997935,0.3986818668399256,0,0,0.3986818668399256,0.4022832921972566,0.4741401708839773,0.4741401708839773,0.6897407824453792,0.6897407824453792,0.6897407824453792,0.6897407824453792
2,4,6,4,4,B,A,D,large,1.0051282498370122,0.44273491413683863,0.7316306028245579,0,1,0.7316306028245579,0.7531365804160232,0.708192298983683,0.708192298983683,0.7510990611093641,0.7510990611093641,0.5969169876231013,0.5969169876231013
2,4,7,1,2,A,B,B,large,0.3399895065379224,0.8114212586417026,0.49293174890096686,0.046978945042473866,1,0.4022832921972566,0.4022832921972566,0.4741401708839773,0.5210438392862081,0.6897407824453792,0.6897407824453792,0.7505810205435408,0.7505810205435408
2,4,7,2,3,A,B,C,small,0.6750291853998402,0.19969412872418152,0.9121460688083463,0.0012442028779921553,1,0.9550811584492837,0.9550811584492837,0.9116483876571494,0.9207531693920671,0.12026590949684329,0.12026590949684329,0.1599800191105124,0.1599800191105124
2,4,7,3,1,B,A,A,small,0.01159246893482435,0.09270067622580734,0.9499999999999998,0.4866863668080946,1,0.9550811584492837,0.9550811584492837,0.9550811584492837,0.9550811584492837,0.06707644689291754,0.06707644689291754,0.07988856155936244,0.07988856155936244
2,4,7,4,4,B,A,D,large,1.0121577407761895,0.4288377898193148,0.7531365804160232,0,1,0.7531365804160232,0.7734528055056056,0.708192298983683,0.708192298983683,0.5969169876231013,0.5969169876231013,0.512877388721208,0.512877388721208
2,4,8,1,4,B,A,D,large,0.9832358291100033,0.5426351689713604,0.7734528055056056,0,1,0.7734528055056056,0.7925575823722163,0.708192298983683,0.708192298983683,0.512877388721208,0.512877388721208,0.5277562788462842,0.5277562788462842
2,4,8,2,1,A,B,A,small,7.991876460833671e-4,0.2225166714394342,0.9499999999999998,0,1,0.9550811584492837,0.9550811584492837,0.9550811584492837,0.9550811584492837,0.07988856155936244,0.07988856155936244,0.1512026164993983,0.1512026164993983
2,4,8,3,2,B,A,B,large,0.35256040576922854,0.8281329435349872,0.44935609919598896,0.11768201749683069,0,0.4022832921972566,0.45307037906749337,0.5210438392862081,0.5210438392862081,0.7505810205435408,0.7505810205435408,0.7505810205435408,0.7505810205435408
2,4,8,4,3,A,B,C,small,0.6498927433832578,0.13156747240083147,0.9499999999999998,0.2982229261121693,1,0.9550811584492837,0.9550811584492837,0.9207531693920671,0.9550811584492837,0.1599800191105124,0.1599800191105124,0.14577374575567192,0.14577374575567192
2,4,9,1,4,A,B,D,large,0.9957654899932991,0.6580431003222436,0.7081922989836831,0,1,0.7925575823722163,0.7925575823722163,0.708192298983683,0.7308856505184514,0.5277562788462842,0.5277562788462842,0.5928996895842639,0.5928996895842639
2,4,9,2,1,B,A,A,small,-6.627075579559135e-4,0.08293280393542211,0.9499999999999998,0.5363991047192411,1,0.9550811584492837,0.9550811584492837,0.9550811584492837,0.9550811584492837,0.1512026164993983,0.1512026164993983,0.11706771021741022,0.11706771021741022
2,4,9,3,3,A,B,C,small,0.6634400444750503,0.21312616484497307,0.9499999999999998,0,1,0.9550811584492837,0.9550811584492837,0.9550811584492837,0.9550811584492837,0.14577374575567192,0.14577374575567192,0.17944995530032248,0.17944995530032248
2,4,9,4,2,B,A,B,large,0.3344659717552865,0.8690750039556747,0.5735586500437065,0.301220677440533,1,0.45307037906749337,0.6008205779115012,0.5210438392862081,0.5210438392862081,0.7505810205435408,0.7505810205435408,0.8098280122496078,0.8098280122496078
2,4,10,1,1,A,B,A,small,0.024735992181423694,0,0.9499999999999998,1,1,0.9550811584492837,0.9550811584492837,0.9550811584492837,0.9550811584492837,0.11706771021741022,0.11706771021741022,0.05853385510870511,0.05853385510870511
2,4,10,2,3,B,A,C,small,0.6804485185756687,0.15867640057775434,0.9499999999999998,0.17518140786366954,1,0.9550811584492837,0.9550811584492837,0.9550811584492837,0.9550811584492837,0.17944995530032248,0.17944995530032248,0.1690631779390384,0.1690631779390384
2,4,10,3,4,B,A,D,large,1.0027631099702607,0.5317053455455784,0.7925575823722163,0,1,0.7925575823722163,0.810446091780781,0.7308856505184514,0.7308856505184514,0.5928996895842639,0.5928996895842639,0.5623025175649211,0.5623025175649211
2,4,10,4,2,A,B,B,large,0.3283774094671513,1,0.9210438392862081,1,1,0.6008205779115012,0.6008205779115012,0.5210438392862081,0.9288472194242101,0.8098280122496078,0.8098280122496078,0.9049140061248039,0.9049140061248039
2,5,1,1,4,A,B,D,large,0.9908887420711658,0.5788962568829871,0.1262642492167888,0,0,0.46902809115384114,0.46902809115384114,0.1262642492167888,0.1279283709703148,0.5623025175649211,0.5623025175649211,0.5623025175649211,0.5623025175649211
2,5,1,2,2,B,A,B,large,0.33308301141210095,1,0.5640922183703214,1,1,0.1640922183703214,0.5915283343694228,0.3167484616372804,0.3167484616372804,0.9049140061248039,0.9049140061248039,0.952457003062402,0.952457003062402
2,5,1,3,1,A,B,A,small,-6.308880617199897e-4,0,0.6219418213922586,1,1,0.16875419864384866,0.16875419864384866,0.22194182139225863,0.648008881421792,0.05853385510870511,0.05853385510870511,0.029266927554352555,0.029266927554352555
2,5,1,4,3,B,A,C,small,0.6763928667914547,0.6053376908800909,0.1478698285544415,0,0,0.14786982855444147,0.14976989411991146,0.3143038346809258,0.3143038346809258,0.1690631779390384,0.1690631779390384,0.1690631779390384,0.1690631779390384
2,5,2,1,1,B,A,A,small,-0.0023271416035544556,0.016370173725592976,0.5296736497026209,0.9022986276469304,0,0.16875419864384866,0.5334087092954665,0.648008881421792,0.648008881421792,0.029266927554352555,0.029266927554352555,0.029266927554352555,0.029266927554352555
2,5,2,2,4,A,B,D,large,0.9996250874761483,0.5366068782141404,0.12792837097031476,0,0,0.46902809115384114,0.46902809115384114,0.1279283709703148,0.12961117179766296,0.5623025175649211,0.5623025175649211,0.5623025175649211,0.5623025175649211
2,5,2,3,2,A,B,B,large,0.33382929393569366,1,0.7167484616372803,1,0,0.5915283343694228,0.5915283343694228,0.3167484616372804,0.7197838375938266,0.952457003062402,0.952457003062402,0.952457003062402,0.952457003062402
2,5,2,4,3,B,A,C,small,0.6824560732416877,0.20685694308735,0.14976989411991146,0,0,0.14976989411991146,0.15169002854479832,0.3143038346809258,0.3143038346809258,0.1690631779390384,0.1690631779390384,0.1690631779390384,0.1690631779390384
2,5,3,1,3,B,A,C,small,0.6649194391801063,0.3760192442414012,0.15169002854479832,0,1,0.15169002854479832,0.1667404246967908,0.3143038346809258,0.3143038346809258,0.1690631779390384,0.1690631779390384,0.2725412110902198,0.2725412110902198
2,5,3,2,4,A,B,D,large,0.9958391014051536,0.42734666577420094,0.12961117179766293,0,0,0.46902809115384114,0.46902809115384114,0.12961117179766296,0.13131277545663714,0.5623025175649211,0.5623025175649211,0.5623025175649211,0.5623025175649211
2,5,3,3,1,A,B,A,small,0.0062536668062171405,0,0.9499999999999998,1,1,0.5334087092954665,0.5334087092954665,0.648008881421792,0.9550811584492837,0.029266927554352555,0.029266927554352555,0.014633463777176278,0.014633463777176278
2,5,3,4,2,B,A,B,large,0.3465099587313433,0.8974953433485793,0.7666311049425346,0.43775692643277947,1,0.5915283343694228,0.7861521024650862,0.7197838375938266,0.7197838375938266,0.952457003062402,0.952457003062402,0.9249761732054906,0.9249761732054906
2,5,4,1,2,B,A,B,large,0.3338751896161157,0.8192931451551424,0.8181475753916964,0.0799886823165257,0,0.7861521024650862,0.8203686660314623,0.7197838375938266,0.7197838375938266,0.9249761732054906,0.9249761732054906,0.9249761732054906,0.9249761732054906
2,5,4,2,4,A,B,D,large,1.0164348694202652,0.9021554556937189,0.3156707256615663,0.46089487551232294,0,0.46902809115384114,0.46902809115384114,0.13131277545663714,0.3189199895342018,0.5623025175649211,0.5623025175649211,0.5623025175649211,0.5623025175649211
2,5,4,3,1,B,A,A,small,-0.0010767899490082258,0,0.9334087092954665,1,1,0.5334087092954665,0.9400695627728014,0.9550811584492837,0.9550811584492837,0.014633463777176278,0.014633463777176278,0.007316731888588139,0.007316731888588139
2,5,4,4,3,A,B,C,small,0.6726365176836785,0,0.7143038346809258,1,0,0.1667404246967908,0.1667404246967908,0.3143038346809258,0.7173550770727845,0.2725412110902198,0.2725412110902198,0.2725412110902198,0.2725412110902198
2,5,5,1,3,B,A,C,small,0.6621949911058059,0.4816674055103422,0.16674042469679076,0,0,0.1667404246967908,0.16883492644852485,0.7173550770727845,0.7173550770727845,0.2725412110902198,0.2725412110902198,0.2725412110902198,0.2725412110902198
2,5,5,2,4,A,B,D,large,0.9942308764426256,0.6354518790141546,0.31891998953420186,0,0,0.46902809115384114,0.46902809115384114,0.3189199895342018,0.32218695245121054,0.5623025175649211,0.5623025175649211,0.5623025175649211,0.5623025175649211
2,5,5,3,1,A,B,A,small,-0.007306549428743063,0.08900709403044618,0.9499999999999998,0.5053704386445963,1,0.9400695627728014,0.9400695627728014,0.9550811584492837,0.9550811584492837,0.007316731888588139,0.007316731888588139,0.04816191295951716,0.04816191295951716
2,5,5,4,2,B,A,B,large,0.33609675919363713,0.9691432647093815,0.9499999999999998,0.8184670623538589,1,0.8203686660314623,0.9550811584492837,0.7197838375938266,0.7197838375938266,0.9249761732054906,0.9249761732054906,0.9470597189574361,0.9470597189574361
2,5,6,1,1,B,A,A,small,-0.0037030071262789182,0,0.9499999999999998,1,1,0.9400695627728014,0.9550811584492837,0.9550811584492837,0.9550811584492837,0.04816191295951716,0.04816191295951716,0.02408095647975858,0.02408095647975858
2,5,6,2,3,A,B,C,small,0.6804373207862212,0.2518978885467334,0.7173550770727845,0,1,0.16883492644852485,0.16883492644852485,0.7173550770727845,0.7395978688349818,0.2725412110902198,0.2725412110902198,0.2622195498184766,0.2622195498184766
2,5,6,3,4,B,A,D,large,1.000716786149079,0.8263854791095704,0.5130992120968743,0.11017780235758269,1,0.46902809115384114,0.5411340327224705,0.32218695245121054,0.32218695245121054,0.5623025175649211,0.5623025175649211,0.6943439983372457,0.6943439983372457
2,5,6,4,2,A,B,B,large,0.33841479704342886,0.9569715777448718,0.9499999999999998,0.7498849217233018,1,0.9550811584492837,0.9550811584492837,0.7197838375938266,0.9550811584492837,0.9470597189574361,0.9470597189574361,0.9520156483511539,0.9520156483511539
2,5,7,1,3,A,B,C,small,0.6668749151477301,0.10651830864153733,0.9067982067184226,0.4180008447086019,1,0.16883492644852485,0.16883492644852485,0.7395978688349818,0.91588092278182065,0.2622195498184766,0.2622195498184766,0.18436892923000697,0.18436892923000697
2,5,7,2,1,B,A,A,small,-0.0030850780814512696,0,0.9499999999999998,1,1,0.9550811584492837,0.9550811584492837,0.9550811584492837,0.9550811584492837,0.02408095647975858,0.02408095647975858,0.01204047823987929,0.01204047823987929
2,5,7,3,2,A,B,B,large,0.33473236996392014,1,0.9499999999999998,1,1,0.9550811584492837,0.9550811584492837,0.9550811584492837,0.9550811584492837,0.9520156483511539,0.9520156483511539,0.976007824175577,0.976007824175577
2,5,7,4,4,B,A,D,large,0.9940155846955064,0.8593681119939917,0.643668816932859,0.2563369605259712,0,0.5411340327224705,0.6471017435637277,0.32218695245121054,0.32218695245121054,0.6943439983372457,0.6943439983372457,0.6943439983372457,0.6943439983372457
2,5,8,1,2,A,B,B,large,0.3306698055381392,1,0.9499999999999998,1,1,0.9550811584492837,0.9550811584492837,0.9550811584492837,0.9550811584492837,0.976007824175577,0.976007824175577,0.9880039120877885,0.9880039120877885
2,5,8,2,3,B,A,C,small,0.67009407819672,0.03012933660803203,0.4978824242192003,0.8226187444266887,1,0.16883492644852485,0.5259839822005077,0.91588092278182065,0.91588092278182065,0.18436892923000697,0.18436892923000697,0.1072491329190195,0.1072491329190195
2,5,8,3,1,A,B,A,small,0.009843117432971683,0.05958188092135011,0.9499999999999998,0.6592526326678891,1,0.9550811584492837,0.9550811584492837,0.9550811584492837,0.9550811584492837,0.01204047823987929,0.01204047823987929,0.0358111795806147,0.0358111795806147
2,5,8,4,4,B,A,D,large,1.0063983117353879,0.5942106105949714,0.6471017435637277,0,1,0.6471017435637277,0.6723479454564977,0.32218695245121054,0.32218695245121054,0.6943439983372457,0.6943439983372457,0.6442773044661085,0.6442773044661085
2,5,9,1,1,A,B,A,small,0.005077458664863802,0,0.9499999999999998,1,1,0.9550811584492837,0.9550811584492837,0.9550811584492837,0.9550811584492837,0.0358111795806147,0.0358111795806147,0.01790558979030735,0.01790558979030735
2,5,9,2,3,B,A,C,small,0.6783810086067102,0.1562694537898102,0.6003192486729649,0.18583816618114313,1,0.5259839822005077,0.6269830131112689,0.91588092278182065,0.91588092278182065,0.1072491329190195,0.1072491329190195,0.13175929335441483,0.13175929335441483
2,5,9,3,2,B,A,B,large,0.32757067184541294,0.9482611739673723,0.9499999999999998,0.7018204314397274,1,0.9550811584492837,0.9550811584492837,0.9550811584492837,0.9550811584492837,0.9880039120877885,0.9880039120877885,0.96813254302758045,0.96813254302758045
2,5,9,4,4,A,B,D,large,0.9949939197349129,0.7895964261920453,0.32218695245121054,0,1,0.6723479454564977,0.6723479454564977,0.32218695245121054,0.34722953036402976,0.6442773044661085,0.6442773044661085,0.7169368653290769,0.7169368653290769
2,5,10,1,2,B,A,B,large,0.31792108188457263,1,0.9499999999999998,1,1,0.9550811584492837,0.9550811584492837,0.9550811584492837,0.9550811584492837,0.96813254302758045,0.96813254302758045,0.9840662715137902,0.9840662715137902
2,5,10,2,3,B,A,C,small,0.6604054646106078,0.28979552172762413,0.6269830131112689,0,1,0.6269830131112689,0.6528964721168937,0.91588092278182065,0.91588092278182065,0.13175929335441483,0.13175929335441483,0.21077740754101948,0.21077740754101948
2,5,10,3,4,A,B,D,large,1.0098980251118481,0.8604304883184046,0.4517123012851353,0.26120692730276374,1,0.6723479454564977,0.6723479454564977,0.34722953036402976,0.4796975012626176,0.7169368653290769,0.7169368653290769,0.7886836768237407,0.7886836768237407
2,5,10,4,1,A,B,A,small,0.01459531242259385,0,0.9499999999999998,1,1,0.9550811584492837,0.9550811584492837,0.9550811584492837,0.9550811584492837,0.01790558979030735,0.01790558979030735,0.008952794895153675,0.008952794895153675
2,6,1,1,2,A,B,B,large,0.34123487964764654,0.8695437109650918,0.22271599338165235,0.3034100641089855,0,0.36436625181620624,0.36436625181620624,0.10135196773805812,0.2253234934573381,0.9840662715137902,0.9840662715137902,0.9840662715137902,0.9840662715137902
2,6,1,2,4,B,A,D,large,0.9960783684753064,1,0.5547500959507514,1,1,0.15475009595075137,0.5823388478451457,0.20544490261038315,0.20544490261038315,0.7886836768237407,0.7886836768237407,0.8943418384118704,0.8943418384118704
2,6,1,3,1,A,B,A,small,0.007084855886451587,0.13260586421878798,0.3486336092410884,0.29338599649550745,0,0.25577395394394664,0.25577395394394664,0.23127921064288542,0.35204761996206946,0.008952794895153675,0.008952794895153675,0.008952794895153675,0.008952794895153675
2,6,1,4,3,B,A,C,small,0.6768916577217232,0.5118115839390998,0.43270253200983827,0,1,0.43270253200983827,0.4604991619657128,0.31755987669081254,0.31755987669081254,0.21077740754101948,0.21077740754101948,0.3612944957400596,0.3612944957400596
2,6,2,1,2,A,B,B,large,0.3378004772652369,0.8500031851378681,0.31086450743729976,0.21385253494990414,0,0.36436625181620624,0.36436625181620624,0.2253234934573381,0.31408700582978866,0.9840662715137902,0.9840662715137902,0.9840662715137902,0.9840662715137902
2,6,2,2,1,B,A,A,small,-0.0041916405504797685,0.08430888981655338,0.4675086444531397,0.5293367262729824,1,0.25577395394394664,0.495587908430376,0.35204761996206946,0.35204761996206946,0.008952794895153675,0.008952794895153675,0.046630842355853526,0.046630842355853526
2,6,2,3,3,B,A,C,small,0.6650768940983085,0.42197258171502866,0.4604991619657128,0,1,0.4604991619657128,0.4885436798979364,0.31755987669081254,0.31755987669081254,0.3612944957400596,0.3612944957400596,0.39163353872754414,0.39163353872754414
2,6,2,4,4,A,B,D,large,1.0098943619968697,0.8365055047006652,0.2670460222713942,0.15400279915252754,0,0.5823388478451457,0.5823388478451457,0.20544490261038315,0.2699922487213237,0.8943418384118704,0.8943418384118704,0.8943418384118704,0.8943418384118704
2,6,3,1,1,A,B,A,small,-0.01607372585960005,0,0.7520476199620696,1,1,0.495587908430376,0.495587908430376,0.35204761996206946,0.7724263838302446,0.046630842355853526,0.046630842355853526,0.023315421177926763,0.023315421177926763
2,6,3,2,2,B,A,B,large,0.3254707040493545,0.47140254267716214,0.3643662518162063,0,0,0.36436625181620624,0.3678473210988236,0.31408700582978866,0.31408700582978866,0.9840662715137902,0.9840662715137902,0.9840662715137902,0.9840662715137902
2,6,3,3,3,B,A,C,small,0.6674168255931492,0.4986200765538642,0.4885436798979364,0,0,0.4885436798979364,0.4922922850811122,0.31755987669081254,0.31755987669081254,0.39163353872754414,0.39163353872754414,0.39163353872754414,0.39163353872754414
2,6,3,4,4,A,B,D,large,1.007874311593359,0.883431873269979,0.4176816665491241,0.36922354456950096,0,0.5823388478451457,0.5823388478451457,0.2699922487213237,0.421334463821859,0.8943418384118704,0.8943418384118704,0.8943418384118704,0.8943418384118704
2,6,4,1,4,B,A,D,large,1.0051534984357833,0.8679197296263097,0.7006720510603754,0.29583300803807433,1,0.5823388478451457,0.7237220840396164,0.421334463821859,0.421334463821859,0.8943418384118704,0.8943418384118704,0.8811307840190901,0.8811307840190901
2,6,4,2,2,A,B,B,large,0.330976383746636,1,0.7140870058297886,1,0,0.3678473210988236,0.3678473210988236,0.31408700582978866,0.7171396469400773,0.9840662715137902,0.9840662715137902,0.9840662715137902,0.9840662715137902
2,6,4,3,1,B,A,A,small,0.0016683839625413195,0.04281795748983462,0.7960105763493028,0.7510566697973171,1,0.495587908430376,0.8136713253532154,0.7724263838302446,0.7724263838302446,0.023315421177926763,0.023315421177926763,0.03306668933388069,0.03306668933388069
2,6,4,4,3,A,B,C,small,0.6644520974220993,0.30641882455952846,0.31755987669081254,0,1,0.4922922850811122,0.4922922850811122,0.31755987669081254,0.34242449722372437,0.39163353872754414,0.39163353872754414,0.34902618164353627,0.34902618164353627
2,6,5,1,2,B,A,B,large,0.3365416886567912,1,0.7678473210988237,1,1,0.3678473210988236,0.7872948105458787,0.7171396469400773,0.7171396469400773,0.9840662715137902,0.9840662715137902,0.9920331357568951,0.9920331357568951
2,6,5,2,3,A,B,C,small,0.6697290433271298,0.3271228329568095,0.3424244972237243,0,0,0.4922922850811122,0.4922922850811122,0.34242449722372437,0.3458099852095072,0.34902618164353627,0.34902618164353627,0.34902618164353627,0.34902618164353627
2,6,5,3,4,A,B,D,large,1.0025966933722288,1,0.8213344638218589,1,1,0.7237220840396164,0.7237220840396164,0.421334463821859,0.8372510133517296,0.8811307840190901,0.8811307840190901,0.940565392009545,0.940565392009545
2,6,5,4,1,B,A,A,small,0.01554644996826083,0.15565302047987156,0.8891016000037731,0.18857568662639418,1,0.8136713253532154,0.8997181700074822,0.7724263838302446,0.7724263838302446,0.03306668933388069,0.03306668933388069,0.09435985490687612,0.09435985490687612
2,6,6,1,3,B,A,C,small,0.6676476556121459,0.3457020717709504,0.4922922850811122,0,1,0.4922922850811122,0.5204053346831627,0.3458099852095072,0.3458099852095072,0.34902618164353627,0.34902618164353627,0.34736412670724337,0.34736412670724337
2,6,6,2,1,A,B,A,small,-0.0015953552626779258,0.013342311900559525,0.9499999999999998,0.9201294019270844,1,0.8997181700074822,0.8997181700074822,0.7724263838302446,0.9550811584492837,0.09435985490687612,0.09435985490687612,0.053851083403717824,0.053851083403717824
2,6,6,3,2,A,B,B,large,0.3291376586691257,1,0.9499999999999998,1,1,0.7872948105458787,0.7872948105458787,0.7171396469400773,0.9550811584492837,0.9920331357568951,0.9920331357568951,0.9960165678784476,0.9960165678784476
2,6,6,4,4,B,A,D,large,0.9878765047969498,1,0.9499999999999998,1,1,0.7237220840396164,0.9550811584492837,0.8372510133517296,0.8372510133517296,0.940565392009545,0.940565392009545,0.9702826960047726,0.9702826960047726
2,6,7,1,3,B,A,C,small,0.6832557371161724,0.31784189417938863,0.5204053346831627,0,1,0.5204053346831627,0.5483897426013763,0.3458099852095072,0.3458099852095072,0.34736412670724337,0.34736412670724337,0.33260301044331597,0.33260301044331597
2,6,7,2,4,A,B,D,large,0.9929140544600334,0.8852658096330611,0.9499999999999998,0.3780516729473419,1,0.9550811584492837,0.9550811584492837,0.8372510133517296,0.9550811584492837,0.9702826960047726,0.9702826960047726,0.9277742528189168,0.9277742528189168
2,6,7,3,1,A,B,A,small,-0.0038723110015045793,0.04077282961507969,0.9499999999999998,0.7624684975546338,1,0.8997181700074822,0.8997181700074822,0.9550811584492837,0.9550811584492837,0.053851083403717824,0.053851083403717824,0.04731195650939876,0.04731195650939876
2,6,7,4,2,B,A,B,large,0.33742478476955456,1,0.9499999999999998,1,1,0.7872948105458787,0.9550811584492837,0.9550811584492837,0.9550811584492837,0.9960165678784476,0.9960165678784476,0.9980082839392238,0.9980082839392238
2,6,8,1,2,A,B,B,large,0.3363299309725145,0.9681148210934892,0.9499999999999998,0.8126074410290978,1,0.9550811584492837,0.9550811584492837,0.9550811584492837,0.9550811584492837,0.9980082839392238,0.9980082839392238,0.9830615525163565,0.9830615525163565
2,6,8,2,3,B,A,C,small,0.6610675961644875,0.3736783605874828,0.5483897426013763,0,0,0.5483897426013763,0.5521018550691907,0.3458099852095072,0.3458099852095072,0.33260301044331597,0.33260301044331597,0.33260301044331597,0.33260301044331597
2,6,8,3,4,B,A,D,large,0.9917708790730443,0.8430899168013897,0.9499999999999998,0.18299676725957892,1,0.9550811584492837,0.9550811584492837,0.9550811584492837,0.9550811584492837,0.9277742528189168,0.9277742528189168,0.8854320848101532,0.8854320848101532
2,6,8,4,1,A,B,A,small,0.024977658616576186,0.17184492739051513,0.9499999999999998,0.11777721564221945,1,0.8997181700074822,0.8997181700074822,0.9550811584492837,0.9550811584492837,0.04731195650939876,0.04731195650939876,0.10957844194995695,0.10957844194995695
2,6,9,1,3,A,B,C,small,0.6844429165156872,0.5473804456631085,0.3458099852095071,0,0,0.5521018550691907,0.5521018550691907,0.3458099852095072,0.34921116945736747,0.33260301044331597,0.33260301044331597,0.33260301044331597,0.33260301044331597
2,6,9,2,2,B,A,B,large,0.32737453224135654,0.901307601433213,0.9499999999999998,0.456669125475703,1,0.9550811584492837,0.9550811584492837,0.9550811584492837,0.9550811584492837,0.9830615525163565,0.9830615525163565,0.9421845769747847,0.9421845769747847
2,6,9,3,1,B,A,A,small,0.006165505585158199,0.08476820216293572,0.9499999999999998,0.5269837565360358,1,0.8997181700074822,0.9550811584492837,0.9550811584492837,0.9550811584492837,0.10957844194995695,0.10957844194995695,0.09717332205644633,0.09717332205644633
2,6,9,4,4,A,B,D,large,0.989412073095596,0.7988375232471894,0.9499999999999998,0,0,0.9550811584492837,0.9550811584492837,0.9550811584492837,0.9507077096900849,0.8854320848101532,0.8854320848101532,0.8854320848101532,0.8854320848101532
2,6,10,1,1,B,A,A,small,-0.009663513978423202,0.03943559439414607,0.9499999999999998,0.7699555575815766,1,0.9550811584492837,0.9550811584492837,0.9550811584492837,0.9550811584492837,0.09717332205644633,0.09717332205644633,0.0683044582252962,0.0683044582252962
2,6,10,2,3,B,A,C,small,0.6684889488758916,0.31763816015005386,0.5521018550691907,0,1,0.5521018550691907,0.579730385387666,0.34921116945736747,0.34921116945736747,0.33260301044331597,0.33260301044331597,0.3251205852966849,0.3251205852966849
2,6,10,3,2,A,B,B,large,0.3249810981440185,0.7603596860566854,0.9499999999999998,0,1,0.9550811584492837,0.9550811584492837,0.9550811584492837,0.9550811584492837,0.9421845769747847,0.9421845769747847,0.851272131515735,0.851272131515735
2,6,10,4,4,A,B,D,large,0.9997844416247134,0.8983805534869419,0.9499999999999998,0.4421355127860647,1,0.9550811584492837,0.9550811584492837,0.9507077096900849,0.9550811584492837,0.8854320848101532,0.8854320848101532,0.8919063191485476,0.8919063191485476
2,7,1,1,3,B,A,C,small,0.6666111288799477,0,0.47820833379627864,1,1,0.07820833379627863,0.50631918375984,0.3579516625238809,0.3579516625238809,0.3251205852966849,0.3251205852966849,0.16256029264834246,0.16256029264834246
2,7,1,2,4,A,B,D,large,1.018455885417443,0.5809610718989112,0.3847870482714399,0,1,0.22358158147162271,0.22358158147162271,0.3847870482714399,0.4117396448954879,0.8919063191485476,0.8919063191485476,0.7364336955237294,0.7364336955237294
2,7,1,3,2,B,A,B,large,0.339617505712733,0.8870714126219232,0.3386254372339338,0.38677510268927,0,0.1839153961582258,0.34199289919215686,0.1929314881749071,0.1929314881749071,0.851272131515735,0.851272131515735,0.851272131515735,0.851272131515735
2,7,1,4,1,A,B,A,small,-0.0018521136521571706,0.29786321767748364,0.22004198557834184,0,0,0.2587743860997918,0.2587743860997918,0.22004198557834187,0.22262714580404186,0.0683044582252962,0.0683044582252962,0.0683044582252962,0.0683044582252962
2,7,2,1,1,B,A,A,small,-0.007871273479837716,0.45144980293342424,0.2587743860997918,0,0,0.2587743860997918,0.2616619332615138,0.22262714580404186,0.22262714580404186,0.0683044582252962,0.0683044582252962,0.0683044582252962,0.0683044582252962
2,7,2,2,4,A,B,D,large,1.008351127007441,1,0.8117396448954879,1,0,0.22358158147162271,0.22358158147162271,0.4117396448954879,0.8140212092125737,0.7364336955237294,0.7364336955237294,0.7364336955237294,0.7364336955237294
2,7,2,3,2,A,B,B,large,0.3265700260253076,1,0.5929314881749072,1,0,0.34199289919215686,0.34199289919215686,0.1929314881749071,0.5965468367690822,0.851272131515735,0.851272131515735,0.851272131515735,0.851272131515735
2,7,2,4,3,B,A,C,small,0.6416076502255009,0.21812683965392196,0.50631918375984,0,1,0.50631918375984,0.5343901356923417,0.3579516625238809,0.3579516625238809,0.16256029264834246,0.16256029264834246,0.1903435661511322,0.1903435661511322
2,7,3,1,2,A,B,B,large,0.3270466031833252,0.7142958796656486,0.5965468367690822,0,1,0.34199289919215686,0.34199289919215686,0.5965468367690822,0.6233043493559148,0.851272131515735,0.851272131515735,0.7827840055906918,0.7827840055906918
2,7,3,2,3,B,A,C,small,0.6488006310686346,0.2582530196470081,0.5343901356923417,0,0,0.5343901356923417,0.538120401263543,0.3579516625238809,0.3579516625238809,0.1903435661511322,0.1903435661511322,0.1903435661511322,0.1903435661511322
2,7,3,3,1,A,B,A,small,0.010194810421367866,0.03179346122277102,0.547878953347912,0.8131295188596753,1,0.2616619332615138,0.2616619332615138,0.22262714580404186,0.5755677198849213,0.0683044582252962,0.0683044582252962,0.05004895972403361,0.05004895972403361
2,7,3,4,4,B,A,D,large,1.0163423231405395,0.6010282227337355,0.22358158147162271,0,0,0.22358158147162271,0.2261962665215326,0.8140212092125737,0.8140212092125737,0.7364336955237294,0.7364336955237294,0.7364336955237294,0.7364336955237294
2,7,4,1,3,B,A,C,small,0.6745248634838271,0.11223155123531266,0.6941808564685157,0.3901511380124316,1,0.538120401263543,0.7175292349393303,0.3579516625238809,0.3579516625238809,0.1903435661511322,0.1903435661511322,0.15128755869322244,0.15128755869322244
2,7,4,2,4,B,A,D,large,0.9810132942021861,0.6814835784871481,0.2261962665215326,0,1,0.2261962665215326,0.24649105048491926,0.8140212092125737,0.8140212092125737,0.7364336955237294,0.7364336955237294,0.7089586370054388,0.7089586370054388
2,7,4,3,1,A,B,A,small,0.020164056241320245,0,0.9499999999999998,1,1,0.2616619332615138,0.2616619332615138,0.5755677198849213,0.9550811584492837,0.05004895972403361,0.05004895972403361,0.025024479862016804,0.025024479862016804
2,7,4,4,2,A,B,B,large,0.3135590981592659,0.7537253023370819,0.6233043493559148,0,0,0.34199289919215686,0.34199289919215686,0.6233043493559148,0.6268197220931503,0.7827840055906918,0.7827840055906918,0.7827840055906918,0.7827840055906918
2,7,5,1,2,A,B,B,large,0.3430106671619714,0.5108795828922075,0.6268197220931503,0,1,0.34199289919215686,0.34199289919215686,0.6268197220931503,0.6527382420105751,0.7827840055906918,0.7827840055906918,0.6468317942414497,0.6468317942414497
2,7,5,2,4,B,A,D,large,1.0021298529475908,0.625939759413717,0.2464910504849193,0,0,0.24649105048491926,0.24928763060831474,0.8140212092125737,0.8140212092125737,0.7089586370054388,0.7089586370054388,0.7089586370054388,0.7089586370054388
2,7,5,3,3,B,A,C,small,0.658923305617644,0.4783741387639964,0.7175292349393303,0,1,0.7175292349393303,0.7397632932542766,0.3579516625238809,0.3579516625238809,0.15128755869322244,0.15128755869322244,0.31483084872860945,0.31483084872860945
2,7,5,4,1,A,B,A,small,-0.009994225995295819,0.20438270508295736,0.9499999999999998,0,1,0.2616619332615138,0.2616619332615138,0.9550811584492837,0.9550811584492837,0.025024479862016804,0.025024479862016804,0.11470359247248708,0.11470359247248708
2,7,6,1,3,B,A,C,small,0.6615927640448624,0.7382141970632989,0.7397632932542766,0,1,0.7397632932542766,0.7608305981571255,0.3579516625238809,0.3579516625238809,0.31483084872860945,0.31483084872860945,0.5265225228959542,0.5265225228959542
2,7,6,2,2,A,B,B,large,0.31203139619452597,1,0.9499999999999998,1,1,0.34199289919215686,0.34199289919215686,0.6527382420105751,0.9550811584492837,0.6468317942414497,0.6468317942414497,0.8234158971207248,0.8234158971207248
2,7,6,3,1,A,B,A,small,0.004039353947917865,0.18708298338031876,0.9499999999999998,0.05321128493730952,1,0.2616619332615138,0.2616619332615138,0.9550811584492837,0.9550811584492837,0.11470359247248708,0.11470359247248708,0.1508932879264029,0.1508932879264029
2,7,6,4,4,B,A,D,large,0.9983157354816571,0.7743118587453527,0.24928763060831474,0,0,0.24928763060831474,0.2521053238525167,0.8140212092125737,0.8140212092125737,0.7089586370054388,0.7089586370054388,0.7089586370054388,0.7089586370054388
2,7,7,1,3,A,B,C,small,0.6688060231693146,0.5310143660716113,0.3579516625238809,0,1,0.7608305981571255,0.7608305981571255,0.3579516625238809,0.38419842636371754,0.5265225228959542,0.5265225228959542,0.5287684444837828,0.5287684444837828
2,7,7,2,4,A,B,D,large,1.0067789433959602,1,0.9499999999999998,1,1,0.2521053238525167,0.2521053238525167,0.8140212092125737,0.9550811584492837,0.7089586370054388,0.7089586370054388,0.8544793185027194,0.8544793185027194
2,7,7,3,1,B,A,A,small,0.004000858123858597,0.1286790622632602,0.38635408267025145,0.311730373521844,1,0.2616619332615138,0.4133426961303722,0.9550811584492837,0.9550811584492837,0.1508932879264029,0.1508932879264029,0.13978617509483154,0.13978617509483154
2,7,7,4,2,B,A,B,large,0.32934549179481815,0.8275812322830498,0.3881168773529278,0.11530994540192734,0,0.34199289919215686,0.3916850311962063,0.9550811584492837,0.9550811584492837,0.8234158971207248,0.8234158971207248,0.8234158971207248,0.8234158971207248
2,7,8,1,1,B,A,A,small,3.337693470174806e-4,0.052349085474005186,0.692736403746472,0.6984842690402496,1,0.4133426961303722,0.7161499686025419,0.9550811584492837,0.9550811584492837,0.13978617509483154,0.13978617509483154,0.09606763028441836,0.09606763028441836
2,7,8,2,2,A,B,B,large,0.32912389196302727,0.4619197418076204,0.9499999999999998,0,1,0.3916850311962063,0.3916850311962063,0.9550811584492837,0.9550811584492837,0.8234158971207248,0.8234158971207248,0.6426678194641726,0.6426678194641726
2,7,8,3,4,B,A,D,large,1.0014431819738554,0.8917689658244525,0.41595275883725347,0.4096185874618418,1,0.2521053238525167,0.44351460868171105,0.9550811584492837,0.9550811584492837,0.8544793185027194,0.8544793185027194,0.873124142163586,0.873124142163586
2,7,8,4,3,A,B,C,small,0.6653502475754598,0.5197904236333185,0.38419842636371754,0,1,0.7608305981571255,0.7608305981571255,0.38419842636371754,0.4111373462597005,0.5287684444837828,0.5287684444837828,0.5242794340585506,0.5242794340585506
2,7,9,1,1,A,B,A,small,0.006643068229299046,0.124217197199486,0.9499999999999998,0.33274994597161683,1,0.7161499686025419,0.7161499686025419,0.9550811584492837,0.9550811584492837,0.09606763028441836,0.09606763028441836,0.11014241374195219,0.11014241374195219
2,7,9,2,3,B,A,C,small,0.68825262248203,0.5731832755140577,0.7608305981571255,0,1,0.7608305981571255,0.7806980030189371,0.4111373462597005,0.4111373462597005,0.5242794340585506,0.5242794340585506,0.5487313547863042,0.5487313547863042
2,7,9,3,4,A,B,D,large,0.9948894463957826,0.8175912973206759,0.9499999999999998,0.07280810590828489,1,0.44351460868171105,0.44351460868171105,0.9550811584492837,0.9550811584492837,0.873124142163586,0.873124142163586,0.8453577197421309,0.8453577197421309
2,7,9,4,2,B,A,B,large,0.3362437125988861,0.6695453799728819,0.3916850311962063,0,0,0.3916850311962063,0.3952647982241311,0.9550811584492837,0.9550811584492837,0.6426678194641726,0.6426678194641726,0.6426678194641726,0.6426678194641726
2,7,10,1,2,A,B,B,large,0.32371089428205424,0.972228439969969,0.9499999999999998,0.83611752278023,1,0.3952647982241311,0.3952647982241311,0.9550811584492837,0.9550811584492837,0.6426678194641726,0.6426678194641726,0.8074481297170708,0.8074481297170708
2,7,10,2,3,B,A,C,small,0.6765995204450586,0.04962446768758052,0.9499999999999998,0.713410736141054,1,0.7806980030189371,0.9550811584492837,0.4111373462597005,0.4111373462597005,0.5487313547863042,0.5487313547863042,0.2991779112369424,0.2991779112369424
2,7,10,3,4,A,B,D,large,0.9989397276793339,0.9813264957716286,0.9499999999999998,0.8888066745796755,1,0.44351460868171105,0.44351460868171105,0.9550811584492837,0.9550811584492837,0.8453577197421309,0.8453577197421309,0.9133421077568797,0.9133421077568797
2,7,10,4,1,B,A,A,small,0.009942872044661334,0.17693046936619208,0.7545539192808427,0.09600987669575205,1,0.7161499686025419,0.7747883810676639,0.9550811584492837,0.9550811584492837,0.11014241374195219,0.11014241374195219,0.14353644155407214,0.14353644155407214
2,8,1,1,2,B,A,B,large,0.3245849063791135,1,0.7500835495154227,1,1,0.35008354951542264,0.7705744917356819,0.1456578858860236,0.1456578858860236,0.8074481297170708,0.8074481297170708,0.9037240648585354,0.9037240648585354
2,8,1,2,1,B,A,A,small,-0.005907791765544063,0.013289735077892115,0.6417547115099906,0.9204399763172614,1,0.273578720983086,0.6671867003371127,0.21973868345611142,0.21973868345611142,0.14353644155407214,0.14353644155407214,0.07841308831598212,0.07841308831598212
2,8,1,3,4,A,B,D,large,1.0037494342766942,1,0.7484792929079053,1,0,0.05882285609533068,0.05882285609533068,0.34847929290790536,0.7512926249517127,0.9133421077568797,0.9133421077568797,0.9133421077568797,0.9133421077568797
2,8,1,4,3,A,B,C,small,0.6651253779552229,0.07125590250832063,0.44317287098020614,0.5971162904700353,1,0.32483388886940323,0.32483388886940323,0.20432635479219208,0.4710835759128401,0.2991779112369424,0.2991779112369424,0.1852169068726315,0.1852169068726315
2,8,2,1,2,A,B,B,large,0.3343346998896505,0.8176709597887263,0.17491535763879645,0.07314367938193211,0,0.7705744917356819,0.7705744917356819,0.1456578858860236,0.1770907241540247,0.9037240648585354,0.9037240648585354,0.9037240648585354,0.9037240648585354
2,8,2,2,4,B,A,D,large,1.0017658317886091,0.7210630478708709,0.05882285609533068,0,0,0.05882285609533068,0.05965881341557608,0.7512926249517127,0.7512926249517127,0.9133421077568797,0.9133421077568797,0.9133421077568797,0.9133421077568797
2,8,2,3,3,A,B,C,small,0.6627770527928004,0.28614714960922377,0.4710835759128401,0,0,0.32483388886940323,0.32483388886940323,0.4710835759128401,0.47482258519462006,0.1852169068726315,0.1852169068726315,0.1852169068726315,0.1852169068726315
2,8,2,4,1,B,A,A,small,0.012515116073455297,0.7596517277353303,0.6671867003371127,0,1,0.6671867003371127,0.6916806461667253,0.21973868345611142,0.21973868345611142,0.07841308831598212,0.07841308831598212,0.4190324080256562,0.4190324080256562
2,8,3,1,2,B,A,B,large,0.33941414907394907,0.9768956694642594,0.9499999999999998,0.8630268642182725,1,0.7705744917356819,0.9550811584492837,0.1770907241540247,0.1770907241540247,0.9037240648585354,0.9037240648585354,0.9403098671613974,0.9403098671613974
2,8,3,2,3,A,B,C,small,0.6645269020215794,0.16739467303961403,0.529625729175981,0.13700785995340228,1,0.32483388886940323,0.32483388886940323,0.47482258519462006,0.557529565579941,0.1852169068726315,0.1852169068726315,0.17630578995612278,0.17630578995612278
2,8,3,3,1,A,B,A,small,-0.0023847302952137205,0.6299086370981826,0.21973868345611144,0,0,0.6916806461667253,0.6916806461667253,0.21973868345611142,0.222321296045108,0.4190324080256562,0.4190324080256562,0.4190324080256562,0.4190324080256562
2,8,3,4,4,B,A,D,large,1.0043829986593698,1,0.45965881341557613,1,0,0.05965881341557608,0.4633865880928444,0.7512926249517127,0.7512926249517127,0.9133421077568797,0.9133421077568797,0.9133421077568797,0.9133421077568797
2,8,4,1,2,B,A,B,large,0.335927101373316,1,0.9499999999999998,1,1,0.9550811584492837,0.9550811584492837,0.1770907241540247,0.1770907241540247,0.9403098671613974,0.9403098671613974,0.9701549335806987,0.9701549335806987
2,8,4,2,1,B,A,A,small,0.0061964739487382625,0.6753259168163378,0.6916806461667252,0,0,0.6916806461667253,0.6948702934046861,0.222321296045108,0.222321296045108,0.4190324080256562,0.4190324080256562,0.4190324080256562,0.4190324080256562
2,8,4,3,4,A,B,D,large,0.994944354950116,0.6822197818115578,0.7512926249517127,0,1,0.4633865880928444,0.4633865880928444,0.7512926249517127,0.7717146046110898,0.9133421077568797,0.9133421077568797,0.7977809447842188,0.7977809447842188
2,8,4,4,3,A,B,C,small,0.6851663168162494,0,0.9499999999999998,1,1,0.32483388886940323,0.32483388886940323,0.557529565579941,0.9550811584492837,0.17630578995612278,0.17630578995612278,0.08815289497806139,0.08815289497806139
2,8,5,1,2,B,A,B,large,0.329434815182878,0.5722184089359688,0.9499999999999998,0,1,0.9550811584492837,0.9550811584492837,0.1770907241540247,0.1770907241540247,0.9701549335806987,0.9701549335806987,0.7711866712583337,0.7711866712583337
2,8,5,2,3,A,B,C,small,0.6729571527195598,0.15636972557032935,0.9499999999999998,0.1853931880047768,1,0.32483388886940323,0.32483388886940323,0.9550811584492837,0.9550811584492837,0.08815289497806139,0.08815289497806139,0.12226131027419537,0.12226131027419537
2,8,5,3,1,A,B,A,small,5.856160249087722e-4,0.6124485339346984,0.222321296045108,0,0,0.6948702934046861,0.6948702934046861,0.222321296045108,0.2249255123077345,0.4190324080256562,0.4190324080256562,0.4190324080256562,0.4190324080256562
2,8,5,4,4,B,A,D,large,1.010163619896649,0.8039284484401167,0.4698017545754093,0.016037916206412272,0,0.4633865880928444,0.4735396986691164,0.7717146046110898,0.7717146046110898,0.7977809447842188,0.7977809447842188,0.7977809447842188,0.7977809447842188
2,8,6,1,4,B,A,D,large,0.9849908601592174,0.5421376144600316,0.4735396986691164,0,1,0.4735396986691164,0.50163994971116,0.7717146046110898,0.7717146046110898,0.7977809447842188,0.7977809447842188,0.6699592796221252,0.6699592796221252
2,8,6,2,1,B,A,A,small,-0.009007485908008131,1,0.29487029340468607,-1,1,0.6948702934046861,0.3187882321361543,0.2249255123077345,0.2249255123077345,0.4190324080256562,0.4190324080256562,0.7095162040128281,0.7095162040128281
2,8,6,3,3,A,B,C,small,0.6674934047833968,0.677164306159987,0.9499999999999998,0,1,0.32483388886940323,0.32483388886940323,0.9550811584492837,0.9550811584492837,0.12226131027419537,0.12226131027419537,0.3997128082170912,0.3997128082170912
2,8,6,4,2,A,B,B,large,0.33804059266980707,0.8110760374998357,0.1953079906900614,0.04554316634009172,0,0.9550811584492837,0.9550811584492837,0.1770907241540247,0.19767621164805776,0.7711866712583337,0.7711866712583337,0.7711866712583337,0.7711866712583337
2,8,7,1,3,B,A,C,small,0.6616685609978346,0.40356466759246507,0.32483388886940323,0,1,0.32483388886940323,0.3499759758668765,0.9550811584492837,0.9550811584492837,0.3997128082170912,0.3997128082170912,0.4016387379047781,0.4016387379047781
2,8,7,2,2,A,B,B,large,0.3222024225011316,0.7853346209990301,0.19767621164805776,0,0,0.9550811584492837,0.9550811584492837,0.19767621164805776,0.20006600913391062,0.7711866712583337,0.7711866712583337,0.7711866712583337,0.7711866712583337
2,8,7,3,1,B,A,A,small,0.0055413789738371026,0.7045320161109007,0.31878823213615437,0,1,0.3187882321361543,0.34370059257899277,0.2249255123077345,0.2249255123077345,0.7095162040128281,0.7095162040128281,0.7070241100618644,0.7070241100618644
2,8,7,4,4,A,B,D,large,0.9963040144947783,0.40670432872039397,0.7717146046110898,0,1,0.50163994971116,0.50163994971116,0.7717146046110898,0.7909263412303665,0.6699592796221252,0.6699592796221252,0.5383318041712596,0.5383318041712596
2,8,8,1,3,A,B,C,small,0.6656289205069148,0.31854967176260907,0.9499999999999998,0,1,0.3499759758668765,0.3499759758668765,0.9550811584492837,0.9550811584492837,0.4016387379047781,0.4016387379047781,0.3600942048336936,0.3600942048336936
2,8,8,2,2,B,A,B,large,0.34332119277016915,0.9463366566485603,0.9499999999999998,0.691313304817251,1,0.9550811584492837,0.9550811584492837,0.20006600913391062,0.20006600913391062,0.7711866712583337,0.7711866712583337,0.858761663953447,0.858761663953447
2,8,8,3,4,B,A,D,large,1.0225168809097747,0.5330375689079251,0.50163994971116,0,1,0.50163994971116,0.529729844908994,0.7909263412303665,0.7909263412303665,0.5383318041712596,0.5383318041712596,0.5356846865395923,0.5356846865395923
2,8,8,4,1,A,B,A,small,0.005601222592848342,0.6516706915401194,0.2249255123077345,0,0,0.34370059257899277,0.34370059257899277,0.2249255123077345,0.22755130780784572,0.7070241100618644,0.7070241100618644,0.7070241100618644,0.7070241100618644
2,8,9,1,3,B,A,C,small,0.6556062986353297,0.42276462196381015,0.3499759758668765,0,0,0.3499759758668765,0.35339599991095566,0.9550811584492837,0.9550811584492837,0.3600942048336936,0.3600942048336936,0.3600942048336936,0.3600942048336936
2,8,9,2,2,A,B,B,large,0.3284519494694023,0.9302541826423034,0.44209498404324954,0.6050724372733474,1,0.9550811584492837,0.9550811584492837,0.20006600913391062,0.4699951030123108,0.858761663953447,0.858761663953447,0.8945079232978752,0.8945079232978752
2,8,9,3,4,B,A,D,large,1.0009854991376304,0.5458649549558552,0.529729844908994,0,0,0.529729844908994,0.5334648513052985,0.7909263412303665,0.7909263412303665,0.5356846865395923,0.5356846865395923,0.5356846865395923,0.5356846865395923
2,8,9,4,1,A,B,A,small,0.009522133344607645,0.6699377758615187,0.22755130780784572,0,0,0.34370059257899277,0.34370059257899277,0.22755130780784572,0.23019865280739854,0.7070241100618644,0.7070241100618644,0.7070241100618644,0.7070241100618644
2,8,10,1,1,B,A,A,small,0.00696624655429271,0.44261225078875865,0.34370059257899277,0,0,0.34370059257899277,0.34709203763101315,0.23019865280739854,0.23019865280739854,0.7070241100618644,0.7070241100618644,0.7070241100618644,0.7070241100618644
2,8,10,2,2,B,A,B,large,0.3390137610049233,0.7094053372016654,0.9499999999999998,0,1,0.9550811584492837,0.9550811584492837,0.4699951030123108,0.4699951030123108,0.8945079232978752,0.8945079232978752,0.8019566302497703,0.8019566302497703
2,8,10,3,4,A,B,D,large,0.9946604091162026,0.11302814968691088,0.6364090351785711,-0.3862932651294891,1,0.5334648513052985,0.5334648513052985,0.7909263412303665,0.6620206569494014,0.5356846865395923,0.5356846865395923,0.3243564181132516,0.3243564181132516
2,8,10,4,3,A,B,C,small,0.668436030410701,0.5847456547037239,0.9499999999999998,0,1,0.35339599991095566,0.35339599991095566,0.9550811584492837,0.9550811584492837,0.3600942048336936,0.3600942048336936,0.4724199297687087,0.4724199297687087
2,9,1,1,1,A,B,A,small,0.008122002940594604,1,0.009435729371265078,-1,0,0.1540432311547296,0.1540432311547296,0.4094357293712651,0.009576966456835138,0.7070241100618644,0.7070241100618644,0.7070241100618644,0.7070241100618644
2,9,1,2,2,A,B,B,large,0.3350825797416817,0.6637177465236476,0.20529677033229568,0,0,0.5568204352922212,0.5568204352922212,0.20529677033229568,0.20775484035763517,0.8019566302497703,0.8019566302497703,0.8019566302497703,0.8019566302497703
2,9,1,3,3,B,A,C,small,0.6437191786409341,0.16755359115243335,0.44445365895057587,0.13631818465279427,0,0.38992638508945815,0.44816039694543197,0.1919648248380793,0.1919648248380793,0.4724199297687087,0.4724199297687087,0.4724199297687087,0.4724199297687087
2,9,1,4,4,B,A,D,large,0.9768981580232303,0.8404243083367355,0.12062069033896095,0.17121294176905122,0,0.05213551363134047,0.12222083636175447,0.19524830995475947,0.19524830995475947,0.3243564181132516,0.3243564181132516,0.3243564181132516,0.3243564181132516
2,9,2,1,3,B,A,C,small,0.6802203938310708,0.45399979548047253,0.44816039694543197,0,0,0.44816039694543197,0.4518729039928882,0.1919648248380793,0.1919648248380793,0.4724199297687087,0.4724199297687087,0.4724199297687087,0.4724199297687087
2,9,2,2,4,A,B,D,large,1.0093794560738094,0.5149931321898189,0.19524830995475945,0,0,0.12222083636175447,0.12222083636175447,0.19524830995475947,0.1976159849666583,0.3243564181132516,0.3243564181132516,0.3243564181132516,0.3243564181132516
2,9,2,3,2,B,A,B,large,0.3425757665115291,1,0.9499999999999998,1,1,0.5568204352922212,0.9550811584492837,0.20775484035763517,0.20775484035763517,0.8019566302497703,0.8019566302497703,0.9009783151248851,0.9009783151248851
2,9,2,4,1,A,B,A,small,6.329584226679542e-4,0.7059206237817168,0.009576966456835138,0,0,0.1540432311547296,0.1540432311547296,0.009576966456835138,0.009720296880068993,0.7070241100618644,0.7070241100618644,0.7070241100618644,0.7070241100618644
2,9,3,1,3,B,A,C,small,0.6645910916492854,0.2607676360962113,0.4518729039928882,0,1,0.4518729039928882,0.4798593457569009,0.1919648248380793,0.1919648248380793,0.4724199297687087,0.4724199297687087,0.36659378293246003,0.36659378293246003
2,9,3,2,2,A,B,B,large,0.3314384588216087,0.8776826598117735,0.34445770070963233,0.3417571508799929,1,0.9550811584492837,0.9550811584492837,0.20775484035763517,0.37028565850031886,0.9009783151248851,0.9009783151248851,0.8893304874683293,0.8893304874683293
2,9,3,3,1,A,B,A,small,0.0031028244541281154,0.9895150029837613,0,-0.9370551581079529,0,0.1540432311547296,0.1540432311547296,0.009720296880068993,0,0.7070241100618644,0.7070241100618644,0.7070241100618644,0.7070241100618644
2,9,3,4,4,B,A,D,large,1.00480498461897,0.2565174974723519,0.12222083636175447,0,0,0.12222083636175447,0.12383922044676972,0.1976159849666583,0.1976159849666583,0.3243564181132516,0.3243564181132516,0.3243564181132516,0.3243564181132516
2,9,4,1,4,A,B,D,large,0.9934789656481755,0,0,-1,0,0.12383922044676972,0.12383922044676972,0.1976159849666583,0,0.3243564181132516,0.3243564181132516,0.3243564181132516,0.3243564181132516
2,9,4,2,1,A,B,A,small,0.010124489665006047,0.6680190514072888,0,0,0,0.1540432311547296,0.1540432311547296,0,0,0.7070241100618644,0.7070241100618644,0.7070241100618644,0.7070241100618644
2,9,4,3,2,B,A,B,large,0.3333995908667774,0.8356553348516534,0.9499999999999998,0.15028689530604786,1,0.9550811584492837,0.9550811584492837,0.37028565850031886,0.37028565850031886,0.8893304874683293,0.8893304874683293,0.8624929111599914,0.8624929111599914
2,9,4,4,3,B,A,C,small,0.6599267294970552,1,0.07985934575690092,-1,0,0.4798593457569009,0.08096854270026094,0.1919648248380793,0.1919648248380793,0.36659378293246003,0.36659378293246003,0.36659378293246003,0.36659378293246003
2,9,5,1,3,B,A,C,small,0.6783649484949932,0.006086078134644394,0.4662896092787077,0.9633026664461168,1,0.08096854270026094,0.4943636307293775,0.1919648248380793,0.1919648248380793,0.36659378293246003,0.36659378293246003,0.18633993053355222,0.18633993053355222
2,9,5,2,2,A,B,B,large,0.3325584162208582,0.8240612410532653,0.41038056879088203,0.10023727572640785,1,0.9550811584492837,0.9550811584492837,0.37028565850031886,0.4378499953317949,0.8624929111599914,0.8624929111599914,0.8432770761066284,0.8432770761066284
2,9,5,3,1,A,B,A,small,0.0019113154862852298,0.03757469294820854,0.31216318221118244,0.780407955527956,0,0.1540432311547296,0.1540432311547296,0,0.3153929817298684,0.7070241100618644,0.7070241100618644,0.7070241100618644,0.7070241100618644
2,9,5,4,4,B,A,D,large,1.01719624805234,0.18677865963866674,0.10204658536061627,-0.05448158771538361,0,0.12383922044676972,0.10342930952834897,0,0,0.3243564181132516,0.3243564181132516,0.3243564181132516,0.3243564181132516
2,9,6,1,1,B,A,A,small,-4.1072180629577636e-4,1,0,-1,0,0.1540432311547296,0,0.3153929817298684,0.3153929817298684,0.7070241100618644,0.7070241100618644,0.7070241100618644,0.7070241100618644
2,9,6,2,3,B,A,C,small,0.6642034570028473,0.24141875175676486,0.4943636307293775,0,0,0.4943636307293775,0.4981134009179138,0.1919648248380793,0.1919648248380793,0.18633993053355222,0.18633993053355222,0.18633993053355222,0.18633993053355222
2,9,6,3,4,A,B,D,large,1.0035349165276748,0.07125095634581331,0,-0.5971423109853673,0,0.10342930952834897,0.10342930952834897,0,0,0.3243564181132516,0.3243564181132516,0.3243564181132516,0.3243564181132516
2,9,6,4,2,A,B,B,large,0.3309356610214701,0.8375426541498552,0.5012678006149031,0.15854451320777047,0,0.9550811584492837,0.9550811584492837,0.4378499953317949,0.5050176348853652,0.8432770761066284,0.8432770761066284,0.8432770761066284,0.8432770761066284
2,9,7,1,1,B,A,A,small,-0.009794034776463937,0.8444769714313776,0,-0.1891533990993545,0,0,0,0.3153929817298684,0.3153929817298684,0.7070241100618644,0.7070241100618644,0.7070241100618644,0.7070241100618644
2,9,7,2,2,B,A,B,large,0.33212375195818505,0.6148746348069777,0.9499999999999998,0,1,0.9550811584492837,0.9550811584492837,0.5050176348853652,0.5050176348853652,0.8432770761066284,0.8432770761066284,0.7290758554568031,0.7290758554568031
2,9,7,3,3,A,B,C,small,0.6622083250606459,0.4046428202842866,0.19196482483807928,0,0,0.4981134009179138,0.4981134009179138,0.1919648248380793,0.19430229632518223,0.18633993053355222,0.18633993053355222,0.18633993053355222,0.18633993053355222
2,9,7,4,4,A,B,D,large,0.9966438081481055,0.47985968148294145,0,0,0,0.10342930952834897,0.10342930952834897,0,0,0.3243564181132516,0.3243564181132516,0.3243564181132516,0.3243564181132516
2,9,8,1,1,A,B,A,small,-0.001226539592729492,1,0,-1,0,0,0,0.3153929817298684,0,0.7070241100618644,0.7070241100618644,0.7070241100618644,0.7070241100618644
2,9,8,2,2,A,B,B,large,0.32634918446595307,0.6317882054617245,0.5050176348853652,0,1,0.9550811584492837,0.9550811584492837,0.5050176348853652,0.5330943477444077,0.7290758554568031,0.7290758554568031,0.6804320304592638,0.6804320304592638
2,9,8,3,3,B,A,C,small,0.6616915305280372,0.2321741796983107,0.4981134009179138,0,1,0.4981134009179138,0.5262143332585748,0.19430229632518223,0.19430229632518223,0.18633993053355222,0.18633993053355222,0.20925705511593146,0.20925705511593146
2,9,8,4,4,B,A,D,large,0.9812542836617176,0.14353765887509204,0.006201489502781837,-0.24306955006391784,0,0.10342930952834897,0.006294623060173876,0,0,0.3243564181132516,0.3243564181132516,0.3243564181132516,0.3243564181132516
2,9,9,1,4,B,A,D,large,1.0067586039071204,0.09634113667202977,0,-0.46840557870533495,0,0.006294623060173876,0,0,0,0.3243564181132516,0.3243564181132516,0.3243564181132516,0.3243564181132516
2,9,9,2,3,A,B,C,small,0.683487533241715,0.26428826108197373,0.19430229632518226,0,0,0.5262143332585748,0.5262143332585748,0.19430229632518223,0.1966613029471022,0.20925705511593146,0.20925705511593146,0.20925705511593146,0.20925705511593146
2,9,9,3,2,B,A,B,large,0.32198942991002005,0.5774532603691699,0.9499999999999998,0,1,0.9550811584492837,0.9550811584492837,0.5330943477444077,0.5330943477444077,0.6804320304592638,0.6804320304592638,0.6289426454142168,0.6289426454142168
2,9,9,4,1,A,B,A,small,0.004549275653805786,0.2765101342319064,0,0,0,0,0,0,0,0.7070241100618644,0.7070241100618644,0.7070241100618644,0.7070241100618644
2,9,10,1,2,B,A,B,large,0.35554252888495647,0.9029732044685912,0.9499999999999998,0.4649773723572335,0,0.9550811584492837,0.9507077096900849,0.5330943477444077,0.5330943477444077,0.6289426454142168,0.6289426454142168,0.6289426454142168,0.6289426454142168
2,9,10,2,1,A,B,A,small,0.010292882370817014,1,0,-1,0,0,0,0,0,0.7070241100618644,0.7070241100618644,0.7070241100618644,0.7070241100618644
2,9,10,3,4,A,B,D,large,0.9953323068538968,0.14602036024868564,0,-0.2317947477598077,0,0,0,0,0,0.3243564181132516,0.3243564181132516,0.3243564181132516,0.3243564181132516
2,9,10,4,3,B,A,C,small,0.661256952417852,0.4327065661166188,0.5262143332585748,0,1,0.5262143332585748,0.5541501809074253,0.1966613029471022,0.1966613029471022,0.20925705511593146,0.20925705511593146,0.3209818106162751,0.3209818106162751
2,10,1,1,4,A,B,D,large,1.004444366752614,0,0,-1,0,0.5269187688302192,0.5269187688302192,0.262556543216432,0,0.3243564181132516,0.3243564181132516,0.3243564181132516,0.3243564181132516
2,10,1,2,3,B,A,C,small,0.6630347973485239,0,0.6279437896744484,1,1,0.2279437896744484,0.6538273551954301,0.1566652656942419,0.1566652656942419,0.3209818106162751,0.3209818106162751,0.16049090530813756,0.16049090530813756
2,10,1,3,2,B,A,B,large,0.3194315021068654,0,0,-1,0,0.23156309765105118,0,0.22735084367440284,0.22735084367440284,0.6289426454142168,0.6289426454142168,0.6289426454142168,0.6289426454142168
2,10,1,4,1,A,B,A,small,-0.0064463752265265005,0.1219195856235021,0.546619619858024,0.34364723829105354,0,0.06896447149589445,0.06896447149589445,0.40916072454160257,0.5503343516819452,0.7070241100618644,0.7070241100618644,0.7070241100618644,0.7070241100618644
2,10,2,1,2,A,B,B,large,0.3469184304198789,1,0.627350843674403,1,1,0,0,0.22735084367440284,0.6532528814579152,0.6289426454142168,0.6289426454142168,0.8144713227071084,0.8144713227071084
2,10,2,2,1,B,A,A,small,-0.007001631354743033,0.5862177694868866,0.06896447149589445,0,0,0.06896447149589445,0.06993384644333196,0.5503343516819452,0.5503343516819452,0.7070241100618644,0.7070241100618644,0.7070241100618644,0.7070241100618644
2,10,2,3,4,A,B,D,large,0.9878248692804855,0.44145743758445766,0,0,0,0.5269187688302192,0.5269187688302192,0,0,0.3243564181132516,0.3243564181132516,0.3243564181132516,0.3243564181132516
2,10,2,4,3,B,A,C,small,0.6571280396453569,0,0.9499999999999998,1,1,0.6538273551954301,0.9550811584492837,0.1566652656942419,0.1566652656942419,0.16049090530813756,0.16049090530813756,0.08024545265406878,0.08024545265406878
2,10,3,1,3,A,B,C,small,0.6710548919392221,0.16754964475884496,0.21119938914189473,0.1363353086191321,0,0.9550811584492837,0.9550811584492837,0.1566652656942419,0.21370912740113404,0.08024545265406878,0.08024545265406878,0.08024545265406878,0.08024545265406878
2,10,3,2,1,B,A,A,small,0.03132562062224544,0.6428999625576636,0.06993384644333196,0,0,0.06993384644333196,0.07091580921938402,0.5503343516819452,0.5503343516819452,0.7070241100618644,0.7070241100618644,0.7070241100618644,0.7070241100618644
2,10,3,3,4,B,A,D,large,1.0060994221104238,0,0.1269187688302191,-1,0,0.5269187688302192,0.1285902473734382,0,0,0.3243564181132516,0.3243564181132516,0.3243564181132516,0.3243564181132516
2,10,3,4,2,A,B,B,large,0.3196063405503872,0.3400853943107067,0.653252881457915,0,0,0,0,0.6532528814579152,0.6566427286556298,0.8144713227071084,0.8144713227071084,0.8144713227071084,0.8144713227071084
2,10,4,1,4,A,B,D,large,0.9924907637468147,0.3624859325505032,0,0,0,0.1285902473734382,0.1285902473734382,0,0,0.3243564181132516,0.3243564181132516,0.3243564181132516,0.3243564181132516
2,10,4,2,3,A,B,C,small,0.6604089451255,0.020391137947329243,0.5652234747168902,0.8787858682893899,0,0.9550811584492837,0.9550811584492837,0.21370912740113404,0.5689059913471952,0.08024545265406878,0.08024545265406878,0.08024545265406878,0.08024545265406878
2,10,4,3,2,B,A,B,large,0.3307611573609558,1,0.4,1,1,0,0.42727811497338447,0.6566427286556298,0.6566427286556298,0.8144713227071084,0.8144713227071084,0.9072356613535542,0.9072356613535542
2,10,4,4,1,B,A,A,small,0.004628525765989129,0.7344515318858414,0.07091580921938401,0,0,0.07091580921938402,0.07191049398003091,0.5503343516819452,0.5503343516819452,0.7070241100618644,0.7070241100618644,0.7070241100618644,0.7070241100618644
2,10,5,1,2,B,A,B,large,0.3293939277722749,0.6099542680366453,0.4272781149733844,0,1,0.42727811497338447,0.4550057697901748,0.6566427286556298,0.6566427286556298,0.9072356613535542,0.9072356613535542,0.7585949646950998,0.7585949646950998
2,10,5,2,4,B,A,D,large,0.9895723296352931,1,0.5285902473734382,1,0,0.1285902473734382,0.5323263140627146,0,0,0.3243564181132516,0.3243564181132516,0.3243564181132516,0.3243564181132516
2,10,5,3,3,A,B,C,small,0.670861448724391,0.07083091480735283,0.8086471845919188,0.5993529831118092,1,0.9550811584492837,0.9550811584492837,0.5689059913471952,0.825453792957551,0.08024545265406878,0.08024545265406878,0.0755381837307108,0.0755381837307108
2,10,5,4,1,A,B,A,small,-0.01479396474565387,0.8928680635316909,0.3843365977299036,-0.41499438488010404,0,0.07191049398003091,0.07191049398003091,0.5503343516819452,0.38789202922599325,0.7070241100618644,0.7070241100618644,0.7070241100618644,0.7070241100618644
2,10,6,1,3,A,B,C,small,0.6727852919029057,0.15674679237287473,0.8989420606714826,0.18372066928482916,0,0.9550811584492837,0.9550811584492837,0.825453792957551,0.9002966079688725,0.0755381837307108,0.0755381837307108,0.0755381837307108,0.0755381837307108
2,10,6,2,4,B,A,D,large,0.993441716172912,0.4868824448907818,0.5323263140627146,0,1,0.5323263140627146,0.5602029783001379,0,0,0.3243564181132516,0.3243564181132516,0.40561943150201674,0.40561943150201674
2,10,6,3,2,B,A,B,large,0.3572766718200789,0.756726323244245,0.4550057697901748,0,1,0.4550057697901748,0.4830152605411885,0.6566427286556298,0.6566427286556298,0.7585949646950998,0.7585949646950998,0.7576606439696725,0.7576606439696725
2,10,6,4,1,A,B,A,small,0.006158029548281152,0.9958574781623349,0,-0.9749732515145129,0,0.07191049398003091,0.07191049398003091,0.38789202922599325,0,0.7070241100618644,0.7070241100618644,0.7070241100618644,0.7070241100618644
2,10,7,1,3,A,B,C,small,0.6568091386475785,0.05288544839675008,0.9499999999999998,0.6955554438787079,1,0.9550811584492837,0.9550811584492837,0.9002966079688725,0.9550811584492837,0.0755381837307108,0.0755381837307108,0.06421181606373044,0.06421181606373044
2,10,7,2,4,B,A,D,large,1.0046934717819695,1,0.9499999999999998,1,1,0.5602029783001379,0.9550811584492837,0,0,0.40561943150201674,0.40561943150201674,0.7028097157510084,0.7028097157510084
2,10,7,3,2,B,A,B,large,0.3334163458264211,0.7121338024303339,0.4830152605411885,0,1,0.4830152605411885,0.511131883159284,0.6566427286556298,0.6566427286556298,0.7576606439696725,0.7576606439696725,0.7348972232000032,0.7348972232000032
2,10,7,4,1,A,B,A,small,-0.001124675224627404,0.8734130059025464,0,-0.32156262466079877,0,0.07191049398003091,0.07191049398003091,0,0,0.7070241100618644,0.7070241100618644,0.7070241100618644,0.7070241100618644
2,10,8,1,2,B,A,B,large,0.33710481835270517,0.8158430752392183,0.53731479034668,0.06545726796848977,0,0.511131883159284,0.5410417485028639,0.6566427286556298,0.6566427286556298,0.7348972232000032,0.7348972232000032,0.7348972232000032,0.7348972232000032
2,10,8,2,3,A,B,C,small,0.6626152539302913,0.1634862804770929,0.9499999999999998,0.15403873514788635,1,0.9550811584492837,0.9550811584492837,0.9550811584492837,0.9550811584492837,0.06421181606373044,0.06421181606373044,0.11384904827041167,0.11384904827041167
2,10,8,3,4,A,B,D,large,1.0034007302999863,0.6876051682742023,0,0,0,0.9550811584492837,0.9550811584492837,0,0,0.7028097157510084,0.7028097157510084,0.7028097157510084,0.7028097157510084
2,10,8,4,1,B,A,A,small,0.020300507144689776,0.5414908812521454,0.07191049398003091,0,0,0.07191049398003091,0.07291803548037999,0,0,0.7070241100618644,0.7070241100618644,0.7070241100618644,0.7070241100618644
2,10,9,1,3,A,B,C,small,0.6603160307966853,0.17436711018114323,0.9499999999999998,0.10695399540431486,1,0.9550811584492837,0.9550811584492837,0.9550811584492837,0.9550811584492837,0.11384904827041167,0.11384904827041167,0.14410807922577745,0.14410807922577745
2,10,9,2,1,A,B,A,small,-0.012698652611074985,0.21409697517336895,0,0,0,0.07291803548037999,0.07291803548037999,0,0,0.7070241100618644,0.7070241100618644,0.7070241100618644,0.7070241100618644
2,10,9,3,4,B,A,D,large,1.014176412939682,0.352497523509684,0.9499999999999998,0,1,0.9550811584492837,0.9550811584492837,0,0,0.7028097157510084,0.7028097157510084,0.5276536196303462,0.5276536196303462
2,10,9,4,2,B,A,B,large,0.33012370199100033,0.8003072759108498,0.541541715828871,0.0012499183150178578,0,0.5410417485028639,0.5452634412315852,0.6566427286556298,0.6566427286556298,0.7348972232000032,0.7348972232000032,0.7348972232000032,0.7348972232000032
2,10,10,1,2,B,A,B,large,0.33292417896140153,0.9601490269889401,0.852314539503186,0.767627745679002,1,0.5452634412315852,0.8659217418127183,0.6566427286556298,0.6566427286556298,0.7348972232000032,0.7348972232000032,0.8475231250944717,0.8475231250944717
2,10,10,2,4,B,A,D,large,1.0040473279768136,0.45862142090760033,0.9499999999999998,0,1,0.9550811584492837,0.9550811584492837,0,0,0.5276536196303462,0.5276536196303462,0.4931375202689733,0.4931375202689733
2,10,10,3,1,A,B,A,small,0.006574152827830984,0.3851900154125767,0,0,0,0.07291803548037999,0.07291803548037999,0,0,0.7070241100618644,0.7070241100618644,0.7070241100618644,0.7070241100618644
2,10,10,4,3,A,B,C,small,0.676922691264922,0.23051364519017664,0.9499999999999998,0,1,0.9550811584492837,0.9550811584492837,0.9550811584492837,0.9550811584492837,0.14410807922577745,0.14410807922577745,0.18731086220797705,0.18731086220797705
3,1,1,1,2,A,B,B,large,0.3413155679854167,0.8905228448516277,0.43978869746509064,0.40353796124889557,1,0.3174086008854856,0.3174086008854856,0.2783735129655324,0.46766527454473683,0.8475231250944717,0.8475231250944717,0.8690229849730498,0.8690229849730498
3,1,1,2,4,B,A,D,large,0.9908411391546237,1,0.7621989103197668,1,1,0.3621989103197667,0.7819852218322376,0.07317185548387967,0.07317185548387967,0.4931375202689733,0.4931375202689733,0.7465687601344866,0.7465687601344866
3,1,1,3,3,A,B,C,small,0.6653982062053522,0.18097413975339122,0.23865851528532597,0.07885931338040236,1,0.3375251301514229,0.3375251301514229,0.207114789933165,0.25969617910288945,0.18731086220797705,0.18731086220797705,0.18414250098068413,0.18414250098068413
3,1,1,4,1,B,A,A,small,0.01891643150511207,0.7475530137250291,0.4698328486299069,0,0,0.4698328486299069,0.4735708191467317,0.11904060548994524,0.11904060548994524,0.7070241100618644,0.7070241100618644,0.7070241100618644,0.7070241100618644
3,1,2,1,2,A,B,B,large,0.3231541300904455,1,0.8676652745447369,1,0,0.3174086008854856,0.3174086008854856,0.46766527454473683,0.8693781297565059,0.8690229849730498,0.8690229849730498,0.8690229849730498,0.8690229849730498
3,1,2,2,4,B,A,D,large,0.9825277950192574,1,0.9499999999999998,1,1,0.7819852218322376,0.9550811584492837,0.07317185548387967,0.07317185548387967,0.7465687601344866,0.7465687601344866,0.8732843800672433,0.8732843800672433
3,1,2,3,1,B,A,A,small,0.010561338238651206,0.6683245695573286,0.4735708191467317,0,1,0.4735708191467317,0.5016711571440569,0.11904060548994524,0.11904060548994524,0.7070241100618644,0.7070241100618644,0.6876743398095965,0.6876743398095965
3,1,2,4,3,A,B,C,small,0.6723259557902077,0.35517410847699277,0.25969617910288945,0,1,0.3375251301514229,0.3375251301514229,0.25969617910288945,0.2819016543015998,0.18414250098068413,0.18414250098068413,0.26965830472883845,0.26965830472883845
3,1,3,1,3,B,A,C,small,0.6615651423892243,0.4377380997863572,0.3375251301514229,0,0,0.3375251301514229,0.34088728985809136,0.2819016543015998,0.2819016543015998,0.26965830472883845,0.26965830472883845,0.26965830472883845,0.26965830472883845
3,1,3,2,2,A,B,B,large,0.3255070582569688,0.8621413708826772,0.9499999999999998,0.26907144975069663,0,0.3174086008854856,0.3174086008854856,0.8693781297565059,0.9507077096900849,0.8690229849730498,0.8690229849730498,0.8690229849730498,0.8690229849730498
3,1,3,3,4,A,B,D,large,1.01355137767758,0.8666819312417302,0.18920156815183686,0.290074281669893,0,0.9550811584492837,0.9550811584492837,0.07317185548387967,0.19151336738080132,0.8732843800672433,0.8732843800672433,0.8732843800672433,0.8732843800672433
3,1,3,4,1,B,A,A,small,-0.013996310876643213,0.8900556816507342,0.3411662475122278,-0.4012622740795726,0,0.5016711571440569,0.34454581356904046,0.11904060548994524,0.11904060548994524,0.6876743398095965,0.6876743398095965,0.6876743398095965,0.6876743398095965
3,1,4,1,3,B,A,C,small,0.675077017764925,0,0.7408872898580914,1,1,0.34088728985809136,0.761892889979702,0.2819016543015998,0.2819016543015998,0.26965830472883845,0.26965830472883845,0.13482915236441922,0.13482915236441922
3,1,4,2,4,B,A,D,large,0.9850152269267334,1,0.9499999999999998,1,1,0.9550811584492837,0.9550811584492837,0.19151336738080132,0.19151336738080132,0.8732843800672433,0.8732843800672433,0.9366421900336217,0.9366421900336217
3,1,4,3,2,A,B,B,large,0.33652825373952744,0.6379230527135742,0.9499999999999998,0,1,0.3174086008854856,0.3174086008854856,0.9507077096900849,0.9550811584492837,0.8690229849730498,0.8690229849730498,0.753473018843312,0.753473018843312
3,1,4,4,1,A,B,A,small,0.007498934828725528,1,0,-1,0,0.34454581356904046,0.34454581356904046,0.11904060548994524,0,0.6876743398095965,0.6876743398095965,0.6876743398095965,0.6876743398095965
3,1,5,1,2,A,B,B,large,0.3377180942998523,0,0.5550811584492836,-1,0,0.3174086008854856,0.3174086008854856,0.9550811584492837,0.5587825219079301,0.753473018843312,0.753473018843312,0.753473018843312,0.753473018843312
3,1,5,2,1,B,A,A,small,-0.0019098253130650476,0.796120918845086,0.34454581356904046,0,1,0.34454581356904046,0.37037664538088794,0,0,0.6876743398095965,0.6876743398095965,0.7418976293273412,0.7418976293273412
3,1,5,3,3,B,A,C,small,0.6688562689369737,0,0.9499999999999998,1,1,0.761892889979702,0.9550811584492837,0.2819016543015998,0.2819016543015998,0.13482915236441922,0.13482915236441922,0.06741457618220961,0.06741457618220961
3,1,5,4,4,A,B,D,large,1.0085657301232798,0.923253489579819,0.41886926446987877,0.5683897427226936,0,0.9550811584492837,0.9550811584492837,0.19151336738080132,0.42252491176334056,0.9366421900336217,0.9366421900336217,0.9366421900336217,0.9366421900336217
3,1,6,1,2,B,A,B,large,0.3212739619940294,0.6799592446836734,0.3174086008854856,0,0,0.3174086008854856,0.32066737084882396,0.5587825219079301,0.5587825219079301,0.753473018843312,0.753473018843312,0.753473018843312,0.753473018843312
3,1,6,2,1,B,A,A,small,0.004325735475085142,0.42934645019953677,0.37037664538088794,0,1,0.37037664538088794,0.39697117136262594,0,0,0.7418976293273412,0.7418976293273412,0.585622039763439,0.585622039763439
3,1,6,3,3,A,B,C,small,0.6427183695931497,0.07441868671899594,0.5141137642327309,0.5805302748278279,1,0.9550811584492837,0.9550811584492837,0.2819016543015998,0.542142295651898,0.06741457618220961,0.06741457618220961,0.07091663145060279,0.07091663145060279
3,1,6,4,4,A,B,D,large,0.9994216454170419,0.7587980197440287,0.42252491176334056,0,0,0.9550811584492837,0.9550811584492837,0.42252491176334056,0.42618906543068813,0.9366421900336217,0.9366421900336217,0.9366421900336217,0.9366421900336217
3,1,7,1,2,A,B,B,large,0.34283436515850485,0.5942306840754217,0.5587825219079301,0,0,0.32066737084882396,0.32066737084882396,0.5587825219079301,0.5624773639746523,0.753473018843312,0.753473018843312,0.753473018843312,0.753473018843312
3,1,7,2,3,A,B,C,small,0.6655995465984129,0.27109765975476974,0.542142295651898,0,0,0.9550811584492837,0.9550811584492837,0.542142295651898,0.5458632341549631,0.07091663145060279,0.07091663145060279,0.07091663145060279,0.07091663145060279
3,1,7,3,4,B,A,D,large,0.9913427548449886,0.7890581340775946,0.9499999999999998,0,1,0.9550811584492837,0.9550811584492837,0.42618906543068813,0.42618906543068813,0.9366421900336217,0.9366421900336217,0.8628501620556082,0.8628501620556082
3,1,7,4,1,B,A,A,small,-0.005154753951346546,1,0,-1,0,0.39697117136262594,0,0,0,0.585622039763439,0.585622039763439,0.585622039763439,0.585622039763439
3,1,8,1,4,A,B,D,large,0.9966272954685151,0.7771772982497903,0.42618906543068813,0,0,0.9550811584492837,0.9550811584492837,0.42618906543068813,0.42986134157685385,0.8628501620556082,0.8628501620556082,0.8628501620556082,0.8628501620556082
3,1,8,2,3,A,B,C,small,0.6602875713482407,0.13665319038070042,0.6557147335072577,0.27462874838073664,1,0.9550811584492837,0.9550811584492837,0.5458632341549631,0.6806488514765309,0.07091663145060279,0.07091663145060279,0.1037849109156516,0.1037849109156516
3,1,8,3,2,B,A,B,large,0.33625036764922167,0.7595906038133212,0.32066737084882396,0,0,0.32066737084882396,0.3239437198836323,0.5624773639746523,0.5624773639746523,0.753473018843312,0.753473018843312,0.753473018843312,0.753473018843312
3,1,8,4,1,B,A,A,small,0.009807966171874459,0.40865097118331406,0,0,0,0,0,0,0,0.585622039763439,0.585622039763439,0.585622039763439,0.585622039763439
3,1,9,1,2,A,B,B,large,0.3468810746977644,0.8512242696231137,0.6502161770968854,0.21934703280558263,1,0.3239437198836323,0.3239437198836323,0.5624773639746523,0.6753513542946749,0.753473018843312,0.753473018843312,0.8023486442332128,0.8023486442332128
3,1,9,2,3,B,A,C,small,0.6566303596327183,0,0.9499999999999998,1,1,0.9550811584492837,0.9550811584492837,0.6806488514765309,0.6806488514765309,0.1037849109156516,0.1037849109156516,0.0518924554578258,0.0518924554578258
3,1,9,3,1,A,B,A,small,-0.00997007387404889,0.8680404541651439,0,-0.29639542961758275,0,0,0,0,0,0.585622039763439,0.585622039763439,0.585622039763439,0.585622039763439
3,1,9,4,4,B,A,D,large,1.0032506317650847,1,0.9499999999999998,1,1,0.9550811584492837,0.9550811584492837,0.42986134157685385,0.42986134157685385,0.8628501620556082,0.8628501620556082,0.9314250810278041,0.9314250810278041
3,1,10,1,1,A,B,A,small,0.0012364472795464846,0.8026154423237593,0,-0.010663534457925483,0,0,0,0,0,0.585622039763439,0.585622039763439,0.585622039763439,0.585622039763439
3,1,10,2,2,B,A,B,large,0.33684510345854973,0.8195463035517593,0.3563672874131864,0.08105891882388526,0,0.3239437198836323,0.3598151959100211,0.6753513542946749,0.6753513542946749,0.8023486442332128,0.8023486442332128,0.8023486442332128,0.8023486442332128
3,1,10,3,4,A,B,D,large,1.0080618261334178,0.9847169707981863,0.7933366581773894,0.9086882915013388,1,0.9550811584492837,0.9550811584492837,0.42986134157685385,0.8111739912287096,0.9314250810278041,0.9314250810278041,0.9580710259129952,0.9580710259129952
3,1,10,4,3,B,A,C,small,0.6468673492097062,0.025813678269873817,0.9499999999999998,0.8473752940189198,1,0.9550811584492837,0.9550811584492837,0.6806488514765309,0.6806488514765309,0.0518924554578258,0.0518924554578258,0.03885306686384981,0.03885306686384981
3,2,1,1,3,B,A,C,small,0.671364824053204,0,0.6268375618029927,1,1,0.2268375618029927,0.6527555290892544,0.299351859519036,0.299351859519036,0.03885306686384981,0.03885306686384981,0.019426533431924905,0.019426533431924905
3,2,1,2,1,A,B,A,small,-3.1935860427880473e-4,1,0,-1,0,0.1546502719087681,0.1546502719087681,0.2446836841658339,0,0.585622039763439,0.585622039763439,0.585622039763439,0.585622039763439
3,2,1,3,4,A,B,D,large,0.9859243243177844,0.9399289886439552,0.5152900095013765,0.6566199557388274,1,0.6790506653390651,0.6790506653390651,0.25264202720584555,0.5433109620700697,0.9580710259129952,0.9580710259129952,0.9490000072784752,0.9490000072784752
3,2,1,4,2,B,A,B,large,0.3405865875069378,0.5892921401024014,0.18161192078687585,0,0,0.18161192078687588,0.18385201252813926,0.24921658635422464,0.24921658635422464,0.8023486442332128,0.8023486442332128,0.8023486442332128,0.8023486442332128
3,2,2,1,3,B,A,C,small,0.6544847695721085,0.21307033369459152,0.6527555290892544,0,1,0.6527555290892544,0.6777986526728002,0.299351859519036,0.299351859519036,0.019426533431924905,0.019426533431924905,0.11624843356325822,0.11624843356325822
3,2,2,2,4,A,B,D,large,0.9962836359937567,1,0.9433109620700698,1,1,0.6790506653390651,0.6790506653390651,0.5433109620700697,0.9490354146467077,0.9490000072784752,0.9490000072784752,0.9745000036392376,0.9745000036392376
3,2,2,3,2,B,A,B,large,0.3420204673618611,0.687957384353481,0.18385201252813926,0,0,0.18385201252813926,0.18611345111545974,0.24921658635422464,0.24921658635422464,0.8023486442332128,0.8023486442332128,0.8023486442332128,0.8023486442332128
3,2,2,4,1,A,B,A,small,0.0058274435913714395,0.5481007601700072,0,0,0,0.1546502719087681,0.1546502719087681,0,0,0.585622039763439,0.585622039763439,0.585622039763439,0.585622039763439
3,2,3,1,3,B,A,C,small,0.6650624198509378,0.6379468036524334,0.6777986526728002,0,1,0.6777986526728002,0.701860594255593,0.299351859519036,0.299351859519036,0.11624843356325822,0.11624843356325822,0.3770976186078458,0.3770976186078458
3,2,3,2,1,A,B,A,small,-9.319186002531788e-4,0.17767052596693608,0.037144267973070626,0.09286066993267657,0,0.1546502719087681,0.1546502719087681,0,0.03768447699678342,0.585622039763439,0.585622039763439,0.585622039763439,0.585622039763439
3,2,3,3,4,A,B,D,large,0.9949469305676449,0.7370588954884039,0.9490354146467077,0,1,0.6790506653390651,0.6790506653390651,0.9490354146467077,0.9542098725357768,0.9745000036392376,0.9745000036392376,0.8557794495638207,0.8557794495638207
3,2,3,4,2,B,A,B,large,0.3296583722505302,0.62752797814537975,0.18611345111545974,0,0,0.18611345111545974,0.18839628509210252,0.24921658635422464,0.24921658635422464,0.8023486442332128,0.8023486442332128,0.8023486442332128,0.8023486442332128
3,2,4,1,4,A,B,D,large,0.9867824944397914,1,0.9499999999999998,1,1,0.6790506653390651,0.6790506653390651,0.9542098725357768,0.9550811584492837,0.8557794495638207,0.8557794495638207,0.9278897247819103,0.9278897247819103
3,2,4,2,3,B,A,C,small,0.6667926609622986,0.7891487050510894,0.701860594255593,0,0,0.701860594255593,0.7049898450034302,0.299351859519036,0.299351859519036,0.3770976186078458,0.3770976186078458,0.3770976186078458,0.3770976186078458
3,2,4,3,1,B,A,A,small,-0.008054646428345276,0.836674955619375,0.09275259710943534,-0.15474418699833187,0,0.1546502719087681,0.09402257451503404,0.03768447699678342,0.03768447699678342,0.585622039763439,0.585622039763439,0.585622039763439,0.585622039763439
3,2,4,4,2,A,B,B,large,0.32374938641432793,0.6805788146445463,0.24921658635422464,0,1,0.18839628509210252,0.18839628509210252,0.24921658635422464,0.2708538392802608,0.8023486442332128,0.8023486442332128,0.7414637294388795,0.7414637294388795
3,2,5,1,4,A,B,D,large,0.9858438931963347,0.767352989520684,0.9499999999999998,0,1,0.6790506653390651,0.6790506653390651,0.9550811584492837,0.9550811584492837,0.9278897247819103,0.9278897247819103,0.8476213571512972,0.8476213571512972
3,2,5,2,1,B,A,A,small,-0.019881873552839005,0.06970736015938392,0.3361327223768194,0.6052753696544633,1,0.09402257451503404,0.3616808599028587,0.03768447699678342,0.03768447699678342,0.585622039763439,0.585622039763439,0.32766469996141145,0.32766469996141145
3,2,5,3,2,A,B,B,large,0.3371768464811644,0.2268374858016402,0.2708538392802608,0,0,0.18839628509210252,0.18839628509210252,0.2708538392802608,0.2738263812995876,0.7414637294388795,0.7414637294388795,0.7414637294388795,0.7414637294388795
3,2,5,4,3,B,A,C,small,0.6786222811639275,0.21345334329644522,0.7049898450034302,0,1,0.7049898450034302,0.7278365341864146,0.299351859519036,0.299351859519036,0.3770976186078458,0.3770976186078458,0.2952754809521455,0.2952754809521455
3,2,6,1,4,B,A,D,large,0.9938650245181098,0.6672185123028466,0.6790506653390651,0,1,0.6790506653390651,0.7030600687154588,0.9550811584492837,0.9550811584492837,0.8476213571512972,0.8476213571512972,0.7574199347270718,0.7574199347270718
3,2,6,2,2,A,B,B,large,0.3250436796730137,1,0.6738263812995876,1,1,0.18839628509210252,0.18839628509210252,0.2738263812995876,0.6980528198063575,0.7414637294388795,0.7414637294388795,0.8707318647194398,0.8707318647194398
3,2,6,3,3,A,B,C,small,0.6642394180594925,0.2429833802166258,0.299351859519036,0,0,0.7278365341864146,0.7278365341864146,0.299351859519036,0.30250740251616837,0.2952754809521455,0.2952754809521455,0.2952754809521455,0.2952754809521455
3,2,6,4,1,B,A,A,small,-0.0024881876141448042,0,0.7616808599028586,1,0,0.3616808599028587,0.7643930101963241,0.03768447699678342,0.03768447699678342,0.32766469996141145,0.32766469996141145,0.32766469996141145,0.32766469996141145
3,2,7,1,3,A,B,C,small,0.6743767083941744,0.5389127021713108,0.30250740251616837,0,0,0.7278365341864146,0.7278365341864146,0.30250740251616837,0.30568169660122435,0.2952754809521455,0.2952754809521455,0.2952754809521455,0.2952754809521455
3,2,7,2,2,A,B,B,large,0.34435251187839605,1,0.9499999999999998,1,1,0.18839628509210252,0.18839628509210252,0.6980528198063575,0.9550811584492837,0.8707318647194398,0.8707318647194398,0.9353659323597199,0.9353659323597199
3,2,7,3,4,B,A,D,large,0.9900050908362739,0.6664364801710865,0.7030600687154588,0,1,0.7030600687154588,0.725998121993529,0.9550811584492837,0.9550811584492837,0.7574199347270718,0.7574199347270718,0.7119282074490791,0.7119282074490791
3,2,7,4,1,B,A,A,small,-0.005694233002833088,0,0.9499999999999998,1,1,0.7643930101963241,0.9550811584492837,0.03768447699678342,0.03768447699678342,0.32766469996141145,0.32766469996141145,0.16383234998070573,0.16383234998070573
3,2,8,1,4,B,A,D,large,1.000893435413265,0.774478749845495,0.725998121993529,0,1,0.725998121993529,0.7477998733810899,0.9550811584492837,0.9550811584492837,0.7119282074490791,0.7119282074490791,0.7432034786472871,0.7432034786472871
3,2,8,2,3,B,A,C,small,0.6788173527697496,0.9779893134347166,0.3800890231744669,-0.8693687775298691,1,0.7278365341864146,0.40693021001903507,0.30568169660122435,0.30568169660122435,0.2952754809521455,0.2952754809521455,0.6366323971934311,0.6366323971934311
3,2,8,3,2,A,B,B,large,0.34023206536348194,1,0.9499999999999998,1,1,0.18839628509210252,0.18839628509210252,0.9550811584492837,0.9550811584492837,0.9353659323597199,0.9353659323597199,0.9676829661798599,0.9676829661798599
3,2,8,4,1,A,B,A,small,-0.0014175696911894189,0.12925200409457638,0.16130241449613275,0.3090448437483733,1,0.9550811584492837,0.9550811584492837,0.03768447699678342,0.1771074181638942,0.16383234998070573,0.16383234998070573,0.14654217703764105,0.14654217703764105
3,2,9,1,3,A,B,C,small,0.67397086449605,0.5730079963450372,0.30568169660122435,0,1,0.40693021001903507,0.40693021001903507,0.30568169660122435,0.3300660913663528,0.6366323971934311,0.6366323971934311,0.6048201967692342,0.6048201967692342
3,2,9,2,1,B,A,A,small,-0.007757108345354233,0.09444766930218376,0.9499999999999998,0.47789712595370865,1,0.9550811584492837,0.9550811584492837,0.1771074181638942,0.1771074181638942,0.14654217703764105,0.14654217703764105,0.12049492316991241,0.12049492316991241
3,2,9,3,4,B,A,D,large,1.018951702502584,0.5434220821573171,0.7477998733810899,0,1,0.7477998733810899,0.7684202482680041,0.9550811584492837,0.9550811584492837,0.7432034786472871,0.7432034786472871,0.6433127804023021,0.6433127804023021
3,2,9,4,2,A,B,B,large,0.3376323560270244,0.020529727837369657,0.6038896287982596,-0.87797882412756,0,0.18839628509210252,0.18839628509210252,0.9550811584492837,0.6074720831051936,0.9676829661798599,0.9676829661798599,0.9676829661798599,0.9676829661798599
3,2,10,1,3,B,A,C,small,0.6673099224630452,0.4957801586944926,0.40693021001903507,0,1,0.40693021001903507,0.4343388129035628,0.3300660913663528,0.3300660913663528,0.6048201967692342,0.6048201967692342,0.5503001777318633,0.5503001777318633
3,2,10,2,2,A,B,B,large,0.3241084666992283,0.5124261589774736,0.6074720831051936,0,0,0.18839628509210252,0.18839628509210252,0.6074720831051936,0.6110430058034247,0.9676829661798599,0.9676829661798599,0.9676829661798599,0.9676829661798599
3,2,10,3,4,A,B,D,large,1.0001084091775372,0.7146486299723624,0.9499999999999998,0,1,0.7684202482680041,0.7684202482680041,0.9550811584492837,0.9550811584492837,0.6433127804023021,0.6433127804023021,0.6789807051873322,0.6789807051873322
3,2,10,4,1,B,A,A,small,-0.012574946557083513,0,0.9499999999999998,1,1,0.9550811584492837,0.9550811584492837,0.1771074181638942,0.1771074181638942,0.12049492316991241,0.12049492316991241,0.060247461584956204,0.060247461584956204
3,3,1,1,3,A,B,C,small,0.6737666909457515,1,0.060965235583135255,-1,0,0.430575139515863,0.430575139515863,0.4609652355831353,0.06182963905777003,0.5503001777318633,0.5503001777318633,0.5503001777318633,0.5503001777318633
3,3,1,2,2,B,A,B,large,0.3349547602070468,0.4654421602449288,0.15409144454816015,0,0,0.15409144454816012,0.15605681433997728,0.28423136946742844,0.28423136946742844,0.9676829661798599,0.9676829661798599,0.9676829661798599,0.9676829661798599
3,3,1,3,1,B,A,A,small,-0.008052796783534256,0,0.5286140733794457,1,1,0.1286140733794456,0.5565276721808928,0.2361385623985916,0.2361385623985916,0.060247461584956204,0.060247461584956204,0.030123730792478102,0.030123730792478102
3,3,1,4,4,A,B,D,large,1.0129506365282115,0.5002816562969892,0.4237454947661644,0,1,0.21295265473496525,0.21295265473496525,0.4237454947661644,0.45142459762497283,0.6789807051873322,0.6789807051873322,0.5896311807421607,0.5896311807421607
3,3,2,1,3,B,A,C,small,0.6634720263678607,0.19344218746789532,0.4413123084285005,0.026842922281593722,1,0.430575139515863,0.4692045743579759,0.06182963905777003,0.06182963905777003,0.5503001777318633,0.5503001777318633,0.37187118259987934,0.37187118259987934
3,3,2,2,1,B,A,A,small,0.0075985077916892645,0,0.9499999999999998,1,1,0.5565276721808928,0.9550811584492837,0.2361385623985916,0.2361385623985916,0.030123730792478102,0.030123730792478102,0.015061865396239051,0.015061865396239051
3,3,2,3,4,A,B,D,large,1.002073034760216,0.41197173763510614,0.45142459762497283,0,0,0.21295265473496525,0.21295265473496525,0.45142459762497283,0.45514184288140813,0.5896311807421607,0.5896311807421607,0.5896311807421607,0.5896311807421607
3,3,2,4,2,A,B,B,large,0.33114914817469676,0.8592652245427836,0.38657771768234744,0.2558658705372975,1,0.15605681433997728,0.15605681433997728,0.28423136946742844,0.4135714245536816,0.9676829661798599,0.9676829661798599,0.9134740953613218,0.9134740953613218
3,3,3,1,2,B,A,B,large,0.3097271825876019,0.6655133415417666,0.15605681433997728,0,0,0.15605681433997728,0.15804256818032972,0.4135714245536816,0.4135714245536816,0.9134740953613218,0.9134740953613218,0.9134740953613218,0.9134740953613218
3,3,3,2,4,A,B,D,large,0.9899077464119459,0.5347035778965616,0.45514184288140813,0,0,0.21295265473496525,0.21295265473496525,0.45514184288140813,0.4588640938753614,0.5896311807421607,0.5896311807421607,0.5896311807421607,0.5896311807421607
3,3,3,3,1,B,A,A,small,-0.01996184606807021,0,0.9499999999999998,1,1,0.9550811584492837,0.9550811584492837,0.2361385623985916,0.2361385623985916,0.015061865396239051,0.015061865396239051,0.0075309326981195255,0.0075309326981195255
3,3,3,4,3,A,B,C,small,0.6718504454984894,0.4291453778790162,0.06182963905777003,0,0,0.4692045743579759,0.4692045743579759,0.06182963905777003,0.06270548017194395,0.37187118259987934,0.37187118259987934,0.37187118259987934,0.37187118259987934
3,3,4,1,1,B,A,A,small,-0.0022833010954459183,0,0.9499999999999998,1,1,0.9550811584492837,0.9550811584492837,0.2361385623985916,0.2361385623985916,0.0075309326981195255,0.0075309326981195255,0.0037654663490597627,0.0037654663490597627
3,3,4,2,3,B,A,C,small,0.6782307632491739,0.20595332274157668,0.4692045743579759,0,0,0.4692045743579759,0.47294200534447123,0.06270548017194395,0.06270548017194395,0.37187118259987934,0.37187118259987934,0.37187118259987934,0.37187118259987934
3,3,4,3,4,A,B,D,large,1.0000472065325265,0.4887932989683547,0.4588640938753615,0,0,0.21295265473496525,0.21295265473496525,0.4588640938753614,0.4625909411642496,0.5896311807421607,0.5896311807421607,0.5896311807421607,0.5896311807421607
3,3,4,4,2,A,B,B,large,0.32410838887609833,0.6449130578893123,0.4135714245536817,0,0,0.15804256818032972,0.15804256818032972,0.4135714245536816,0.4172140301534711,0.9134740953613218,0.9134740953613218,0.9134740953613218,0.9134740953613218
3,3,5,1,2,A,B,B,large,0.3455415199439984,0.7858064687076066,0.4172140301534711,0,0,0.15804256818032972,0.15804256818032972,0.4172140301534711,0.42086569353040126,0.9134740953613218,0.9134740953613218,0.9134740953613218,0.9134740953613218
3,3,5,2,4,A,B,D,large,1.029887053567502,0,0.06259094116424958,-1,0,0.21295265473496525,0.21295265473496525,0.4625909411642496,0.0634768367639028,0.5896311807421607,0.5896311807421607,0.5896311807421607,0.5896311807421607
3,3,5,3,1,B,A,A,small,-0.009817051183703946,0.6013324366791301,0.9499999999999998,0,1,0.9550811584492837,0.9550811584492837,0.2361385623985916,0.2361385623985916,0.0037654663490597627,0.0037654663490597627,0.3025489515140949,0.3025489515140949
3,3,5,4,3,B,A,C,small,0.6481613543769813,0.788070516148579,0.47294200534447123,0,1,0.47294200534447123,0.5010405438573102,0.06270548017194395,0.06270548017194395,0.37187118259987934,0.37187118259987934,0.5799708493742292,0.5799708493742292
3,3,6,1,2,A,B,B,large,0.3416585618415386,1,0.8208656935304013,1,1,0.15804256818032972,0.15804256818032972,0.42086569353040126,0.8368157066995338,0.9134740953613218,0.9134740953613218,0.9567370476806609,0.9567370476806609
3,3,6,2,4,B,A,D,large,0.9953780481487887,1,0.6129526547349653,1,0,0.21295265473496525,0.6165051945598541,0.0634768367639028,0.0634768367639028,0.5896311807421607,0.5896311807421607,0.5896311807421607,0.5896311807421607
3,3,6,3,1,A,B,A,small,-0.006607523496534606,0.311715258014815,0.2361385623985916,0,0,0.9550811584492837,0.9550811584492837,0.2361385623985916,0.2388549197225145,0.3025489515140949,0.3025489515140949,0.3025489515140949,0.3025489515140949
3,3,6,4,3,B,A,C,small,0.6572806105462585,0,0.9010405438573102,1,1,0.5010405438573102,0.9106290568244297,0.06270548017194395,0.06270548017194395,0.5799708493742292,0.5799708493742292,0.2899854246871146,0.2899854246871146
3,3,7,1,4,A,B,D,large,0.9974873556691055,0.41362089871387736,0.0634768367639028,0,0,0.6165051945598541,0.6165051945598541,0.0634768367639028,0.06437441002664081,0.5896311807421607,0.5896311807421607,0.5896311807421607,0.5896311807421607
3,3,7,2,1,B,A,A,small,-0.005128148851357916,0.6024979012788652,0.9499999999999998,0,1,0.9550811584492837,0.9550811584492837,0.2388549197225145,0.2388549197225145,0.3025489515140949,0.3025489515140949,0.45252342639648,0.45252342639648
3,3,7,3,3,B,A,C,small,0.670843568654235,0.2708481936616473,0.9106290568244297,0,1,0.9106290568244297,0.9193716425915753,0.06270548017194395,0.06270548017194395,0.2899854246871146,0.2899854246871146,0.28041680917438094,0.28041680917438094
3,3,7,4,2,A,B,B,large,0.3182346696272049,0.7034596743907376,0.8368157066995338,0,0,0.15804256818032972,0.15804256818032972,0.8368157066995338,0.8388536997620107,0.9567370476806609,0.9567370476806609,0.9567370476806609,0.9567370476806609
3,3,8,1,4,A,B,D,large,1.0067448487759498,0.28084361206220143,0.06437441002664081,0,0,0.6165051945598541,0.6165051945598541,0.06437441002664081,0.06528379039663107,0.5896311807421607,0.5896311807421607,0.5896311807421607,0.5896311807421607
3,3,8,2,2,A,B,B,large,0.34070782162022145,0.9052043601715615,0.9499999999999998,0.47615012718607297,1,0.15804256818032972,0.15804256818032972,0.8388536997620107,0.9550811584492837,0.9567370476806609,0.9567370476806609,0.9309707039261113,0.9309707039261113
3,3,8,3,1,B,A,A,small,-0.00998066077813253,0.6044894832359092,0.9499999999999998,0,1,0.9550811584492837,0.9550811584492837,0.2388549197225145,0.2388549197225145,0.45252342639648,0.45252342639648,0.5285064548161946,0.5285064548161946
3,3,8,4,3,B,A,C,small,0.6541279662961201,0.3320172482828636,0.9193716425915753,0,1,0.9193716425915753,0.9273272490184828,0.06270548017194395,0.06270548017194395,0.28041680917438094,0.28041680917438094,0.3062170287286223,0.3062170287286223
3,3,9,1,1,A,B,A,small,8.191307282606879e-4,0.5358035352902171,0.2388549197225145,0,0,0.9550811584492837,0.9550811584492837,0.2388549197225145,0.24159264123368876,0.5285064548161946,0.5285064548161946,0.5285064548161946,0.5285064548161946
3,3,9,2,3,B,A,C,small,0.6792641667944356,0.264323421324966,0.9273272490184828,0,1,0.9273272490184828,0.9345537546132595,0.06270548017194395,0.06270548017194395,0.3062170287286223,0.3062170287286223,0.2852702250267941,0.2852702250267941
3,3,9,3,2,B,A,B,large,0.33552246556072157,0.8615872408533704,0.2646510873826249,0.2665212980057378,0,0.15804256818032972,0.2675805374388691,0.9550811584492837,0.9550811584492837,0.9309707039261113,0.9309707039261113,0.9309707039261113,0.9309707039261113
3,3,9,4,4,A,B,D,large,0.9885028453273997,1,0.46528379039663115,1,0,0.6165051945598541,0.6165051945598541,0.06528379039663107,0.4690175865088048,0.5896311807421607,0.5896311807421607,0.5896311807421607,0.5896311807421607
3,3,10,1,2,B,A,B,large,0.3255652518326308,0.8982233385693839,0.44412345812727466,0.44135730172101373,0,0.2675805374388691,0.44782966216521136,0.9550811584492837,0.9550811584492837,0.9309707039261113,0.9309707039261113,0.9309707039261113,0.9309707039261113
3,3,10,2,3,A,B,C,small,0.6668246489922575,0.12350721585919357,0.19715026280686485,0.3361119565873021,0,0.9345537546132595,0.9345537546132595,0.06270548017194395,0.19953528318002944,0.2852702250267941,0.2852702250267941,0.2852702250267941,0.2852702250267941
3,3,10,3,1,A,B,A,small,0.005047105072024097,0.43213392445764987,0.24159264123368876,0,1,0.9550811584492837,0.9550811584492837,0.24159264123368876,0.26279966917700026,0.5285064548161946,0.5285064548161946,0.48032018963692225,0.48032018963692225
3,3,10,4,4,B,A,D,large,1.0026843748079461,0.18736409883913027,0.5956897767459657,-0.052038544534721044,1,0.6165051945598541,0.6224681579250786,0.4690175865088048,0.4690175865088048,0.5896311807421607,0.5896311807421607,0.3884976397906455,0.3884976397906455
3,4,1,1,1,A,B,A,small,0.003227530408701521,0.2665365606152823,0.4305850203679156,0,0,0.27245246280593743,0.27245246280593743,0.43058502036791557,0.4342665080051617,0.48032018963692225,0.48032018963692225,0.48032018963692225,0.48032018963692225
3,4,1,2,2,B,A,B,large,0.3360341787671468,1,0.6392046611829053,1,1,0.23920466118290531,0.6647231027106087,0.054254587251674764,0.054254587251674764,0.9309707039261113,0.9309707039261113,0.9654853519630556,0.9654853519630556
3,4,1,3,3,A,B,C,small,0.675686103280381,0.7627999775138946,0.07414822903514154,0,0,0.21455231887726098,0.21455231887726098,0.07414822903514154,0.07518458364273177,0.2852702250267941,0.2852702250267941,0.2852702250267941,0.2852702250267941
3,4,1,4,4,B,A,D,large,1.000175302594578,0.3929038590446209,0.25906486261325923,0,0,0.25906486261325923,0.2619545055740999,0.2355066474270079,0.2355066474270079,0.3884976397906455,0.3884976397906455,0.3884976397906455,0.3884976397906455
3,4,2,1,2,B,A,B,large,0.3201103587349104,1,0.9499999999999998,1,1,0.6647231027106087,0.9550811584492837,0.054254587251674764,0.054254587251674764,0.9654853519630556,0.9654853519630556,0.9827426759815279,0.9827426759815279
3,4,2,2,1,A,B,A,small,0.009393665264497855,0.6440278842880826,0.4342665080051617,0,0,0.27245246280593743,0.27245246280593743,0.4342665080051617,0.43795526258251755,0.48032018963692225,0.48032018963692225,0.48032018963692225,0.48032018963692225
3,4,2,3,4,B,A,D,large,1.004530384389365,0.2967438502777106,0.26195450557409994,0,0,0.2619545055740999,0.26486485808849647,0.2355066474270079,0.2355066474270079,0.3884976397906455,0.3884976397906455,0.3884976397906455,0.3884976397906455
3,4,2,4,3,A,B,C,small,0.6740518817801585,0.6904307291646924,0.07518458364273177,0,1,0.21455231887726098,0.21455231887726098,0.07518458364273177,0.08339043731294762,0.2852702250267941,0.2852702250267941,0.48785047709574325,0.48785047709574325
3,4,3,1,1,B,A,A,small,0.001023182671731368,0.37120129609465957,0.2724524628059375,0,0,0.27245246280593743,0.2754359218223169,0.43795526258251755,0.43795526258251755,0.48032018963692225,0.48032018963692225,0.48032018963692225,0.48032018963692225
3,4,3,2,2,A,B,B,large,0.34818983364498357,0.9422304291470223,0.3218664357496678,0.6690296212449826,0,0.9550811584492837,0.9550811584492837,0.054254587251674764,0.32514917218101774,0.9827426759815279,0.9827426759815279,0.9827426759815279,0.9827426759815279
3,4,3,3,4,A,B,D,large,0.9993385409212274,0.15398252767874987,0.1571021790956527,-0.19601117082838798,0,0.26486485808849647,0.26486485808849647,0.2355066474270079,0.15909872710623602,0.3884976397906455,0.3884976397906455,0.3884976397906455,0.3884976397906455
3,4,3,4,3,B,A,C,small,0.6675010305737505,0.9966636501822963,0,-0.9798274461955161,0,0.21455231887726098,0,0.08339043731294762,0.08339043731294762,0.48785047709574325,0.48785047709574325,0.48785047709574325,0.48785047709574325
3,4,4,1,3,A,B,C,small,0.6683765913331312,0.6607587333539896,0.08339043731294762,0,1,0,0,0.08339043731294762,0.09240241624466902,0.48785047709574325,0.48785047709574325,0.5743046052248664,0.5743046052248664
3,4,4,2,4,A,B,D,large,1.0011663669457773,0.9054852790597998,0.3501228855766736,0.4775603961760939,0,0.26486485808849647,0.26486485808849647,0.15909872710623602,0.3535435644198837,0.3884976397906455,0.3884976397906455,0.3884976397906455,0.3884976397906455
3,4,4,3,1,B,A,A,small,4.588809887682856e-4,0.6211686567486812,0.2754359218223169,0,0,0.2754359218223169,0.2784395477236514,0.43795526258251755,0.43795526258251755,0.48032018963692225,0.48032018963692225,0.48032018963692225,0.48032018963692225
3,4,4,4,2,B,A,B,large,0.32937696759652624,1,0.9499999999999998,1,1,0.9550811584492837,0.9550811584492837,0.32514917218101774,0.32514917218101774,0.9827426759815279,0.9827426759815279,0.9913713379907639,0.9913713379907639
3,4,5,1,2,B,A,B,large,0.3331490906183751,0.8698148814697055,0.9499999999999998,0.3046776715629712,1,0.9550811584492837,0.9550811584492837,0.32514917218101774,0.32514917218101774,0.9913713379907639,0.9913713379907639,0.9305931097302347,0.9305931097302347
3,4,5,2,3,A,B,C,small,0.6624380470951937,0.9474524548332766,0,-0.6974002079808996,0,0,0,0.09240241624466902,0,0.5743046052248664,0.5743046052248664,0.5743046052248664,0.5743046052248664
3,4,5,3,1,B,A,A,small,-0.018828464504237547,0.7170254706667832,0.2784395477236514,0,1,0.2784395477236514,0.3015947717360216,0.43795526258251755,0.43795526258251755,0.48032018963692225,0.48032018963692225,0.5986728301518527,0.5986728301518527
3,4,5,4,4,A,B,D,large,1.0110406446436655,0.36696460340261194,0.3535435644198837,0,1,0.26486485808849647,0.26486485808849647,0.3535435644198837,0.3796582344836067,0.3884976397906455,0.3884976397906455,0.3777311215966287,0.3777311215966287
3,4,6,1,1,A,B,A,small,0.015820415218157777,0.6306612827427719,0.43795526258251755,0,0,0.3015947717360216,0.3015947717360216,0.43795526258251755,0.44165088946114456,0.5986728301518527,0.5986728301518527,0.5986728301518527,0.5986728301518527
3,4,6,2,3,B,A,C,small,0.6432304653925088,0.36822976500561405,0,0,0,0,0,0,0,0.5743046052248664,0.5743046052248664,0.5743046052248664,0.5743046052248664
3,4,6,3,2,B,A,B,large,0.36475720730707933,1,0.9499999999999998,1,1,0.9550811584492837,0.9550811584492837,0.32514917218101774,0.32514917218101774,0.9305931097302347,0.9305931097302347,0.9652965548651173,0.9652965548651173
3,4,6,4,4,A,B,D,large,0.9925122925883629,0.20717509312730228,0.3796582344836067,0,1,0.26486485808849647,0.26486485808849647,0.3796582344836067,0.4064889478580278,0.3777311215966287,0.3777311215966287,0.2924531073619655,0.2924531073619655
3,4,7,1,1,A,B,A,small,0.012615575658265828,0.6245671135047521,0.4416508894611446,0,1,0.3015947717360216,0.3015947717360216,0.44165088946114456,0.4695465697511226,0.5986728301518527,0.5986728301518527,0.6116199718283024,0.6116199718283024
3,4,7,2,3,B,A,C,small,0.6756648062700589,0.7087750300553759,0,0,0,0,0,0,0,0.5743046052248664,0.5743046052248664,0.5743046052248664,0.5743046052248664
3,4,7,3,2,B,A,B,large,0.34362187859007903,1,0.9499999999999998,1,1,0.9550811584492837,0.9550811584492837,0.32514917218101774,0.32514917218101774,0.9652965548651173,0.9652965548651173,0.9826482774325587,0.9826482774325587
3,4,7,4,4,A,B,D,large,0.9893488678837217,0,0.006488947858027785,-1,0,0.26486485808849647,0.26486485808849647,0.4064889478580278,0.006586369834913137,0.2924531073619655,0.2924531073619655,0.2924531073619655,0.2924531073619655
3,4,8,1,3,A,B,C,small,0.6557929449890159,1,0,-1,0,0,0,0,0,0.5743046052248664,0.5743046052248664,0.5743046052248664,0.5743046052248664
3,4,8,2,2,A,B,B,large,0.33870804823080175,0.8329252877861872,0.38050801060581046,0.1383970960619817,0,0.9550811584492837,0.9550811584492837,0.32514917218101774,0.38405011796042265,0.9826482774325587,0.9826482774325587,0.9826482774325587,0.9826482774325587
3,4,8,3,1,B,A,A,small,0.005234674616126962,0.45058346376606884,0.3015947717360216,0,1,0.3015947717360216,0.3258061321130966,0.4695465697511226,0.4695465697511226,0.6116199718283024,0.6116199718283024,0.5311017177971856,0.5311017177971856
3,4,8,4,4,B,A,D,large,0.991677673084215,0,0,-1,0,0.26486485808849647,0,0.006586369834913137,0.006586369834913137,0.2924531073619655,0.2924531073619655,0.2924531073619655,0.2924531073619655
3,4,9,1,4,A,B,D,large,1.0024931958046008,0.5244797094800505,0.006586369834913137,0,0,0,0,0.006586369834913137,0.006685244617005042,0.2924531073619655,0.2924531073619655,0.2924531073619655,0.2924531073619655
3,4,9,2,2,B,A,B,large,0.33130593042985873,0.9760511336980916,0.9499999999999998,0.8581389833834719,1,0.9550811584492837,0.9550811584492837,0.38405011796042265,0.38405011796042265,0.9826482774325587,0.9826482774325587,0.9793497055653251,0.9793497055653251
3,4,9,3,3,A,B,C,small,0.662773829528958,1,0,-1,0,0,0,0,0,0.5743046052248664,0.5743046052248664,0.5743046052248664,0.5743046052248664
3,4,9,4,1,B,A,A,small,0.0301612778872496,0.33792339861598497,0.3258061321130966,0,1,0.3258061321130966,0.3509843511826043,0.4695465697511226,0.4695465697511226,0.5311017177971856,0.5311017177971856,0.4345125582065853,0.4345125582065853
3,4,10,1,1,A,B,A,small,-0.004896804055504602,0,0.8695465697511227,1,1,0.3509843511826043,0.3509843511826043,0.4695465697511226,0.8817862845671124,0.4345125582065853,0.4345125582065853,0.21725627910329265,0.21725627910329265
3,4,10,2,4,B,A,D,large,1.0013208619217995,0.26981103295880665,0,0,0,0,0,0.006685244617005042,0.006685244617005042,0.2924531073619655,0.2924531073619655,0.2924531073619655,0.2924531073619655
3,4,10,3,3,B,A,C,small,0.6730320596270548,1,0,-1,0,0,0,0,0,0.5743046052248664,0.5743046052248664,0.5743046052248664,0.5743046052248664
3,4,10,4,2,A,B,B,large,0.3452451342723831,0.9912907136532231,0.7630991973542036,0.9476226984844526,0,0.9550811584492837,0.9550811584492837,0.38405011796042265,0.7658001695422174,0.9793497055653251,0.9793497055653251,0.9793497055653251,0.9793497055653251
3,5,1,1,2,B,A,B,large,0.3293606780590228,0.6763579211995983,0.18284359730246075,0,0,0.18284359730246072,0.18509544514330073,0.2003385202055308,0.2003385202055308,0.9793497055653251,0.9793497055653251,0.9793497055653251,0.9793497055653251
3,5,1,2,1,B,A,A,small,3.5103999401618575e-4,0.7416366259154572,0.3873628298387082,0,1,0.3873628298387082,0.4143743258760248,0.351147501009946,0.351147501009946,0.21725627910329265,0.21725627910329265,0.4794464525093749,0.4794464525093749
3,5,1,3,3,A,B,C,small,0.6822774750945299,1,0,-1,0,0.31949278447237356,0.31949278447237356,0.2897892797560955,0,0.5743046052248664,0.5743046052248664,0.5743046052248664,0.5743046052248664
3,5,1,4,4,A,B,D,large,1.0103421841602171,0.9096928454034894,0.30931461496965995,0.49877830545010954,0,0.30652574822720535,0.30652574822720535,0.10980329278961612,0.3125283331079169,0.2924531073619655,0.2924531073619655,0.2924531073619655,0.2924531073619655
3,5,2,1,1,B,A,A,small,0.01459310365401004,0.13784460312699645,0.5220287399508043,0.269136035186949,1,0.4143743258760248,0.5500003323969692,0.351147501009946,0.351147501009946,0.4794464525093749,0.4794464525093749,0.30864552781818566,0.30864552781818566
3,5,2,2,4,B,A,D,large,0.9917901748782807,0,0,-1,0,0.30652574822720535,0,0.3125283331079169,0.3125283331079169,0.2924531073619655,0.2924531073619655,0.2924531073619655,0.2924531073619655
3,5,2,3,2,A,B,B,large,0.33715116977690657,0.28272413041882605,0.20033852020553078,0,1,0.18509544514330073,0.18509544514330073,0.2003385202055308,0.2189698077960523,0.9793497055653251,0.9793497055653251,0.6310369179920756,0.6310369179920756
3,5,2,4,3,A,B,C,small,0.6616503629967437,0.4131237452333767,0,0,0,0.31949278447237356,0.31949278447237356,0,0,0.5743046052248664,0.5743046052248664,0.5743046052248664,0.5743046052248664
3,5,3,1,1,A,B,A,small,-0.0019175513542178003,0.1282208860256789,0.476699573870082,0.31388018215034,1,0.5500003323969692,0.5500003323969692,0.351147501009946,0.5048075369909201,0.30864552781818566,0.30864552781818566,0.2184332069219323,0.2184332069219323
3,5,3,2,3,B,A,C,small,0.6651136237290135,1,0,-1,0,0.31949278447237356,0,0,0,0.5743046052248664,0.5743046052248664,0.5743046052248664,0.5743046052248664
3,5,3,3,2,B,A,B,large,0.32968285296758443,0.5599581895500315,0.18509544514330073,0,0,0.18509544514330073,0.18736866705954153,0.2189698077960523,0.2189698077960523,0.6310369179920756,0.6310369179920756,0.6310369179920756,0.6310369179920756
3,5,3,4,4,A,B,D,large,1.002551005202641,0,0,-1,0,0,0,0.3125283331079169,0,0.2924531073619655,0.2924531073619655,0.2924531073619655,0.2924531073619655
3,5,4,1,4,A,B,D,large,1.0073111343611545,0,0,-1,0,0,0,0,0,0.2924531073619655,0.2924531073619655,0.2924531073619655,0.2924531073619655
3,5,4,2,3,B,A,C,small,0.6785311213808117,1,0,-1,0,0,0,0,0,0.5743046052248664,0.5743046052248664,0.5743046052248664,0.5743046052248664
3,5,4,3,2,B,A,B,large,0.31454696495232215,0.2008906251131045,0.18736866705954153,0,0,0.18736866705954153,0.18966330943669124,0.2189698077960523,0.2189698077960523,0.6310369179920756,0.6310369179920756,0.6310369179920756,0.6310369179920756
3,5,4,4,1,A,B,A,small,0.002524978192631941,0.09762388359674094,0.6896058712653286,0.46199583568602115,1,0.5500003323969692,0.5500003323969692,0.5048075369909201,0.7131592083833218,0.2184332069219323,0.2184332069219323,0.15802854525933663,0.15802854525933663
3,5,5,1,3,A,B,C,small,0.6611888367402988,0.0011278355054414213,0.39726628341252224,0.9931657085313055,1,0,0,0,0.4244898654598737,0.5743046052248664,0.5743046052248664,0.2877162203651539,0.2877162203651539
3,5,5,2,4,B,A,D,large,1.0049733119766426,0,0,-1,0,0,0,0,0,0.2924531073619655,0.2924531073619655,0.2924531073619655,0.2924531073619655
3,5,5,3,1,B,A,A,small,0.021454829190487447,0.18125120618735702,0.581076032915243,0.07768925129568442,0,0.5500003323969692,0.5847229295508135,0.7131592083833218,0.7131592083833218,0.15802854525933663,0.15802854525933663,0.15802854525933663,0.15802854525933663
3,5,5,4,2,A,B,B,large,0.3245726461023122,0.30104738178069007,0.2189698077960523,0,0,0.18966330943669124,0.18966330943669124,0.2189698077960523,0.2215459495638647,0.6310369179920756,0.6310369179920756,0.6310369179920756,0.6310369179920756
3,5,6,1,2,A,B,B,large,0.3409350921693713,0.20116412919266238,0.2215459495638647,0,0,0.18966330943669124,0.18966330943669124,0.2215459495638647,0.22414370130053443,0.6310369179920756,0.6310369179920756,0.6310369179920756,0.6310369179920756
3,5,6,2,1,B,A,A,small,0.005063770316844299,0.13703443269128998,0.6938708099567793,0.27286970101491403,0,0.5847229295508135,0.6970477233639456,0.7131592083833218,0.7131592083833218,0.15802854525933663,0.15802854525933663,0.15802854525933663,0.15802854525933663
3,5,6,3,3,A,B,C,small,0.6585564203346879,0.18123416981867058,0.45559433658865883,0.07776117782196258,1,0,0,0.4244898654598737,0.48360790831318956,0.2877162203651539,0.2877162203651539,0.23447519509191223,0.23447519509191223
3,5,6,4,4,B,A,D,large,0.9837819437995075,0.359912072684249,0,0,0,0,0,0,0,0.2924531073619655,0.2924531073619655,0.2924531073619655,0.2924531073619655
3,5,7,1,4,B,A,D,large,1.0107926300198935,0.02842787078400013,0,-0.8323536069441438,0,0,0,0,0,0.2924531073619655,0.2924531073619655,0.2924531073619655,0.2924531073619655
3,5,7,2,2,A,B,B,large,0.33597069826649806,0.18833386665831503,0.2049445081482685,-0.04799798288066491,0,0.18966330943669124,0.18966330943669124,0.22414370130053443,0.2073994611796058,0.6310369179920756,0.6310369179920756,0.6310369179920756,0.6310369179920756
3,5,7,3,1,A,B,A,small,2.9232107677440916e-4,0.21821641933300742,0.7131592083833218,0,1,0.6970477233639456,0.6970477233639456,0.7131592083833218,0.7356104977244529,0.15802854525933663,0.15802854525933663,0.188122482296172,0.188122482296172
3,5,7,4,3,B,A,C,small,0.6749672720591066,0.34028399257427405,0,0,0,0,0,0.48360790831318956,0.48360790831318956,0.23447519509191223,0.23447519509191223,0.23447519509191223,0.23447519509191223
3,5,8,1,4,A,B,D,large,0.9929796392555925,0,0,-1,0,0,0,0,0,0.2924531073619655,0.2924531073619655,0.2924531073619655,0.2924531073619655
3,5,8,2,3,A,B,C,small,0.6669510018299577,0.9466371316774869,0.20642746022106015,-0.6929511202303235,0,0,0,0.48360790831318956,0.20889550967682796,0.23447519509191223,0.23447519509191223,0.23447519509191223,0.23447519509191223
3,5,8,3,1,B,A,A,small,0.011048160946865693,0.041066311068730176,0.9499999999999998,0.7608279990632322,1,0.6970477233639456,0.9550811584492837,0.7356104977244529,0.7356104977244529,0.188122482296172,0.188122482296172,0.1145943966824511,0.1145943966824511
3,5,8,4,2,B,A,B,large,0.3204493688637005,0.1876303662312689,0.1692919677318423,-0.050928354262122263,0,0.18966330943669124,0.17141192725830232,0.2073994611796058,0.2073994611796058,0.6310369179920756,0.6310369179920756,0.6310369179920756,0.6310369179920756
3,5,9,1,1,B,A,A,small,8.228322216849431e-4,0.3272899203299938,0.9499999999999998,0,1,0.9550811584492837,0.9550811584492837,0.7356104977244529,0.7356104977244529,0.1145943966824511,0.1145943966824511,0.22094215850622245,0.22094215850622245
3,5,9,2,3,A,B,C,small,0.6745638516915659,0.531135224744333,0.20889550967682796,0,0,0,0,0.20889550967682796,0.21138520706220879,0.23447519509191223,0.23447519509191223,0.23447519509191223,0.23447519509191223
3,5,9,3,4,B,A,D,large,1.0063851091349978,1,0.4,1,0,0,0.403605340410737,0,0,0.2924531073619655,0.2924531073619655,0.2924531073619655,0.2924531073619655
3,5,9,4,2,A,B,B,large,0.32673074409608965,0.85945330079303,0.3100902960585233,0.2567270871972937,1,0.17141192725830232,0.17141192725830232,0.2073994611796058,0.33465686149351204,0.6310369179920756,0.6310369179920756,0.7452451093925527,0.7452451093925527
3,5,10,1,4,B,A,D,large,0.9804863042594524,0,0.003605340410736956,-1,0,0.403605340410737,0.0036596287484168696,0,0,0.2924531073619655,0.2924531073619655,0.2924531073619655,0.2924531073619655
3,5,10,2,2,A,B,B,large,0.3287273703121694,1,0.7346568614935121,1,0,0.17141192725830232,0.17141192725830232,0.33465686149351204,0.7375705933140918,0.7452451093925527,0.7452451093925527,0.7452451093925527,0.7452451093925527
3,5,10,3,1,B,A,A,small,-0.01069157268033156,0.12423031040001543,0.9499999999999998,0.3326878952586723,1,0.9550811584492837,0.9550811584492837,0.7356104977244529,0.7356104977244529,0.22094215850622245,0.22094215850622245,0.17258623445311894,0.17258623445311894
3,5,10,4,3,A,B,C,small,0.6797860715424963,0.6009710344970092,0.21138520706220879,0,0,0,0,0.21138520706220879,0.21389655467514926,0.23447519509191223,0.23447519509191223,0.23447519509191223,0.23447519509191223
3,6,1,1,4,A,B,D,large,1.010568183416342,0.3666376730953073,0.42539223488732997,0,0,0.26915203994891945,0.26915203994891945,0.42539223488732997,0.4290627790521116,0.2924531073619655,0.2924531073619655,0.2924531073619655,0.2924531073619655
3,6,1,2,2,B,A,B,large,0.32100721312369423,0.7704905445335773,0.27531090020449783,0,1,0.27531090020449783,0.29831350971203596,0.5125522113085078,0.5125522113085078,0.7452451093925527,0.7452451093925527,0.757867826963065,0.757867826963065
3,6,1,3,3,A,B,C,small,0.6849397178894321,0.2955759677255395,0.34603136192860995,0,0,0.41135839824575127,0.41135839824575127,0.34603136192861,0.3494335604931742,0.23447519509191223,0.23447519509191223,0.23447519509191223,0.23447519509191223
3,6,1,4,1,B,A,A,small,0.010774869478251023,0,0.7827560978622641,1,1,0.3827560978622641,0.8012778989239816,0.3264723141920082,0.3264723141920082,0.17258623445311894,0.17258623445311894,0.08629311722655947,0.08629311722655947
3,6,2,1,3,B,A,C,small,0.6881728046019792,0.4422503843077099,0.41135839824575127,0,0,0.41135839824575127,0.41499530577019345,0.3494335604931742,0.3494335604931742,0.23447519509191223,0.23447519509191223,0.23447519509191223,0.23447519509191223
3,6,2,2,1,A,B,A,small,0.0029431539524037947,0.029584382387849502,0.6567655426102115,0.8257330710455083,1,0.8012778989239816,0.8012778989239816,0.3264723141920082,0.6816605046389251,0.08629311722655947,0.08629311722655947,0.05793874980720448,0.05793874980720448
3,6,2,3,2,B,A,B,large,0.32792639337106505,0.9697097049050917,0.6269933262897804,0.821699541444361,1,0.29831350971203596,0.6529064654647325,0.5125522113085078,0.5125522113085078,0.757867826963065,0.757867826963065,0.8637887659340784,0.8637887659340784
3,6,2,4,4,A,B,D,large,0.9911103665345388,0.4991842325903127,0.4290627790521116,0,1,0.26915203994891945,0.26915203994891945,0.4290627790521116,0.4568138723062224,0.2924531073619655,0.2924531073619655,0.3958186699761391,0.3958186699761391
3,6,3,1,2,A,B,B,large,0.33608447511391276,1,0.9125522113085077,1,1,0.6529064654647325,0.6529064654647325,0.5125522113085078,0.9211229626829933,0.8637887659340784,0.8637887659340784,0.9318943829670392,0.9318943829670392
3,6,3,2,1,B,A,A,small,-0.004744376820164421,0.21293345844692477,0.8012778989239816,0,1,0.8012778989239816,0.8185865503232412,0.6816605046389251,0.6816605046389251,0.05793874980720448,0.05793874980720448,0.13543610412706464,0.13543610412706464
3,6,3,3,4,A,B,D,large,0.9958662731999057,0.09358737706400734,0.2639252815555493,-0.4822214768766828,0,0.26915203994891945,0.26915203994891945,0.4568138723062224,0.26684961304520594,0.3958186699761391,0.3958186699761391,0.3958186699761391,0.3958186699761391
3,6,3,4,3,B,A,C,small,0.6480540650994407,0.08323679196255453,0.6289302248050237,0.5348372975870757,0,0.41499530577019345,0.6324240573436656,0.3494335604931742,0.3494335604931742,0.23447519509191223,0.23447519509191223,0.23447519509191223,0.23447519509191223
3,6,4,1,3,B,A,C,small,0.6595359449898586,0.4499450097443686,0.6324240573436656,0,0,0.6324240573436656,0.6359040376331883,0.3494335604931742,0.3494335604931742,0.23447519509191223,0.23447519509191223,0.23447519509191223,0.23447519509191223
3,6,4,2,4,A,B,D,large,1.0061669133923672,0.6107550092444047,0.26684961304520594,0,1,0.26915203994891945,0.26915203994891945,0.26684961304520594,0.28942761408980744,0.3958186699761391,0.3958186699761391,0.5032868396102719,0.5032868396102719
3,6,4,3,1,A,B,A,small,0.007305978191502411,0.48931274409694225,0.6816605046389251,0,0,0.8185865503232412,0.8185865503232412,0.6816605046389251,0.6849065904071787,0.13543610412706464,0.13543610412706464,0.13543610412706464,0.13543610412706464
3,6,4,4,2,B,A,B,large,0.33183278043864606,0.8369504733984766,0.7152865370498381,0.15595017896276425,1,0.6529064654647325,0.7376325758189125,0.9211229626829933,0.9211229626829933,0.9318943829670392,0.9318943829670392,0.884422428182758,0.884422428182758
3,6,5,1,4,B,A,D,large,1.0158114788464403,0.5036818398713905,0.26915203994891945,0,1,0.26915203994891945,0.2918473006612868,0.28942761408980744,0.28942761408980744,0.5032868396102719,0.5032868396102719,0.5034843397408312,0.5034843397408312
3,6,5,2,3,A,B,C,small,0.6627686996886829,0.4706259481941667,0.3494335604931742,0,0,0.6359040376331883,0.6359040376331883,0.3494335604931742,0.35285116126250604,0.23447519509191223,0.23447519509191223,0.23447519509191223,0.23447519509191223
3,6,5,3,2,A,B,B,large,0.33892496630220176,0.8437584395005219,0.9499999999999998,0.18596196468413206,1,0.7376325758189125,0.7376325758189125,0.9211229626829933,0.9550811584492837,0.884422428182758,0.884422428182758,0.86409043384164,0.86409043384164
3,6,5,4,1,B,A,A,small,-0.0032937200482160145,0.47877191146582787,0.8185865503232412,0,1,0.8185865503232412,0.8346986314278689,0.6849065904071787,0.6849065904071787,0.13543610412706464,0.13543610412706464,0.30710400779644625,0.30710400779644625
3,6,6,1,2,A,B,B,large,0.31575938205165055,0.9511973229725451,0.9499999999999998,0.7179287997287571,1,0.7376325758189125,0.7376325758189125,0.9550811584492837,0.9550811584492837,0.86409043384164,0.86409043384164,0.9076438784070926,0.9076438784070926
3,6,6,2,1,B,A,A,small,-0.011012733152642912,0.3082373475542538,0.8346986314278689,0,1,0.8346986314278689,0.8496425733490048,0.6849065904071787,0.6849065904071787,0.30710400779644625,0.30710400779644625,0.30767067767535006,0.30767067767535006
3,6,6,3,4,A,B,D,large,1.0000711475590989,0.9520439506399382,0.5784640881950439,0.7225911852630912,1,0.2918473006612868,0.2918473006612868,0.28942761408980744,0.60562804383543,0.5034843397408312,0.5034843397408312,0.7277641451903847,0.7277641451903847
3,6,6,4,3,B,A,C,small,0.6570546928291938,0.35575064630867886,0.6359040376331883,0,1,0.6359040376331883,0.6615323129877929,0.35285116126250604,0.35285116126250604,0.23447519509191223,0.23447519509191223,0.29511292070029554,0.29511292070029554
3,6,7,1,3,A,B,C,small,0.6663457058382104,0.3376053677990323,0.352851161262506,0,0,0.6615323129877929,0.6615323129877929,0.35285116126250604,0.3562838820011627,0.29511292070029554,0.29511292070029554,0.29511292070029554,0.29511292070029554
3,6,7,2,1,A,B,A,small,0.013329217885950052,0.4249894623611668,0.6849065904071787,0,1,0.8496425733490048,0.8496425733490048,0.6849065904071787,0.7086658714078662,0.30767067767535006,0.30767067767535006,0.36633007001825846,0.36633007001825846
3,6,7,3,4,B,A,D,large,1.0071154641188909,1,0.6918473006612869,1,1,0.2918473006612868,0.7153007717079608,0.60562804383543,0.60562804383543,0.7277641451903847,0.7277641451903847,0.8638820725951923,0.8638820725951923
3,6,7,4,2,B,A,B,large,0.34769544174730466,0.9036426368303516,0.9249623334090945,0.46832439397545483,1,0.7376325758189125,0.9324068626145441,0.9550811584492837,0.9550811584492837,0.9076438784070926,0.9076438784070926,0.9056432576187221,0.9056432576187221
3,6,8,1,2,A,B,B,large,0.3264712578337885,0.7182383039896092,0.9499999999999998,0,1,0.9324068626145441,0.9324068626145441,0.9550811584492837,0.9550811584492837,0.9056432576187221,0.9056432576187221,0.8119407808041657,0.8119407808041657
3,6,8,2,1,A,B,A,small,-0.008053153606282802,0.37132391924350566,0.7086658714078662,0,0,0.8496425733490048,0.8496425733490048,0.7086658714078662,0.7117530290688685,0.36633007001825846,0.36633007001825846,0.36633007001825846,0.36633007001825846
3,6,8,3,3,B,A,C,small,0.6670807051402,0.6167438196456851,0.6615323129877929,0,1,0.6615323129877929,0.6862467056441517,0.3562838820011627,0.3562838820011627,0.29511292070029554,0.29511292070029554,0.45592837017299037,0.45592837017299037
3,6,8,4,4,B,A,D,large,0.9974776037291748,0.9706523389629044,0.9499999999999998,0.8270869537113164,1,0.7153007717079608,0.9550811584492837,0.60562804383543,0.60562804383543,0.8638820725951923,0.8638820725951923,0.9172672057790483,0.9172672057790483
3,6,9,1,1,A,B,A,small,0.0020229764290036066,0.25615216890814246,0.7117530290688685,0,1,0.8496425733490048,0.8496425733490048,0.7117530290688685,0.7342733713524471,0.36633007001825846,0.36633007001825846,0.31124111946320043,0.31124111946320043
3,6,9,2,3,B,A,C,small,0.6523938451250131,0.2907112275422454,0.6862467056441517,0,1,0.6862467056441517,0.7099477305096911,0.3562838820011627,0.3562838820011627,0.45592837017299037,0.45592837017299037,0.3733197988576179,0.3733197988576179
3,6,9,3,4,A,B,D,large,0.9907534956883854,0.9083992131438864,0.8025223475367502,0.49223575925330065,1,0.9550811584492837,0.9550811584492837,0.60562804383543,0.8197469910857524,0.9172672057790483,0.9172672057790483,0.9128332094614673,0.9128332094614673
3,6,9,4,2,B,A,B,large,0.333020774956538,0.836049356232869,0.9499999999999998,0.1520082898178264,1,0.9324068626145441,0.9550811584492837,0.9550811584492837,0.9550811584492837,0.8119407808041657,0.8119407808041657,0.8239950685185173,0.8239950685185173
3,6,10,1,2,A,B,B,large,0.3241369760204685,0.8643643754782271,0.9499999999999998,0.2793303575768971,1,0.9550811584492837,0.9550811584492837,0.9550811584492837,0.9550811584492837,0.8239950685185173,0.8239950685185173,0.8441797219983722,0.8441797219983722
3,6,10,2,3,A,B,C,small,0.6693888139540488,0.3618783062461771,0.3562838820011627,0,0,0.7099477305096911,0.7099477305096911,0.3562838820011627,0.3597314345542478,0.3733197988576179,0.3733197988576179,0.3733197988576179,0.3733197988576179
3,6,10,3,4,B,A,D,large,1.0007588214077734,0.6889234271829241,0.9499999999999998,0,1,0.9550811584492837,0.9550811584492837,0.8197469910857524,0.8197469910857524,0.9128332094614673,0.9128332094614673,0.8008783183221957,0.8008783183221957
3,6,10,4,1,B,A,A,small,-0.003271779068854323,0.15355733956546871,0.9288056466904661,0.19790768335365314,1,0.8496425733490048,0.9358953045009903,0.7342733713524471,0.7342733713524471,0.31124111946320043,0.31124111946320043,0.23239922951433456,0.23239922951433456
3,7,1,1,2,A,B,B,large,0.34297979529742423,0.7301000736584402,0.5414515045342964,0,1,0.37319736884765353,0.37319736884765353,0.5414515045342964,0.5692244052085115,0.8441797219983722,0.8441797219983722,0.7871398978284062,0.7871398978284062
3,7,1,2,4,B,A,D,large,0.9846880449698537,0.8404016100408587,0.2433595106987893,0.17111286917323434,1,0.17491436302949556,0.2646675095389988,0.2397258106287726,0.2397258106287726,0.8008783183221957,0.8008783183221957,0.8206399641815272,0.8206399641815272
3,7,1,3,3,B,A,C,small,0.674064979461209,0,0.6237796628571145,1,0,0.22377966285711437,0.6272932522398671,0.20970123155326878,0.20970123155326878,0.3733197988576179,0.3733197988576179,0.3733197988576179,0.3733197988576179
3,7,1,4,1,A,B,A,small,-0.0035693205049366172,0.16658801195984443,0.3045796957227682,0.1405120025273937,0,0.5237684704872311,0.5237684704872311,0.24837489471181073,0.30776613998591723,0.23239922951433456,0.23239922951433456,0.23239922951433456,0.23239922951433456
3,7,2,1,2,A,B,B,large,0.3048917436440086,0.66426428375374,0.5692244052085115,0,0,0.37319736884765353,0.37319736884765353,0.5692244052085115,0.5728986408410608,0.7871398978284062,0.7871398978284062,0.7871398978284062,0.7871398978284062
3,7,2,2,4,B,A,D,large,1.0025266873354706,1,0.664667509538999,1,0,0.2646675095389988,0.668002478761949,0.2397258106287726,0.2397258106287726,0.8206399641815272,0.8206399641815272,0.8206399641815272,0.8206399641815272
3,7,2,3,1,B,A,A,small,-0.0056090393207572625,0.1363688367184832,0.6341451209861981,0.27594162624741764,1,0.5237684704872311,0.6598309747868205,0.30776613998591723,0.30776613998591723,0.23239922951433456,0.23239922951433456,0.18438403311640889,0.18438403311640889
3,7,2,4,3,A,B,C,small,0.667389475389806,0.31348216435177556,0.2097012315532688,0,0,0.6272932522398671,0.6272932522398671,0.20970123155326878,0.2121979560561597,0.3733197988576179,0.3733197988576179,0.3733197988576179,0.3733197988576179
3,7,3,1,2,B,A,B,large,0.3246001173301208,0.78409909549956,0.37319736884765353,0,1,0.37319736884765353,0.39986580396711624,0.5728986408410608,0.5728986408410608,0.7871398978284062,0.7871398978284062,0.7856194966639831,0.7856194966639831
3,7,3,2,1,B,A,A,small,0.00254362380305998,0.004235704200797591,0.9499999999999998,0.9744126780213896,1,0.6598309747868205,0.9550811584492837,0.30776613998591723,0.30776613998591723,0.18438403311640889,0.18438403311640889,0.09430986865860323,0.09430986865860323
3,7,3,3,4,A,B,D,large,0.9859317249574574,0.9723072956814502,0.5743538465002984,0.8365700896788145,1,0.668002478761949,0.668002478761949,0.2397258106287726,0.6016002495662595,0.8206399641815272,0.8206399641815272,0.8964736299314887,0.8964736299314887
3,7,3,4,3,A,B,C,small,0.653816700931004,0.3414220123048061,0.2121979560561597,0,0,0.6272932522398671,0.6272932522398671,0.2121979560561597,0.21471633048898006,0.3733197988576179,0.3733197988576179,0.3733197988576179,0.3733197988576179
3,7,4,1,1,A,B,A,small,-0.006473638241326013,0.19456540070468692,0.3166542523384846,0.02222028088141848,0,0.9550811584492837,0.9550811584492837,0.30776613998591723,0.319908907273286,0.09430986865860323,0.09430986865860323,0.09430986865860323,0.09430986865860323
3,7,4,2,4,B,A,D,large,1.0023891258271855,0.8271323651769209,0.7133552707004629,0.11338197984628494,1,0.668002478761949,0.7357968992681977,0.6016002495662595,0.6016002495662595,0.8964736299314887,0.8964736299314887,0.8618029975542048,0.8618029975542048
3,7,4,3,2,B,A,B,large,0.3309501527565283,0.7248675350087264,0.39986580396711624,0,1,0.39986580396711624,0.42714128240224086,0.5728986408410608,0.5728986408410608,0.7856194966639831,0.7856194966639831,0.7552435158363547,0.7552435158363547
3,7,4,4,3,A,B,C,small,0.6762710574589563,0.9457570828073306,0,-0.6881569693084211,0,0.6272932522398671,0.6272932522398671,0.21471633048898006,0,0.3733197988576179,0.3733197988576179,0.3733197988576179,0.3733197988576179
3,7,5,1,3,B,A,C,small,0.6582005865493139,0.8399650539756301,0.5596176291430126,-0.1691890577421361,0,0.6272932522398671,0.5633109431686765,0,0,0.3733197988576179,0.3733197988576179,0.3733197988576179,0.3733197988576179
3,7,5,2,2,A,B,B,large,0.3395281829378837,1,0.9499999999999998,1,1,0.42714128240224086,0.42714128240224086,0.5728986408410608,0.9550811584492837,0.7552435158363547,0.7552435158363547,0.8776217579181773,0.8776217579181773
3,7,5,3,4,A,B,D,large,0.9979758173169267,0.9051188987874499,0.7918887500122852,0.47572125111506425,0,0.7357968992681977,0.7357968992681977,0.6016002495662595,0.7943499423141784,0.8618029975542048,0.8618029975542048,0.8618029975542048,0.8618029975542048
3,7,5,4,1,B,A,A,small,0.010319030490410863,0.5255995909334839,0.9499999999999998,0,1,0.9550811584492837,0.9550811584492837,0.319908907273286,0.319908907273286,0.09430986865860323,0.09430986865860323,0.30995472979604355,0.30995472979604355
3,7,6,1,3,B,A,C,small,0.6759682534765696,0.8719275229118404,0.4374801614900165,-0.3145769541966497,0,0.5633109431686765,0.4411749262017248,0,0,0.3733197988576179,0.3733197988576179,0.3733197988576179,0.3733197988576179
3,7,6,2,4,A,B,D,large,0.9865948151757523,0.7979667952364297,0.7943499423141784,0,1,0.7357968992681977,0.7357968992681977,0.7943499423141784,0.8121205296129277,0.8618029975542048,0.8618029975542048,0.8298848963953172,0.8298848963953172
3,7,6,3,1,A,B,A,small,0.01304609472575647,0.3225748133704083,0.319908907273286,0,0,0.9550811584492837,0.9550811584492837,0.319908907273286,0.3231811935370906,0.30995472979604355,0.30995472979604355,0.30995472979604355,0.30995472979604355
3,7,6,4,2,B,A,B,large,0.32209426317951523,0.8115128668454269,0.44608532683314095,0.04736011107725023,0,0.42714128240224086,0.44979465521216266,0.9550811584492837,0.9550811584492837,0.8776217579181773,0.8776217579181773,0.8776217579181773,0.8776217579181773
3,7,7,1,3,B,A,C,small,0.6729346064207776,0.8793638634809345,0.30127240000364647,-0.34975631549519587,0,0.4411749262017248,0.3044393912663711,0,0,0.3733197988576179,0.3733197988576179,0.3733197988576179,0.3733197988576179
3,7,7,2,2,A,B,B,large,0.3453895258268123,0.8631412473184998,0.9499999999999998,0.27368011981076534,1,0.44979465521216266,0.44979465521216266,0.9550811584492837,0.9550811584492837,0.8776217579181773,0.8776217579181773,0.8703815026183386,0.8703815026183386
3,7,7,3,1,A,B,A,small,-0.0013537731008731338,0.1797132855970225,0.35685805150958977,0.08419214493124798,0,0.9550811584492837,0.9550811584492837,0.3231811935370906,0.3603080501540171,0.30995472979604355,0.30995472979604355,0.30995472979604355,0.30995472979604355
3,7,7,4,4,B,A,D,large,1.0031085229488994,0.9282052237076167,0.9499999999999998,0.594282952307101,1,0.7357968992681977,0.9550811584492837,0.8121205296129277,0.8121205296129277,0.8298848963953172,0.8298848963953172,0.879045060051467,0.879045060051467
3,7,8,1,3,A,B,C,small,0.6740582585376051,0.39227186879422693,0,0,0,0.3044393912663711,0.3044393912663711,0,0,0.3733197988576179,0.3733197988576179,0.3733197988576179,0.3733197988576179
3,7,8,2,4,A,B,D,large,1.0009134769304793,0.7930572700712784,0.8121205296129277,0,1,0.9550811584492837,0.9550811584492837,0.8121205296129277,0.8286867011006263,0.879045060051467,0.879045060051467,0.8360511650613727,0.8360511650613727
3,7,8,3,2,B,A,B,large,0.34503852541887975,0.8262994401671514,0.49371825459832563,0.10980899846540755,1,0.44979465521216266,0.5218290392596755,0.9550811584492837,0.9550811584492837,0.8703815026183386,0.8703815026183386,0.8483404713927449,0.8483404713927449
3,7,8,4,1,B,A,A,small,0.013350137017946991,0.05214904003878127,0.9499999999999998,0.6995774275607857,1,0.9550811584492837,0.9550811584492837,0.3603080501540171,0.3603080501540171,0.30995472979604355,0.30995472979604355,0.18105188491741242,0.18105188491741242
3,7,9,1,3,B,A,C,small,0.6719137535315204,1,0,-1,0,0.3044393912663711,0,0,0,0.3733197988576179,0.3733197988576179,0.3733197988576179,0.3733197988576179
3,7,9,2,4,B,A,D,large,0.9942021809444936,0.7152414221825601,0.9499999999999998,0,1,0.9550811584492837,0.9550811584492837,0.8286867011006263,0.8286867011006263,0.8360511650613727,0.8360511650613727,0.7756462936219664,0.7756462936219664
3,7,9,3,1,A,B,A,small,1.7219782452353792e-4,0.1493390737476251,0.4470322488273504,0.21681049668333305,0,0.9550811584492837,0.9550811584492837,0.3603080501540171,0.4507430437972106,0.18105188491741242,0.18105188491741242,0.18105188491741242,0.18105188491741242
3,7,9,4,2,A,B,B,large,0.3446738865737819,1,0.9499999999999998,1,1,0.5218290392596755,0.5218290392596755,0.9550811584492837,0.9550811584492837,0.8483404713927449,0.8483404713927449,0.9241702356963725,0.9241702356963725
3,7,10,1,3,B,A,C,small,0.6740824559844653,0.0427300700229618,0.3006184492864185,0.7515461232160462,0,0,0.3037815549105022,0,0,0.3733197988576179,0.3733197988576179,0.3733197988576179,0.3733197988576179
3,7,10,2,1,B,A,A,small,0.003580363299550108,0.591685388217699,0.9499999999999998,0,1,0.9550811584492837,0.9550811584492837,0.4507430437972106,0.4507430437972106,0.18105188491741242,0.18105188491741242,0.3863686365675557,0.3863686365675557
3,7,10,3,2,A,B,B,large,0.33057928218995586,0.999394799500839,0.9499999999999998,0.9963307785506764,0,0.5218290392596755,0.5218290392596755,0.9550811584492837,0.9507077096900849,0.9241702356963725,0.9241702356963725,0.9241702356963725,0.9241702356963725
3,7,10,4,4,A,B,D,large,0.9856042692466244,0.5302456336872461,0.8286867011006263,0,1,0.9550811584492837,0.9550811584492837,0.8286867011006263,0.8440726166912756,0.7756462936219664,0.7756462936219664,0.6529459636546062,0.6529459636546062
3,8,1,1,1,A,B,A,small,0.0075979646102255815,0,0.5493931622822565,1,1,0.16610195514515683,0.16610195514515683,0.1493931622822565,0.5770607817273572,0.3863686365675557,0.3863686365675557,0.19318431828377786,0.19318431828377786
3,8,1,2,4,A,B,D,large,1.013518558914417,1,0.7666882586028405,1,1,0.1904875808680409,0.1904875808680409,0.3666882586028405,0.7862058085507069,0.6529459636546062,0.6529459636546062,0.8264729818273031,0.8264729818273031
3,8,1,3,3,B,A,C,small,0.6713561286475591,0.4172133063750179,0.15095085077251824,0,0,0.15095085077251827,0.1528834032455973,0.13166253633082126,0.13166253633082126,0.3733197988576179,0.3733197988576179,0.3733197988576179,0.3733197988576179
3,8,1,4,2,B,A,B,large,0.32742450569534637,1,0.449298534757889,1,1,0.0492985347578889,0.47726436363385827,0.34725817725935276,0.34725817725935276,0.9241702356963725,0.9241702356963725,0.9620851178481862,0.9620851178481862
3,8,2,1,3,A,B,C,small,0.6710958482418802,0.7468551839240953,0.13166253633082126,0,0,0.1528834032455973,0.1528834032455973,0.13166253633082126,0.13338694415120558,0.3733197988576179,0.3733197988576179,0.3733197988576179,0.3733197988576179
3,8,2,2,4,B,A,D,large,1.0095554127301942,0.7740022698524627,0.1904875808680409,0,0,0.1904875808680409,0.19281135679608702,0.7862058085507069,0.7862058085507069,0.8264729818273031,0.8264729818273031,0.8264729818273031,0.8264729818273031
3,8,2,3,1,A,B,A,small,0.014325518706102536,0,0.9499999999999998,1,1,0.16610195514515683,0.16610195514515683,0.5770607817273572,0.9550811584492837,0.19318431828377786,0.19318431828377786,0.09659215914188893,0.09659215914188893
3,8,2,4,2,B,A,B,large,0.3309267616874635,1,0.8772643636338583,1,0,0.47726436363385827,0.878870319472665,0.34725817725935276,0.34725817725935276,0.9620851178481862,0.9620851178481862,0.9620851178481862,0.9620851178481862
3,8,3,1,4,B,A,D,large,0.9931687181233692,0.847313996719093,0.2735310533652707,0.20179924142295924,1,0.19281135679608702,0.29644578587849485,0.7862058085507069,0.7862058085507069,0.8264729818273031,0.8264729818273031,0.8368934892731981,0.8368934892731981
3,8,3,2,3,A,B,C,small,0.6562790218001826,0.41964139664095756,0.13338694415120558,0,0,0.1528834032455973,0.1528834032455973,0.13338694415120558,0.13513042219754853,0.3733197988576179,0.3733197988576179,0.3733197988576179,0.3733197988576179
3,8,3,3,1,A,B,A,small,0.011949136362556794,0,0.9499999999999998,1,1,0.16610195514515683,0.16610195514515683,0.9550811584492837,0.9550811584492837,0.09659215914188893,0.09659215914188893,0.048296079570944464,0.048296079570944464
3,8,3,4,2,B,A,B,large,0.33898274590201527,0.7828189743819975,0.878870319472665,0,1,0.878870319472665,0.8903455553933247,0.34725817725935276,0.34725817725935276,0.9620851178481862,0.9620851178481862,0.8724520461150919,0.8724520461150919
3,8,4,1,4,A,B,D,large,1.0115866177936663,1,0.9499999999999998,1,1,0.29644578587849485,0.29644578587849485,0.7862058085507069,0.9550811584492837,0.8368934892731981,0.8368934892731981,0.918446744636599,0.918446744636599
3,8,4,2,2,B,A,B,large,0.3452316304403325,0.5465187342055875,0.8903455553933247,0,1,0.8903455553933247,0.900856317929902,0.34725817725935276,0.34725817725935276,0.8724520461150919,0.8724520461150919,0.7094853901603397,0.7094853901603397
3,8,4,3,3,B,A,C,small,0.6754050029081824,0.8199337634869013,0.1198042153424776,-0.08269796975779926,0,0.1528834032455973,0.12139502528333841,0.13513042219754853,0.13513042219754853,0.3733197988576179,0.3733197988576179,0.3733197988576179,0.3733197988576179
3,8,4,4,1,A,B,A,small,0.007183886387006846,0,0.9499999999999998,1,1,0.16610195514515683,0.16610195514515683,0.9550811584492837,0.9550811584492837,0.048296079570944464,0.048296079570944464,0.024148039785472232,0.024148039785472232
3,8,5,1,4,A,B,D,large,1.003570221090214,1,0.9499999999999998,1,1,0.29644578587849485,0.29644578587849485,0.9550811584492837,0.9550811584492837,0.918446744636599,0.918446744636599,0.9592233723182995,0.9592233723182995
3,8,5,2,3,A,B,C,small,0.6933137667025875,0.4884695945758045,0.13513042219754853,0,0,0.12139502528333841,0.12139502528333841,0.13513042219754853,0.13689308916888523,0.3733197988576179,0.3733197988576179,0.3733197988576179,0.3733197988576179
3,8,5,3,1,B,A,A,small,-0.008500976563384237,0,0.5661019551451568,1,0,0.16610195514515683,0.5697826945433827,0.9550811584492837,0.9550811584492837,0.024148039785472232,0.024148039785472232,0.024148039785472232,0.024148039785472232
3,8,5,4,2,B,A,B,large,0.3234776359728511,1,0.9499999999999998,1,1,0.900856317929902,0.9550811584492837,0.34725817725935276,0.34725817725935276,0.7094853901603397,0.7094853901603397,0.8547426950801699,0.8547426950801699
3,8,6,1,4,A,B,D,large,0.9990466874322097,0.8133396248007908,0.9499999999999998,0.054975537226319614,1,0.29644578587849485,0.29644578587849485,0.9550811584492837,0.9550811584492837,0.9592233723182995,0.9592233723182995,0.8862814985595451,0.8862814985595451
3,8,6,2,1,A,B,A,small,0.0024747213265776356,0,0.9499999999999998,1,1,0.5697826945433827,0.5697826945433827,0.9550811584492837,0.9550811584492837,0.024148039785472232,0.024148039785472232,0.012074019892736116,0.012074019892736116
3,8,6,3,2,B,A,B,large,0.3370842962905087,0.16283692849930975,0.8923286727400396,-0.1568812142731106,0,0.9550811584492837,0.8937613876379121,0.34725817725935276,0.34725817725935276,0.8547426950801699,0.8547426950801699,0.8547426950801699,0.8547426950801699
3,8,6,4,3,B,A,C,small,0.6699289850367174,0.36427833242839514,0.12139502528333841,0,0,0.12139502528333841,0.1230040067375883,0.13689308916888523,0.13689308916888523,0.3733197988576179,0.3733197988576179,0.3733197988576179,0.3733197988576179
3,8,7,1,2,A,B,B,large,0.3488461103220872,1,0.7472581772593526,1,1,0.8937613876379121,0.8937613876379121,0.34725817725935276,0.7679090961722433,0.8547426950801699,0.8547426950801699,0.9273713475400849,0.9273713475400849
3,8,7,2,4,B,A,D,large,1.0138941228924652,0.9341535283707173,0.5467371054326053,0.6257282988852764,0,0.29644578587849485,0.5504516663121348,0.9550811584492837,0.9550811584492837,0.8862814985595451,0.8862814985595451,0.8862814985595451,0.8862814985595451
3,8,7,3,1,A,B,A,small,-0.013515126516682317,0,0.9499999999999998,1,1,0.5697826945433827,0.5697826945433827,0.9550811584492837,0.9550811584492837,0.012074019892736116,0.012074019892736116,0.006037009946368058,0.006037009946368058
3,8,7,4,3,B,A,C,small,0.6740920425826286,0.8155805876775399,0.0972616904374155,-0.06435579075043206,1,0.1230040067375883,0.10759676313217484,0.13689308916888523,0.13689308916888523,0.3733197988576179,0.3733197988576179,0.594450193267579,0.594450193267579
3,8,8,1,4,A,B,D,large,1.0025644374906695,1,0.9499999999999998,1,1,0.5504516663121348,0.5504516663121348,0.9550811584492837,0.9550811584492837,0.8862814985595451,0.8862814985595451,0.9431407492797725,0.9431407492797725
3,8,8,2,1,A,B,A,small,-0.008513188997311275,0,0.9499999999999998,1,1,0.5697826945433827,0.5697826945433827,0.9550811584492837,0.9550811584492837,0.006037009946368058,0.006037009946368058,0.003018504973184029,0.003018504973184029
3,8,8,3,2,B,A,B,large,0.30777670225408205,0.8280619434003001,0.9407120304365671,0.11737660699663764,1,0.8937613876379121,0.9466840897412162,0.7679090961722433,0.7679090961722433,0.9273713475400849,0.9273713475400849,0.8777166454701926,0.8777166454701926
3,8,8,4,3,B,A,C,small,0.6791440712374417,0.9123435811850492,0,-0.5122373988213111,0,0.10759676313217484,0,0.13689308916888523,0.13689308916888523,0.594450193267579,0.594450193267579,0.594450193267579,0.594450193267579
3,8,9,1,3,A,B,C,small,0.6743473528896529,1,0,-1,0,0,0,0.13689308916888523,0,0.594450193267579,0.594450193267579,0.594450193267579,0.594450193267579
3,8,9,2,2,B,A,B,large,0.34185062915768677,0.7228268466063191,0.9466840897412162,0,1,0.9466840897412162,0.9520852257095729,0.7679090961722433,0.7679090961722433,0.8777166454701926,0.8777166454701926,0.8002717460382558,0.8002717460382558
3,8,9,3,4,B,A,D,large,0.9973560822104988,0.8187908333664569,0.5815983639949587,0.0778667442070597,1,0.5504516663121348,0.6086969712689855,0.9550811584492837,0.9550811584492837,0.9431407492797725,0.9431407492797725,0.8809657913231147,0.8809657913231147
3,8,9,4,1,A,B,A,small,-0.0027624485450942356,0,0.9499999999999998,1,1,0.5697826945433827,0.5697826945433827,0.9550811584492837,0.9550811584492837,0.003018504973184029,0.003018504973184029,0.0015092524865920145,0.0015092524865920145
3,8,10,1,1,B,A,A,small,0.011221239244301127,0.19422571521345858,0.5792295660044151,0.02361717865258108,0,0.5697826945433827,0.5828809981576084,0.9550811584492837,0.9550811584492837,0.0015092524865920145,0.0015092524865920145,0.0015092524865920145,0.0015092524865920145
3,8,10,2,4,A,B,D,large,0.9992099962992195,1,0.9499999999999998,1,1,0.6086969712689855,0.6086969712689855,0.9550811584492837,0.9550811584492837,0.8809657913231147,0.8809657913231147,0.9404828956615574,0.9404828956615574
3,8,10,3,2,B,A,B,large,0.33448268188054314,0.7662729835979553,0.9499999999999998,0,0,0.9520852257095729,0.9507077096900849,0.7679090961722433,0.7679090961722433,0.8002717460382558,0.8002717460382558,0.8002717460382558,0.8002717460382558
3,8,10,4,3,A,B,C,small,0.6978913568153504,0,0.4,1,0,0,0,0,0.403605340410737,0.594450193267579,0.594450193267579,0.594450193267579,0.594450193267579
3,9,1,1,2,A,B,B,large,0.3409705181987097,0.8769850086843003,0.42261817833905146,0.3384456161611248,1,0.33129752319758365,0.33129752319758365,0.2872399318746015,0.450281183751084,0.8002717460382558,0.8002717460382558,0.838628377361278,0.838628377361278
3,9,1,2,1,A,B,A,small,0.004289945571027656,0.3052684744857498,0.115402320502275,0,0,0.5339219904828139,0.5339219904828139,0.11540232050227502,0.11694244592888417,0.0015092524865920145,0.0015092524865920145,0.0015092524865920145,0.0015092524865920145
3,9,1,3,3,B,A,C,small,0.6746460915212086,0.9817443403482874,0,-0.8912496219172618,0,0.25410450086009484,0,0.6743406604030648,0.6743406604030648,0.594450193267579,0.594450193267579,0.594450193267579,0.594450193267579
3,9,1,4,4,B,A,D,large,0.9841719539346311,0.6383221054925268,0.19013724728332887,0,0,0.19013724728332884,0.19245776552350216,0.29880669712334135,0.29880669712334135,0.9404828956615574,0.9404828956615574,0.9404828956615574,0.9404828956615574
3,9,2,1,1,A,B,A,small,-2.0753695427266696e-4,0,0.5169424459288842,1,0,0.5339219904828139,0.5339219904828139,0.11694244592888417,0.5206871183607756,0.0015092524865920145,0.0015092524865920145,0.0015092524865920145,0.0015092524865920145
3,9,2,2,2,B,A,B,large,0.3055635903474772,1,0.7312975231975837,1,1,0.33129752319758365,0.7528211747120538,0.450281183751084,0.450281183751084,0.838628377361278,0.838628377361278,0.9193141886806391,0.9193141886806391
3,9,2,3,4,A,B,D,large,1.0031179903532286,1,0.6988066971233413,1,1,0.19245776552350216,0.19245776552350216,0.29880669712334135,0.7219433696300304,0.9404828956615574,0.9404828956615574,0.9702414478307787,0.9702414478307787
3,9,2,4,3,B,A,C,small,0.6775161592991177,0.7190320848031619,0,0,0,0,0,0.6743406604030648,0.6743406604030648,0.594450193267579,0.594450193267579,0.594450193267579,0.594450193267579
3,9,3,1,4,A,B,D,large,1.0012127027588253,1,0.9499999999999998,1,1,0.19245776552350216,0.19245776552350216,0.7219433696300304,0.9550811584492837,0.9702414478307787,0.9702414478307787,0.9851207239153894,0.9851207239153894
3,9,3,2,2,B,A,B,large,0.3297158327119168,0.675211767720813,0.7528211747120538,0,1,0.7528211747120538,0.7731555386179533,0.450281183751084,0.450281183751084,0.9193141886806391,0.9193141886806391,0.7972629782007261,0.7972629782007261
3,9,3,3,3,A,B,C,small,0.6740931285822135,0.764279575611158,0.6743406604030648,0,1,0,0,0.6743406604030648,0.698545989841779,0.594450193267579,0.594450193267579,0.6793648844393685,0.6793648844393685
3,9,3,4,1,B,A,A,small,0.007757822951359399,0,0.9339219904828139,1,1,0.5339219904828139,0.9405347733877215,0.5206871183607756,0.5206871183607756,0.0015092524865920145,0.0015092524865920145,7.546262432960073e-4,7.546262432960073e-4
3,9,4,1,2,A,B,B,large,0.3498677359692455,0.3996208308864509,0.450281183751084,0,1,0.7731555386179533,0.7731555386179533,0.450281183751084,0.47825505884371805,0.7972629782007261,0.7972629782007261,0.5984419045435885,0.5984419045435885
3,9,4,2,3,A,B,C,small,0.6773409793423352,1,0.29854598984177894,-1,0,0,0,0.698545989841779,0.30169669582846853,0.6793648844393685,0.6793648844393685,0.6793648844393685,0.6793648844393685
3,9,4,3,1,B,A,A,small,0.007438161095742884,0,0.9499999999999998,1,1,0.9405347733877215,0.9550811584492837,0.5206871183607756,0.5206871183607756,7.546262432960073e-4,7.546262432960073e-4,3.773131216480036e-4,3.773131216480036e-4
3,9,4,4,4,B,A,D,large,0.9936281410327912,1,0.5924577655235022,1,0,0.19245776552350216,0.5960744552689529,0.9550811584492837,0.9550811584492837,0.9851207239153894,0.9851207239153894,0.9851207239153894,0.9851207239153894
3,9,5,1,2,A,B,B,large,0.335200206903477,0.4063139711916911,0.47825505884371805,0,1,0.7731555386179533,0.7731555386179533,0.47825505884371805,0.5063659900068365,0.5984419045435885,0.5984419045435885,0.5023779378676398,0.5023779378676398
3,9,5,2,1,B,A,A,small,9.24351581882639e-4,0,0.9499999999999998,1,1,0.9550811584492837,0.9550811584492837,0.5206871183607756,0.5206871183607756,3.773131216480036e-4,3.773131216480036e-4,1.886565608240018e-4,1.886565608240018e-4
3,9,5,3,4,B,A,D,large,1.0142609702520495,0.9969463170501408,0.9499999999999998,0.9815313191570775,0,0.5960744552689529,0.9507077096900849,0.9550811584492837,0.9550811584492837,0.9851207239153894,0.9851207239153894,0.9851207239153894,0.9851207239153894
3,9,5,4,3,A,B,C,small,0.6715986368251989,0,0.7016966958284685,1,1,0,0,0.30169669582846853,0.7246988271472923,0.6793648844393685,0.6793648844393685,0.33968244221968424,0.33968244221968424
3,9,6,1,4,B,A,D,large,1.005857826677242,0.955524142068039,0.9499999999999998,0.7418397697296747,0,0.9507077096900849,0.9507077096900849,0.9550811584492837,0.9550811584492837,0.9851207239153894,0.9851207239153894,0.9851207239153894,0.9851207239153894
3,9,6,2,3,B,A,C,small,0.6720874097845531,0.485802017895458,0,0,0,0,0,0.7246988271472923,0.7246988271472923,0.33968244221968424,0.33968244221968424,0.33968244221968424,0.33968244221968424
3,9,6,3,2,A,B,B,large,0.33672677825424396,0.4012479481092824,0.5063659900068365,0,0,0.7731555386179533,0.7731555386179533,0.5063659900068365,0.5101149538386024,0.5023779378676398,0.5023779378676398,0.5023779378676398,0.5023779378676398
3,9,6,4,1,A,B,A,small,0.005608393979056324,0.04275418892975097,0.8212518360533414,0.7514117942314142,1,0.9550811584492837,0.9550811584492837,0.5206871183607756,0.8371742872633329,1.886565608240018e-4,1.886565608240018e-4,0.021471422745287485,0.021471422745287485
3,9,7,1,2,A,B,B,large,0.33089903753787875,0.7398945999182043,0.5101149538386024,0,0,0.7731555386179533,0.7731555386179533,0.5101149538386024,0.5138627802463868,0.5023779378676398,0.5023779378676398,0.5023779378676398,0.5023779378676398
3,9,7,2,1,B,A,A,small,-0.005644009216830911,0.13924480958114244,0.9499999999999998,0.2626974378008854,1,0.9550811584492837,0.9550811584492837,0.8371742872633329,0.8371742872633329,0.021471422745287485,0.021471422745287485,0.08035811616321496,0.08035811616321496
3,9,7,3,4,A,B,D,large,0.9959955383837265,0.9811134958943812,0.9499999999999998,0.8875621464798251,1,0.9507077096900849,0.9507077096900849,0.9550811584492837,0.9550811584492837,0.9851207239153894,0.9851207239153894,0.9831171099048853,0.9831171099048853
3,9,7,4,3,B,A,C,small,0.6652789626448267,0.21092163754713342,0,0,0,0,0,0.7246988271472923,0.7246988271472923,0.33968244221968424,0.33968244221968424,0.33968244221968424,0.33968244221968424
3,9,8,1,4,B,A,D,large,0.9990111665307126,1,0.9499999999999998,1,1,0.9507077096900849,0.9550811584492837,0.9550811584492837,0.9550811584492837,0.9831171099048853,0.9831171099048853,0.9915585549524426,0.9915585549524426
3,9,8,2,1,A,B,A,small,0.014600516186978548,0,0.9499999999999998,1,1,0.9550811584492837,0.9550811584492837,0.8371742872633329,0.9550811584492837,0.08035811616321496,0.08035811616321496,0.04017905808160748,0.04017905808160748
3,9,8,3,2,B,A,B,large,0.328099274196431,0.6915031863620215,0.7731555386179533,0,1,0.7731555386179533,0.7922786515574433,0.5138627802463868,0.5138627802463868,0.5023779378676398,0.5023779378676398,0.5969405621148307,0.5969405621148307
3,9,8,4,3,A,B,C,small,0.654858309021782,0,0.9499999999999998,1,1,0,0,0.7246988271472923,0.9550811584492837,0.33968244221968424,0.33968244221968424,0.16984122110984212,0.16984122110984212
3,9,9,1,2,A,B,B,large,0.34437130367376373,0.9483942648487578,0.7948822013749774,0.7025485528214769,1,0.7922786515574433,0.7922786515574433,0.5138627802463868,0.8126176447991703,0.5969405621148307,0.5969405621148307,0.7726674134817942,0.7726674134817942
3,9,9,2,3,B,A,C,small,0.6752877718678519,0.17298791660904156,0.045146256701396485,0.11286564175349122,0,0,0.045797307571225465,0.9550811584492837,0.9550811584492837,0.16984122110984212,0.16984122110984212,0.16984122110984212,0.16984122110984212
3,9,9,3,1,A,B,A,small,0.023012671071939463,0.01224108358338884,0.9499999999999998,0.9266412488895088,1,0.9550811584492837,0.9550811584492837,0.9550811584492837,0.9550811584492837,0.04017905808160748,0.04017905808160748,0.026210070832498163,0.026210070832498163
3,9,9,4,4,B,A,D,large,0.9858526131253161,1,0.9499999999999998,1,1,0.9550811584492837,0.9550811584492837,0.9550811584492837,0.9550811584492837,0.9915585549524426,0.9915585549524426,0.9957792774762213,0.9957792774762213
3,9,10,1,1,A,B,A,small,0.011831921585979606,0.05130322424839454,0.9499999999999998,0.704204268266218,1,0.9550811584492837,0.9550811584492837,0.9550811584492837,0.9550811584492837,0.026210070832498163,0.026210070832498163,0.03875664754044635,0.03875664754044635
3,9,10,2,4,A,B,D,large,0.986452237694056,0.9138407191994892,0.9499999999999998,0.5198706974949194,1,0.9550811584492837,0.9550811584492837,0.9550811584492837,0.9550811584492837,0.9957792774762213,0.9957792774762213,0.9548099983378553,0.9548099983378553
3,9,10,3,3,B,A,C,small,0.6706530617619517,0.16267747427097826,0.10882921771402104,0.15757977535698894,0,0.045797307571225465,0.11029255780108305,0.9550811584492837,0.9550811584492837,0.16984122110984212,0.16984122110984212,0.16984122110984212,0.16984122110984212
3,9,10,4,2,B,A,B,large,0.3373526837437117,0.8051109485224208,0.8006347338356009,0.020890205695394133,1,0.7922786515574433,0.8179866797219374,0.8126176447991703,0.8126176447991703,0.7726674134817942,0.7726674134817942,0.7888891810021075,0.7888891810021075
3,10,1,1,2,A,B,B,large,0.3351953592980831,1,0.5733217751141964,1,1,0.03653597072026729,0.03653597072026729,0.17332177511419633,0.6005883008277043,0.7888891810021075,0.7888891810021075,0.8944445905010537,0.8944445905010537
3,10,1,2,1,B,A,A,small,-0.006212343310719545,0.20662673010389826,0.0498129243844113,0,0,0.04981292438441131,0.05052771175698278,0.5018044477689798,0.5018044477689798,0.03875664754044635,0.03875664754044635,0.03875664754044635,0.03875664754044635
3,10,1,3,4,B,A,D,large,0.9851525502848683,0.6643241094775438,0.35696526635786563,0,0,0.35696526635786563,0.3604157206588472,0.27443959819251623,0.27443959819251623,0.9548099983378553,0.9548099983378553,0.9548099983378553,0.9548099983378553
3,10,1,4,3,A,B,C,small,0.6853110135069775,0,0.7171527372567243,1,1,0.26359177297853087,0.26359177297853087,0.3171527372567243,0.7394056677605126,0.16984122110984212,0.16984122110984212,0.08492061055492106,0.08492061055492106
3,10,2,1,4,A,B,D,large,0.991049202265855,1,0.6744395981925162,1,0,0.3604157206588472,0.3604157206588472,0.27443959819251623,0.6777245037354596,0.9548099983378553,0.9548099983378553,0.9548099983378553,0.9548099983378553
3,10,2,2,2,B,A,B,large,0.341694738139553,0.9707031969292268,0.3674871346477252,0.8273779098186447,0,0.03653597072026729,0.3709806182256803,0.6005883008277043,0.6005883008277043,0.8944445905010537,0.8944445905010537,0.8944445905010537,0.8944445905010537
3,10,2,3,1,A,B,A,small,-0.009492283304143229,0.34945970188146247,0.5018044477689798,0,0,0.05052771175698278,0.05052771175698278,0.5018044477689798,0.5055542271261892,0.03875664754044635,0.03875664754044635,0.03875664754044635,0.03875664754044635
3,10,2,4,3,B,A,C,small,0.6524785554339894,0.17423374510810277,0.30660174380882643,0.10752492707573884,0,0.26359177297853087,0.3097999183815918,0.7394056677605126,0.7394056677605126,0.08492061055492106,0.08492061055492106,0.08492061055492106,0.08492061055492106
3,10,3,1,3,A,B,C,small,0.6592642914839291,0,0.9499999999999998,1,1,0.3097999183815918,0.3097999183815918,0.7394056677605126,0.9550811584492837,0.08492061055492106,0.08492061055492106,0.04246030527746053,0.04246030527746053
3,10,3,2,4,B,A,D,large,0.9916954578486609,0.9728828738320298,0.6963659596045104,0.8398755973641577,0,0.3604157206588472,0.6995281921391094,0.6777245037354596,0.6777245037354596,0.9548099983378553,0.9548099983378553,0.9548099983378553,0.9548099983378553
3,10,3,3,1,B,A,A,small,0.0048595244352379035,0,0.4505277117569828,1,0,0.05052771175698278,0.4542436870401522,0.5055542271261892,0.5055542271261892,0.03875664754044635,0.03875664754044635,0.03875664754044635,0.03875664754044635
3,10,3,4,2,A,B,B,large,0.3363350861432247,0.7479935815518391,0.6005883008277043,0,1,0.3709806182256803,0.3709806182256803,0.6005883008277043,0.627245261224278,0.8944445905010537,0.8944445905010537,0.8212190860264464,0.8212190860264464
3,10,4,1,4,A,B,D,large,1.0090291401338067,1,0.9499999999999998,1,1,0.6995281921391094,0.6995281921391094,0.6777245037354596,0.9550811584492837,0.9548099983378553,0.9548099983378553,0.9774049991689276,0.9774049991689276
3,10,4,2,3,A,B,C,small,0.6668408411414848,0,0.9499999999999998,1,1,0.3097999183815918,0.3097999183815918,0.9550811584492837,0.9550811584492837,0.04246030527746053,0.04246030527746053,0.021230152638730265,0.021230152638730265
3,10,4,3,1,B,A,A,small,-0.006297096832934433,0.09352144598409079,0.6472649644643476,0.48255319356048815,0,0.4542436870401522,0.6506820475985039,0.5055542271261892,0.5055542271261892,0.03875664754044635,0.03875664754044635,0.03875664754044635,0.03875664754044635
3,10,4,4,2,B,A,B,large,0.3443888361761548,0.6934902855947294,0.3709806182256803,0,1,0.3709806182256803,0.39759112629678234,0.627245261224278,0.627245261224278,0.8212190860264464,0.8212190860264464,0.757354685810588,0.757354685810588
3,10,5,1,1,B,A,A,small,-0.005042566609458878,0.01774633200397139,0.9499999999999998,0.8942301914568742,0,0.6506820475985039,0.9507077096900849,0.5055542271261892,0.5055542271261892,0.03875664754044635,0.03875664754044635,0.03875664754044635,0.03875664754044635
3,10,5,2,2,B,A,B,large,0.3274306470233466,1,0.7975911262967823,1,0,0.39759112629678234,0.8000019124892775,0.627245261224278,0.627245261224278,0.757354685810588,0.757354685810588,0.757354685810588,0.757354685810588
3,10,5,3,4,A,B,D,large,0.9926398672476208,1,0.9499999999999998,1,1,0.6995281921391094,0.6995281921391094,0.9550811584492837,0.9550811584492837,0.9774049991689276,0.9774049991689276,0.9887024995844638,0.9887024995844638
3,10,5,4,3,A,B,C,small,0.6817980186518485,0.5181475113675618,0.9499999999999998,0,1,0.3097999183815918,0.3097999183815918,0.9550811584492837,0.9550811584492837,0.021230152638730265,0.021230152638730265,0.26968883200314603,0.26968883200314603
3,10,6,1,2,B,A,B,large,0.3332180817616886,0.48144743829767905,0.8000019124892775,0,1,0.8000019124892775,0.8173963747004772,0.627245261224278,0.627245261224278,0.757354685810588,0.757354685810588,0.6194010620541335,0.6194010620541335
3,10,6,2,4,B,A,D,large,0.9907971030664808,1,0.9499999999999998,1,1,0.6995281921391094,0.9550811584492837,0.9550811584492837,0.9550811584492837,0.9887024995844638,0.9887024995844638,0.9943512497922319,0.9943512497922319
3,10,6,3,1,A,B,A,small,0.0023136298218218924,0.06346970063154435,0.7609133983417194,0.6383979280388256,1,0.9507077096900849,0.9507077096900849,0.5055542271261892,0.7807759069631501,0.03875664754044635,0.03875664754044635,0.05111317408599535,0.05111317408599535
3,10,6,4,3,A,B,C,small,0.668845139952763,0.3725954368930814,0.9499999999999998,0,1,0.3097999183815918,0.3097999183815918,0.9550811584492837,0.9550811584492837,0.26968883200314603,0.26968883200314603,0.3211421344481137,0.3211421344481137
3,10,7,1,3,B,A,C,small,0.6709282245569986,0.3068383585870321,0.3097999183815918,0,1,0.3097999183815918,0.33435462792759857,0.9550811584492837,0.9550811584492837,0.3211421344481137,0.3211421344481137,0.3139902465175729,0.3139902465175729
3,10,7,2,4,A,B,D,large,0.9977602694036233,1,0.9499999999999998,1,1,0.9550811584492837,0.9550811584492837,0.9550811584492837,0.9550811584492837,0.9943512497922319,0.9943512497922319,0.9971756248961159,0.9971756248961159
3,10,7,3,1,B,A,A,small,0.009029210438529493,0,0.9499999999999998,1,1,0.9507077096900849,0.9550811584492837,0.7807759069631501,0.7807759069631501,0.05111317408599535,0.05111317408599535,0.025556587042997674,0.025556587042997674
3,10,7,4,2,A,B,B,large,0.35633746027842694,0.7989747932821355,0.627245261224278,0,1,0.8173963747004772,0.8173963747004772,0.627245261224278,0.6531505803393091,0.6194010620541335,0.6194010620541335,0.7091879276681345,0.7091879276681345
3,10,8,1,4,A,B,D,large,1.0042307797655756,1,0.9499999999999998,1,1,0.9550811584492837,0.9550811584492837,0.9550811584492837,0.9550811584492837,0.9971756248961159,0.9971756248961159,0.9985878124480579,0.9985878124480579
3,10,8,2,2,A,B,B,large,0.32504073353593976,0.6824207586677588,0.6531505803393091,0,0,0.8173963747004772,0.8173963747004772,0.6531505803393091,0.6565409018216074,0.7091879276681345,0.7091879276681345,0.7091879276681345,0.7091879276681345
3,10,8,3,3,B,A,C,small,0.6662844245584361,0.20692874413884776,0.33435462792759857,0,0,0.33435462792759857,0.33770130476124793,0.9550811584492837,0.9550811584492837,0.3139902465175729,0.3139902465175729,0.3139902465175729,0.3139902465175729
3,10,8,4,1,B,A,A,small,-0.009273064099245026,0,0.9499999999999998,1,1,0.9550811584492837,0.9550811584492837,0.7807759069631501,0.7807759069631501,0.025556587042997674,0.025556587042997674,0.012778293521498837,0.012778293521498837
3,10,9,1,1,B,A,A,small,0.013689430846469917,0.16295754252027694,0.9499999999999998,0.15635295818516062,1,0.9550811584492837,0.9550811584492837,0.7807759069631501,0.7807759069631501,0.012778293521498837,0.012778293521498837,0.08786791802088789,0.08786791802088789
3,10,9,2,4,A,B,D,large,0.9885947699842771,1,0.9499999999999998,1,1,0.9550811584492837,0.9550811584492837,0.9550811584492837,0.9550811584492837,0.9985878124480579,0.9985878124480579,0.9992939062240289,0.9992939062240289
3,10,9,3,2,A,B,B,large,0.33723574870622103,0.5971511315486052,0.6565409018216074,0,1,0.8173963747004772,0.8173963747004772,0.6565409018216074,0.6814442542959461,0.7091879276681345,0.7091879276681345,0.6531695296083699,0.6531695296083699
3,10,9,4,3,B,A,C,small,0.6720283980394685,0.4364485827561866,0.33770130476124793,0,0,0.33770130476124793,0.3410643158926632,0.9550811584492837,0.9550811584492837,0.3139902465175729,0.3139902465175729,0.3139902465175729,0.3139902465175729
3,10,10,1,1,A,B,A,small,-0.0024689581139055797,0.2411254463150886,0.7807759069631501,0,1,0.9550811584492837,0.9550811584492837,0.7807759069631501,0.7994232743066448,0.08786791802088789,0.08786791802088789,0.16449668216798824,0.16449668216798824
3,10,10,2,3,B,A,C,small,0.6673335602394512,0.26287129367717926,0.3410643158926632,0,0,0.3410643158926632,0.3444434001157714,0.9550811584492837,0.9550811584492837,0.3139902465175729,0.3139902465175729,0.3139902465175729,0.3139902465175729
3,10,10,3,2,B,A,B,large,0.3241186862504263,0.5280794163970683,0.8173963747004772,0,0,0.8173963747004772,0.81962461749819715,0.6814442542959461,0.6814442542959461,0.6531695296083699,0.6531695296083699,0.6531695296083699,0.6531695296083699
3,10,10,4,4,A,B,D,large,1.00917671344932,0.9087192822465784,0.9499999999999998,0.49385293338678193,1,0.9550811584492837,0.9550811584492837,0.9550811584492837,0.9550811584492837,0.9992939062240289,0.9992939062240289,0.9540065942353037,0.9540065942353037
4,1,1,1,1,B,A,A,small,0.016667732466051716,0,0.7555999655726533,1,0,0.35559996557265333,0.7583593641653332,0.2843369425858734,0.2843369425858734,0.16449668216798824,0.16449668216798824,0.16449668216798824,0.16449668216798824
4,1,1,2,4,A,B,D,large,0.9853799517031281,1,0.7889802900080628,1,1,0.25187048110407195,0.25187048110407195,0.3889802900080626,0.80710220171204,0.9540065942353037,0.9540065942353037,0.9770032971176519,0.9770032971176519
4,1,1,3,3,B,A,C,small,0.6594949911318592,0.9935452566946575,0,-0.9610940354385386,0,0.37700844971406977,0,0.2500414183138944,0.2500414183138944,0.3139902465175729,0.3139902465175729,0.3139902465175729,0.3139902465175729
4,1,1,4,2,A,B,B,large,0.31514275102534145,0.36651122517269796,0.49958131569617065,0,1,0.5119626857682218,0.5119626857682218,0.4995813156961707,0.527677992419673,0.6531695296083699,0.6531695296083699,0.509840377390534,0.509840377390534
4,1,2,1,1,B,A,A,small,-0.006706550253189494,0,0.9499999999999998,1,1,0.7583593641653332,0.9550811584492837,0.2843369425858734,0.2843369425858734,0.16449668216798824,0.16449668216798824,0.08224834108399412,0.08224834108399412
4,1,2,2,3,B,A,C,small,0.6688321099971175,0,0.4,1,0,0,0.403605340410737,0.2500414183138944,0.2500414183138944,0.3139902465175729,0.3139902465175729,0.3139902465175729,0.3139902465175729
4,1,2,3,2,A,B,B,large,0.34034966415881096,0.31600767120225814,0.527677992419673,0,1,0.5119626857682218,0.5119626857682218,0.527677992419673,0.5556004220355982,0.509840377390534,0.509840377390534,0.4129240242963961,0.4129240242963961
4,1,2,4,4,A,B,D,large,1.0057765159156002,0.723553890387337,0.80710220171204,0,1,0.25187048110407195,0.25187048110407195,0.80710220171204,0.8240149751538454,0.9770032971176519,0.9770032971176519,0.8502785937524944,0.8502785937524944
4,1,3,1,4,B,A,D,large,0.993887795072602,0.99306989049056,0.6351699104379929,0.9582485733348023,0,0.25187048110407195,0.6386387485890711,0.8240149751538454,0.8240149751538454,0.8502785937524944,0.8502785937524944,0.8502785937524944,0.8502785937524944
4,1,3,2,2,B,A,B,large,0.3229910732663038,0.44463035734836176,0.5119626857682219,0,0,0.5119626857682218,0.5157097965397661,0.5556004220355982,0.5556004220355982,0.4129240242963961,0.4129240242963961,0.4129240242963961,0.4129240242963961
4,1,3,3,3,A,B,C,small,0.6551398291544761,0.07506133410769755,0.4809106028855803,0.5771729614292146,1,0.403605340410737,0.403605340410737,0.2500414183138944,0.5090253393095922,0.3139902465175729,0.3139902465175729,0.19452579031263523,0.19452579031263523
4,1,3,4,1,A,B,A,small,0.022478739507006358,0.1501105579087008,0.3696735064657062,0.2133414096995819,0,0.9550811584492837,0.9550811584492837,0.2843369425858734,0.37317551194100457,0.08224834108399412,0.08224834108399412,0.08224834108399412,0.08224834108399412
4,1,4,1,4,B,A,D,large,0.9955034161089547,0.7422387700169459,0.6386387485890711,0,1,0.6386387485890711,0.6641761873702122,0.8240149751538454,0.8240149751538454,0.8502785937524944,0.8502785937524944,0.7962586818847202,0.7962586818847202
4,1,4,2,1,A,B,A,small,-0.0032923832025589877,0.0308809902822717,0.7005070036270863,0.8183287292152047,1,0.9550811584492837,0.9550811584492837,0.37317551194100457,0.7235647319245285,0.08224834108399412,0.08224834108399412,0.05656466568313291,0.05656466568313291
4,1,4,3,2,B,A,B,large,0.33989349768530414,0.6467895935399125,0.5157097965397661,0,1,0.5157097965397661,0.5437279696348115,0.5556004220355982,0.5556004220355982,0.4129240242963961,0.4129240242963961,0.5298568089181543,0.5298568089181543
4,1,4,4,3,A,B,C,small,0.6510640394900172,0.49356629428028437,0.5090253393095922,0,1,0.403605340410737,0.403605340410737,0.5090253393095922,0.5370831010276876,0.19452579031263523,0.19452579031263523,0.3440460422964598,0.3440460422964598
4,1,5,1,3,B,A,C,small,0.662874464818273,0.5431397506875147,0.403605340410737,0,1,0.403605340410737,0.4309527273573228,0.5370831010276876,0.5370831010276876,0.3440460422964598,0.3440460422964598,0.4435928964919873,0.4435928964919873
4,1,5,2,2,B,A,B,large,0.32465876149024364,0.3779716856674783,0.5437279696348115,0,0,0.5437279696348115,0.547446778637971,0.5556004220355982,0.5556004220355982,0.5298568089181543,0.5298568089181543,0.5298568089181543,0.5298568089181543
4,1,5,3,4,A,B,D,large,1.003257665814318,0.7120105285358771,0.8240149751538454,0,1,0.6641761873702122,0.6641761873702122,0.8240149751538454,0.8397393236690052,0.7962586818847202,0.7962586818847202,0.7541346052102986,0.7541346052102986
4,1,5,4,1,A,B,A,small,0.011013304368640594,0.17614990952773726,0.7632993295198909,0.09933649398840569,1,0.9550811584492837,0.9550811584492837,0.7235647319245285,0.7830201454717227,0.05656466568313291,0.05656466568313291,0.1163572876054351,0.1163572876054351
4,1,6,1,4,B,A,D,large,1.0124486526555665,0.9165574933716258,0.8776885596176806,0.5337809306186707,1,0.6641761873702122,0.8892616433963212,0.8397393236690052,0.8397393236690052,0.7541346052102986,0.7541346052102986,0.8353460492909622,0.8353460492909622
4,1,6,2,1,A,B,A,small,4.96171685063422e-4,0.18079312890092372,0.8148697772031206,0.07962407932849469,1,0.9550811584492837,0.9550811584492837,0.7830201454717227,0.8312439080083643,0.1163572876054351,0.1163572876054351,0.1485752082531794,0.1485752082531794
4,1,6,3,3,A,B,C,small,0.6848872367581395,0.7004635483471267,0.5370831010276876,0,0,0.4309527273573228,0.4309527273573228,0.5370831010276876,0.5408103305382416,0.4435928964919873,0.4435928964919873,0.4435928964919873,0.4435928964919873
4,1,6,4,2,B,A,B,large,0.3379961908427014,0.20059936353003843,0.547446778637971,0,1,0.547446778637971,0.5751414881088557,0.5556004220355982,0.5556004220355982,0.5298568089181543,0.5298568089181543,0.3652280862240964,0.3652280862240964
4,1,7,1,3,B,A,C,small,0.6613989192800915,0.1653703323028031,0.4892776604945966,0.14581233284318454,1,0.4309527273573228,0.517393994537194,0.5408103305382416,0.5408103305382416,0.4435928964919873,0.4435928964919873,0.3044816143973952,0.3044816143973952
4,1,7,2,4,A,B,D,large,0.9978513564545616,0.7674027008429423,0.8397393236690052,0,0,0.8892616433963212,0.8892616433963212,0.8397393236690052,0.8417477089792114,0.8353460492909622,0.8353460492909622,0.8353460492909622,0.8353460492909622
4,1,7,3,1,B,A,A,small,-0.012320579627987579,0.4222728295982449,0.9499999999999998,0,1,0.9550811584492837,0.9550811584492837,0.8312439080083643,0.8312439080083643,0.1485752082531794,0.1485752082531794,0.2854240189257122,0.2854240189257122
4,1,7,4,2,A,B,B,large,0.31669471162125135,0.1533732221596283,0.4761086529761251,-0.19872942264868262,1,0.5751414881088557,0.5751414881088557,0.5556004220355982,0.5042153453564637,0.3652280862240964,0.3652280862240964,0.2593006541918623,0.2593006541918623
4,1,8,1,2,A,B,B,large,0.3405480550038931,0.2613513923021488,0.5042153453564637,0,1,0.5751414881088557,0.5751414881088557,0.5042153453564637,0.5322954205578336,0.2593006541918623,0.2593006541918623,0.2603260232470056,0.2603260232470056
4,1,8,2,3,A,B,C,small,0.6655311615507185,0.5042375419166317,0.5408103305382416,0,1,0.517393994537194,0.517393994537194,0.5408103305382416,0.5685911236882427,0.3044816143973952,0.3044816143973952,0.40435957815701346,0.40435957815701346
4,1,8,3,1,B,A,A,small,0.01858996358123125,0.2763405735815913,0.9499999999999998,0,1,0.9550811584492837,0.9550811584492837,0.8312439080083643,0.8312439080083643,0.2854240189257122,0.2854240189257122,0.28088229625365174,0.28088229625365174
4,1,8,4,4,B,A,D,large,0.9986923734973207,0.6728086067716466,0.8892616433963212,0,0,0.8892616433963212,0.8907301718293541,0.8417477089792114,0.8417477089792114,0.8353460492909622,0.8353460492909622,0.8353460492909622,0.8353460492909622
4,1,9,1,3,B,A,C,small,0.6427186506441449,0.4970310710701385,0.517393994537194,0,1,0.517393994537194,0.5454006214834494,0.5685911236882427,0.5685911236882427,0.40435957815701346,0.40435957815701346,0.450695324613576,0.450695324613576
4,1,9,2,2,A,B,B,large,0.3275454134165417,0.6310398689521137,0.5322954205578336,0,1,0.5751414881088557,0.5751414881088557,0.5322954205578336,0.5601724047752572,0.2603260232470056,0.2603260232470056,0.44568294609955966,0.44568294609955966
4,1,9,3,1,A,B,A,small,-9.94410431219167e-4,0.3068746112890727,0.8312439080083643,0,1,0.9550811584492837,0.9550811584492837,0.8312439080083643,0.8464427145472876,0.28088229625365174,0.28088229625365174,0.29387845377136224,0.29387845377136224
4,1,9,4,4,B,A,D,large,0.9945068800726599,0.7732436265515878,0.8907301718293541,0,1,0.8907301718293541,0.9012081582399798,0.8417477089792114,0.8417477089792114,0.8353460492909622,0.8353460492909622,0.8042948379212751,0.8042948379212751
4,1,10,1,4,B,A,D,large,0.9942125713542668,0.6496811730113818,0.9012081582399798,0,1,0.9012081582399798,0.9107820385890465,0.8417477089792114,0.8417477089792114,0.8042948379212751,0.8042948379212751,0.7269880054663285,0.7269880054663285
4,1,10,2,2,B,A,B,large,0.3386366868595712,0.04984513534982568,0.29026196511287605,-0.712198807489949,1,0.5751414881088557,0.3139725469834796,0.5601724047752572,0.5601724047752572,0.44568294609955966,0.44568294609955966,0.24776404072469266,0.24776404072469266
4,1,10,3,3,A,B,C,small,0.6670813953119035,0.6128275191446201,0.5685911236882427,0,1,0.5454006214834494,0.5454006214834494,0.5685911236882427,0.5959469035562068,0.450695324613576,0.450695324613576,0.531761421879098,0.531761421879098
4,1,10,4,1,A,B,A,small,0.013865030276155575,0.24140556264337132,0.8464427145472876,0,1,0.9550811584492837,0.9550811584492837,0.8464427145472876,0.8605023790567005,0.29387845377136224,0.29387845377136224,0.2676420082073668,0.2676420082073668
4,2,1,1,2,B,A,B,large,0.32368697146319836,0.13566451317254094,0.235839749489706,-0.2791967470856135,1,0.3475184483239514,0.2567127214695588,0.33828411545675496,0.33828411545675496,0.24776404072469266,0.24776404072469266,0.1917142769486168,0.1917142769486168
4,2,1,2,3,A,B,C,small,0.6770437389871682,0.7893619733130888,0.253661595675027,0,0,0.2059729128466157,0.2059729128466157,0.25366159567502694,0.2565118349424568,0.531761421879098,0.531761421879098,0.531761421879098,0.531761421879098
4,2,1,3,4,B,A,D,large,0.9845344939586467,1,0.5357372390032569,1,1,0.13573723900325688,0.5635772740811659,0.05856756780796788,0.05856756780796788,0.7269880054663285,0.7269880054663285,0.8634940027331642,0.8634940027331642
4,2,1,4,1,A,B,A,small,-0.010691683862193027,0.9793189268559496,0,-0.877097757420711,0,0.22976877556034575,0.22976877556034575,0.2748572811399339,0,0.2676420082073668,0.2676420082073668,0.2676420082073668,0.2676420082073668
4,2,2,1,3,A,B,C,small,0.6716673247793058,0.4228826710168845,0.2565118349424568,0,0,0.2059729128466157,0.2059729128466157,0.2565118349424568,0.2593829701225772,0.531761421879098,0.531761421879098,0.531761421879098,0.531761421879098
4,2,2,2,2,B,A,B,large,0.33319032751958255,0.08741047183972969,0.051316795825807775,-0.5134898141093776,0,0.2567127214695588,0.05205198075245,0.33828411545675496,0.33828411545675496,0.1917142769486168,0.1917142769486168,0.1917142769486168,0.1917142769486168
4,2,2,3,1,B,A,A,small,0.005111009152435741,0.8660513866154183,0.11491028930714797,-0.2871462156329945,0,0.22976877556034575,0.11644471261702345,0,0,0.2676420082073668,0.2676420082073668,0.2676420082073668,0.2676420082073668
4,2,2,4,4,A,B,D,large,0.9991195429016456,0.8239193985636202,0.09842041770928961,0.09963212475330431,1,0.5635772740811659,0.5635772740811659,0.05856756780796788,0.10886376908392234,0.8634940027331642,0.8634940027331642,0.8437067006483923,0.8437067006483923
4,2,3,1,3,A,B,C,small,0.6742058946065251,0,0.6593829701225773,1,1,0.2059729128466157,0.2059729128466157,0.2593829701225772,0.6841793793171518,0.531761421879098,0.531761421879098,0.265880710939549,0.265880710939549
4,2,3,2,1,A,B,A,small,-4.980859230072637e-5,0,0.4,1,0,0.11644471261702345,0.11644471261702345,0,0.403605340410737,0.2676420082073668,0.2676420082073668,0.2676420082073668,0.2676420082073668
4,2,3,3,4,B,A,D,large,0.990068387065125,1,0.9499999999999998,1,0,0.5635772740811659,0.9507077096900849,0.10886376908392234,0.10886376908392234,0.8437067006483923,0.8437067006483923,0.8437067006483923,0.8437067006483923
4,2,3,4,2,B,A,B,large,0.31984560205309037,0.6838577017154448,0.05205198075245,0,0,0.05205198075245,0.05279711206349621,0.33828411545675496,0.33828411545675496,0.1917142769486168,0.1917142769486168,0.1917142769486168,0.1917142769486168
4,2,4,1,3,B,A,C,small,0.6620863070688954,0.5718165358739761,0.2059729128466157,0,0,0.2059729128466157,0.20843695515403118,0.6841793793171518,0.6841793793171518,0.265880710939549,0.265880710939549,0.265880710939549,0.265880710939549
4,2,4,2,1,B,A,A,small,-0.005853789347861022,0,0.5164447126170235,1,1,0.11644471261702345,0.5444579251594158,0.403605340410737,0.403605340410737,0.2676420082073668,0.2676420082073668,0.1338210041036834,0.1338210041036834
4,2,4,3,4,A,B,D,large,0.9663849955215539,0.7179592988300142,0.10886376908392234,0,0,0.9507077096900849,0.9507077096900849,0.10886376908392234,0.11032751623992175,0.8437067006483923,0.8437067006483923,0.8437067006483923,0.8437067006483923
4,2,4,4,2,A,B,B,large,0.33395342366812353,0,0,-1,0,0.05279711206349621,0.05279711206349621,0.33828411545675496,0,0.1917142769486168,0.1917142769486168,0.1917142769486168,0.1917142769486168
4,2,5,1,4,B,A,D,large,0.9926151207385826,1,0.9499999999999998,1,0,0.9507077096900849,0.9507077096900849,0.11032751623992175,0.11032751623992175,0.8437067006483923,0.8437067006483923,0.8437067006483923,0.8437067006483923
4,2,5,2,2,A,B,B,large,0.32069362661583106,0.5850210894139777,0,0,0,0.05279711206349621,0.05279711206349621,0,0,0.1917142769486168,0.1917142769486168,0.1917142769486168,0.1917142769486168
4,2,5,3,1,A,B,A,small,0.028127796566723734,0.06989573831566372,0.6453179315190948,0.6042814777708945,1,0.5444579251594158,0.5444579251594158,0.403605340410737,0.670626791809018,0.1338210041036834,0.1338210041036834,0.10185837120967356,0.10185837120967356
4,2,5,4,3,B,A,C,small,0.6834462334376675,0,0.6084369551540312,1,1,0.20843695515403118,0.6348885363906585,0.6841793793171518,0.6841793793171518,0.265880710939549,0.265880710939549,0.1329403554697745,0.1329403554697745
4,2,6,1,2,A,B,B,large,0.33407217386167104,0,0,-1,0,0.05279711206349621,0.05279711206349621,0,0,0.1917142769486168,0.1917142769486168,0.1917142769486168,0.1917142769486168
4,2,6,2,4,A,B,D,large,1.0026591725521492,0.772569898500643,0.11032751623992175,0,0,0.9507077096900849,0.9507077096900849,0.11032751623992175,0.11180847513702706,0.8437067006483923,0.8437067006483923,0.8437067006483923,0.8437067006483923
4,2,6,3,1,B,A,A,small,-0.01655874091647267,0,0.9444579251594157,1,1,0.5444579251594158,0.9500726876351833,0.670626791809018,0.670626791809018,0.10185837120967356,0.10185837120967356,0.05092918560483678,0.05092918560483678
4,2,6,4,3,B,A,C,small,0.6756539788042937,0.09726086634693969,0.8204117860992491,0.4638081242714766,1,0.6348885363906585,0.8363941597198641,0.6841793793171518,0.6841793793171518,0.1329403554697745,0.1329403554697745,0.1151006109083571,0.1151006109083571
4,2,7,1,1,A,B,A,small,-0.010816163221498285,0.10931119109036572,0.8323655646916492,0.404346932206578,1,0.9500726876351833,0.9500726876351833,0.670626791809018,0.847481886064206,0.05092918560483678,0.05092918560483678,0.08012018834760125,0.08012018834760125
4,2,7,2,3,B,A,C,small,0.6465177785991708,0,0.9499999999999998,1,1,0.8363941597198641,0.9550811584492837,0.6841793793171518,0.6841793793171518,0.1151006109083571,0.1151006109083571,0.05755030545417855,0.05755030545417855
4,2,7,3,4,A,B,D,large,1.0065593350118474,0.8868197990341885,0.2660315108517741,0.3855575892868676,1,0.9507077096900849,0.9507077096900849,0.11180847513702706,0.28856753734089735,0.8437067006483923,0.8437067006483923,0.8652632498412904,0.8652632498412904
4,2,7,4,2,B,A,B,large,0.3367313309199787,0.3689972515167601,0.05279711206349621,0,0,0.05279711206349621,0.05355230744226988,0,0,0.1917142769486168,0.1917142769486168,0.1917142769486168,0.1917142769486168
4,2,8,1,4,A,B,D,large,1.0059213507925064,0.7990130091622814,0.28856753734089735,0,0,0.9507077096900849,0.9507077096900849,0.28856753734089735,0.29165672143192106,0.8652632498412904,0.8652632498412904,0.8652632498412904,0.8652632498412904
4,2,8,2,2,A,B,B,large,0.32865424981854446,0,0,-1,0,0.05355230744226988,0.05355230744226988,0,0,0.1917142769486168,0.1917142769486168,0.1917142769486168,0.1917142769486168
4,2,8,3,1,B,A,A,small,0.007178494290788374,0,0.9499999999999998,1,0,0.9500726876351833,0.9507077096900849,0.847481886064206,0.847481886064206,0.08012018834760125,0.08012018834760125,0.08012018834760125,0.08012018834760125
4,2,8,4,3,B,A,C,small,0.6812940526916691,0.35235025562002403,0.9499999999999998,0,1,0.9550811584492837,0.9550811584492837,0.6841793793171518,0.6841793793171518,0.05755030545417855,0.05755030545417855,0.2049502805371013,0.2049502805371013
4,2,9,1,2,A,B,B,large,0.30177930684857035,0.2045838810258328,0,0,0,0.05355230744226988,0.05355230744226988,0,0,0.1917142769486168,0.1917142769486168,0.1917142769486168,0.1917142769486168
4,2,9,2,3,B,A,C,small,0.6665623925992437,0.3669626072959277,0.9499999999999998,0,1,0.9550811584492837,0.9550811584492837,0.6841793793171518,0.6841793793171518,0.2049502805371013,0.2049502805371013,0.28595644391651454,0.28595644391651454
4,2,9,3,1,A,B,A,small,-0.002573347112362294,0.00531562281823179,0.9499999999999998,0.9679236376082209,1,0.9507077096900849,0.9507077096900849,0.847481886064206,0.9550811584492837,0.08012018834760125,0.08012018834760125,0.04271790558291652,0.04271790558291652
4,2,9,4,4,B,A,D,large,0.9898456180179358,0.14095080269749366,0.8487568842308411,-0.2548770636481094,1,0.9507077096900849,0.8626390486917456,0.29165672143192106,0.29165672143192106,0.8652632498412904,0.8652632498412904,0.5031070262693921,0.5031070262693921
4,2,10,1,1,B,A,A,small,6.150270397500609e-4,0.13805411269381396,0.9499999999999998,0.26817149566612053,1,0.9507077096900849,0.9550811584492837,0.9550811584492837,0.9550811584492837,0.04271790558291652,0.04271790558291652,0.09038600913836524,0.09038600913836524
4,2,10,2,4,A,B,D,large,1.0016283488770361,0.49407414809840594,0.29165672143192106,0,1,0.8626390486917456,0.8626390486917456,0.29165672143192106,0.3154306009112975,0.5031070262693921,0.5031070262693921,0.49859058718389904,0.49859058718389904
4,2,10,3,3,B,A,C,small,0.6689743956937358,0.21926929525137942,0.9499999999999998,0,1,0.9550811584492837,0.9550811584492837,0.6841793793171518,0.6841793793171518,0.28595644391651454,0.28595644391651454,0.25261286958394696,0.25261286958394696
4,2,10,4,2,A,B,B,large,0.3254194001693317,0,0,-1,0,0.05355230744226988,0.05355230744226988,0,0,0.1917142769486168,0.1917142769486168,0.1917142769486168,0.1917142769486168
4,3,1,1,3,B,A,C,small,0.6785140572046129,0,0.7223310427786095,1,1,0.32233104277860947,0.7443218177657871,0.22153074444908338,0.22153074444908338,0.25261286958394696,0.25261286958394696,0.12630643479197348,0.12630643479197348
4,3,1,2,1,A,B,A,small,0.002808178512149708,0.09149914136084732,0.4616996275786702,0.49274921888313555,1,0.28672318833311733,0.28672318833311733,0.264599940025416,0.4897508872104061,0.09038600913836524,0.09038600913836524,0.09094257524960628,0.09094257524960628
4,3,1,3,4,B,A,D,large,0.9930357227796579,0.6072716018711025,0.09976527224869475,0,0,0.09976527224869476,0.10112056581081119,0.14958104148030138,0.14958104148030138,0.49859058718389904,0.49859058718389904,0.49859058718389904,0.49859058718389904
4,3,1,4,2,A,B,B,large,0.335524834170743,0.22988906329451914,0.22271357037968642,0,0,0.41603845154201174,0.41603845154201174,0.22271357037968645,0.22532105031085362,0.1917142769486168,0.1917142769486168,0.1917142769486168,0.1917142769486168
4,3,2,1,3,A,B,C,small,0.6709476156839291,0.22678558212887384,0.22153074444908338,0,1,0.7443218177657871,0.7443218177657871,0.22153074444908338,0.24153759154939988,0.12630643479197348,0.12630643479197348,0.17654600846042368,0.17654600846042368
4,3,2,2,2,A,B,B,large,0.3473103279155016,0.31587481763900466,0.2253210503108536,0,0,0.41603845154201174,0.41603845154201174,0.22532105031085362,0.22795010532627658,0.1917142769486168,0.1917142769486168,0.1917142769486168,0.1917142769486168
4,3,2,3,1,B,A,A,small,0.015158590793987766,0,0.6867231883331173,1,1,0.28672318833311733,0.710403408890894,0.4897508872104061,0.4897508872104061,0.09094257524960628,0.09094257524960628,0.04547128762480314,0.04547128762480314
4,3,2,4,4,B,A,D,large,0.9973809579026233,0.41183216723612404,0.10112056581081119,0,0,0.10112056581081119,0.1024921746462991,0.14958104148030138,0.14958104148030138,0.49859058718389904,0.49859058718389904,0.49859058718389904,0.49859058718389904
4,3,3,1,4,A,B,D,large,0.9770042235390559,0.31988665005681216,0.14958104148030138,0,0,0.1024921746462991,0.1024921746462991,0.14958104148030138,0.15149918613163874,0.49859058718389904,0.49859058718389904,0.49859058718389904,0.49859058718389904
4,3,3,2,1,B,A,A,small,-3.9594926475968134e-4,0.388605050675708,0.710403408890894,0,0,0.710403408890894,0.7134795986831778,0.4897508872104061,0.4897508872104061,0.04547128762480314,0.04547128762480314,0.04547128762480314,0.04547128762480314
4,3,3,3,2,A,B,B,large,0.3277920137749974,0,0,-1,0,0.41603845154201174,0.41603845154201174,0.22795010532627658,0,0.1917142769486168,0.1917142769486168,0.1917142769486168,0.1917142769486168
4,3,3,4,3,B,A,C,small,0.6533371044327232,0.5904686099576878,0.7443218177657871,0,1,0.7443218177657871,0.7651372518913907,0.24153759154939988,0.24153759154939988,0.17654600846042368,0.17654600846042368,0.38350730920905574,0.38350730920905574
4,3,4,1,3,A,B,C,small,0.6466986644471276,0.16087084232666496,0.3077416400308103,0.16551012120352607,0,0.7651372518913907,0.7651372518913907,0.24153759154939988,0.31094637283772886,0.38350730920905574,0.38350730920905574,0.38350730920905574,0.38350730920905574
4,3,4,2,4,B,A,D,large,0.9965553662869585,0.4054567018143496,0.1024921746462991,0,0,0.1024921746462991,0.10388023804288002,0.15149918613163874,0.15149918613163874,0.49859058718389904,0.49859058718389904,0.49859058718389904,0.49859058718389904
4,3,4,3,2,A,B,B,large,0.3368851652277074,0,0,-1,0,0.41603845154201174,0.41603845154201174,0,0,0.1917142769486168,0.1917142769486168,0.1917142769486168,0.1917142769486168
4,3,4,4,1,B,A,A,small,0.006374546135465656,0,0.9499999999999998,1,1,0.7134795986831778,0.9550811584492837,0.4897508872104061,0.4897508872104061,0.04547128762480314,0.04547128762480314,0.02273564381240157,0.02273564381240157
4,3,5,1,3,A,B,C,small,0.6638911500872091,0.23227935603702862,0.31094637283772886,0,1,0.7651372518913907,0.7651372518913907,0.31094637283772886,0.3355477739123985,0.38350730920905574,0.38350730920905574,0.3078933326230422,0.3078933326230422
4,3,5,2,4,B,A,D,large,1.007676771746995,0.4247462438175936,0.10388023804288002,0,0,0.10388023804288002,0.1052848949035876,0.15149918613163874,0.15149918613163874,0.49859058718389904,0.49859058718389904,0.49859058718389904,0.49859058718389904
4,3,5,3,2,A,B,B,large,0.3335396889147298,0.6993652993875237,0,0,0,0.41603845154201174,0.41603845154201174,0,0,0.1917142769486168,0.1917142769486168,0.1917142769486168,0.1917142769486168
4,3,5,4,1,B,A,A,small,0.0026886792064471825,0.062241119529300025,0.9499999999999998,0.6449706593556426,1,0.9550811584492837,0.9550811584492837,0.4897508872104061,0.4897508872104061,0.02273564381240157,0.02273564381240157,0.0424883816708508,0.0424883816708508
4,3,6,1,4,A,B,D,large,1.0121477321564296,0.11764253268087124,0.00587253227742951,-0.364066634635523,0,0.1052848949035876,0.1052848949035876,0.15149918613163874,0.005960755208489752,0.49859058718389904,0.49859058718389904,0.49859058718389904,0.49859058718389904
4,3,6,2,3,B,A,C,small,0.6812046956221763,0,0.9499999999999998,1,1,0.7651372518913907,0.9550811584492837,0.3355477739123985,0.3355477739123985,0.3078933326230422,0.3078933326230422,0.1539466663115211,0.1539466663115211
4,3,6,3,1,B,A,A,small,0.0021027419637935705,0.2226066846603087,0.9499999999999998,0,1,0.9550811584492837,0.9550811584492837,0.4897508872104061,0.4897508872104061,0.0424883816708508,0.0424883816708508,0.13254753316557974,0.13254753316557974
4,3,6,4,2,A,B,B,large,0.3211732343609979,0.3545148803529182,0,0,0,0.41603845154201174,0.41603845154201174,0,0,0.1917142769486168,0.1917142769486168,0.1917142769486168,0.1917142769486168
4,3,7,1,2,A,B,B,large,0.33015715238398224,0.06865412512163363,0,-0.6108391913515698,0,0.41603845154201174,0.41603845154201174,0,0,0.1917142769486168,0.1917142769486168,0.1917142769486168,0.1917142769486168
4,3,7,2,4,B,A,D,large,0.9830044108020641,0.556207140907303,0.1052848949035876,0,0,0.1052848949035876,0.10670628369416649,0.005960755208489752,0.005960755208489752,0.49859058718389904,0.49859058718389904,0.49859058718389904,0.49859058718389904
4,3,7,3,1,B,A,A,small,-0.003875297969657092,0.3351446576217146,0.9499999999999998,0,1,0.9550811584492837,0.9550811584492837,0.4897508872104061,0.4897508872104061,0.13254753316557974,0.13254753316557974,0.23384609539364715,0.23384609539364715
4,3,7,4,3,A,B,C,small,0.6625198240871135,0.1182172046151194,0.4800729268186385,0.36131288226560004,0,0.9550811584492837,0.9550811584492837,0.3355477739123985,0.48381801970582716,0.1539466663115211,0.1539466663115211,0.1539466663115211,0.1539466663115211
4,3,8,1,1,A,B,A,small,0.009910316390867022,0.121712548029071,0.6276035488504701,0.34463165410016,0,0.9550811584492837,0.9550811584492837,0.4897508872104061,0.63110254599254,0.23384609539364715,0.23384609539364715,0.23384609539364715,0.23384609539364715
4,3,8,2,2,A,B,B,large,0.3147149882776993,0,0,-1,0,0.41603845154201174,0.41603845154201174,0,0,0.1917142769486168,0.1917142769486168,0.1917142769486168,0.1917142769486168
4,3,8,3,4,B,A,D,large,0.9884966596229235,0.9434821137249096,0.37702743813004486,0.6758028860896959,0,0.10670628369416649,0.3805570488646154,0.005960755208489752,0.005960755208489752,0.49859058718389904,0.49859058718389904,0.49859058718389904,0.49859058718389904
4,3,8,4,3,B,A,C,small,0.6697981621229091,0,0.9499999999999998,1,1,0.9550811584492837,0.9550811584492837,0.48381801970582716,0.48381801970582716,0.1539466663115211,0.1539466663115211,0.07697333315576055,0.07697333315576055
4,3,9,1,2,A,B,B,large,0.3531700066193298,0,0,-1,0,0.41603845154201174,0.41603845154201174,0,0,0.1917142769486168,0.1917142769486168,0.1917142769486168,0.1917142769486168
4,3,9,2,3,A,B,C,small,0.6528547107538949,0.12213032789862145,0.6208762701553825,0.34264562612388844,1,0.9550811584492837,0.9550811584492837,0.48381801970582716,0.6469750971786193,0.07697333315576055,0.07697333315576055,0.099551830527191,0.099551830527191
4,3,9,3,4,B,A,D,large,0.9890088084742555,0.569807169442395,0.3805570488646154,0,1,0.3805570488646154,0.40740956541341494,0.005960755208489752,0.005960755208489752,0.49859058718389904,0.49859058718389904,0.534198878313147,0.534198878313147
4,3,9,4,1,B,A,A,small,0.012472215078257057,0.42744192509193296,0.9499999999999998,0,1,0.9550811584492837,0.9550811584492837,0.63110254599254,0.63110254599254,0.23384609539364715,0.23384609539364715,0.33064401024279005,0.33064401024279005
4,3,10,1,2,B,A,B,large,0.34050206352660317,0,0.01603845154201173,-1,0,0.41603845154201174,0.016276896337084453,0,0,0.1917142769486168,0.1917142769486168,0.1917142769486168,0.1917142769486168
4,3,10,2,3,A,B,C,small,0.6713292053363609,0.04798628075168423,0.935944923093652,0.7224245647875811,1,0.9550811584492837,0.9550811584492837,0.6469750971786193,0.9423677531303529,0.099551830527191,0.099551830527191,0.07376905563943761,0.07376905563943761
4,3,10,3,1,A,B,A,small,0.02775101515115807,0.3239275895339412,0.63110254599254,0,0,0.9550811584492837,0.9550811584492837,0.63110254599254,0.6345878085786483,0.33064401024279005,0.33064401024279005,0.33064401024279005,0.33064401024279005
4,3,10,4,4,B,A,D,large,1.0039833763192039,0.17459320760566496,0.3650149944844115,-0.1059864273225086,0,0.40740956541341494,0.3684986685464944,0.005960755208489752,0.005960755208489752,0.534198878313147,0.534198878313147,0.534198878313147,0.534198878313147
4,4,1,1,1,A,B,A,small,0.0035908406623600553,0,0.5710480100457647,1,1,0.32023452854831297,0.32023452854831297,0.1710480100457646,0.5983580464252585,0.33064401024279005,0.33064401024279005,0.16532200512139503,0.16532200512139503
4,4,1,2,4,A,B,D,large,0.9806399824744186,0.017634789866112627,0,-0.8948833379415928,0,0.3448627374848549,0.3448627374848549,0.1989259929407693,0,0.534198878313147,0.534198878313147,0.534198878313147,0.534198878313147
4,4,1,3,3,B,A,C,small,0.6514166062586583,0.013386138506240338,0.5885423415256639,0.9198705405407168,1,0.22059412530937705,0.6154885447506442,0.23401222639521208,0.23401222639521208,0.07376905563943761,0.07376905563943761,0.043577597072838974,0.043577597072838974
4,4,1,4,2,B,A,B,large,0.3319050089641199,0.4436217562908056,0.23497986463680354,0,1,0.23497986463680354,0.25580220837559275,0.18835860720889508,0.18835860720889508,0.1917142769486168,0.1917142769486168,0.3176680166197112,0.3176680166197112
4,4,2,1,3,B,A,C,small,0.6847909156172474,0,0.9499999999999998,1,1,0.6154885447506442,0.9550811584492837,0.23401222639521208,0.23401222639521208,0.043577597072838974,0.043577597072838974,0.021788798536419487,0.021788798536419487
4,4,2,2,2,A,B,B,large,0.320341176347955,0.26470553482945164,0.18835860720889508,0,0,0.25580220837559275,0.25580220837559275,0.18835860720889508,0.19066252860410646,0.3176680166197112,0.3176680166197112,0.3176680166197112,0.3176680166197112
4,4,2,3,1,A,B,A,small,-0.0040507821657405,0,0.9499999999999998,1,1,0.32023452854831297,0.32023452854831297,0.5983580464252585,0.9550811584492837,0.16532200512139503,0.16532200512139503,0.08266100256069751,0.08266100256069751
4,4,2,4,4,B,A,D,large,1.0136487607712434,1,0.7448627374848549,1,1,0.3448627374848549,0.7656479993158049,0,0,0.534198878313147,0.534198878313147,0.7670994391565735,0.7670994391565735
4,4,3,1,3,A,B,C,small,0.6787857806512717,0,0.634012226395212,1,0,0.9550811584492837,0.9550811584492837,0.23401222639521208,0.6374857896146864,0.021788798536419487,0.021788798536419487,0.021788798536419487,0.021788798536419487
4,4,3,2,2,B,A,B,large,0.32104263319058357,0.5935886709587477,0.25580220837559275,0,1,0.25580220837559275,0.27779966944347984,0.19066252860410646,0.19066252860410646,0.3176680166197112,0.3176680166197112,0.45562834378922945,0.45562834378922945
4,4,3,3,4,B,A,D,large,1.002904032390444,0.30879899757383983,0.7656479993158049,0,1,0.7656479993158049,0.7852281940358568,0,0,0.7670994391565735,0.7670994391565735,0.5379492183652067,0.5379492183652067
4,4,3,4,1,A,B,A,small,0.011157958335498984,0,0.9499999999999998,1,1,0.32023452854831297,0.32023452854831297,0.9550811584492837,0.9550811584492837,0.08266100256069751,0.08266100256069751,0.04133050128034876,0.04133050128034876
4,4,4,1,3,B,A,C,small,0.6708291360478601,0.33976933905874984,0.9499999999999998,0,1,0.9550811584492837,0.9550811584492837,0.6374857896146864,0.6374857896146864,0.021788798536419487,0.021788798536419487,0.18077906879758465,0.18077906879758465
4,4,4,2,2,B,A,B,large,0.32892344085372865,0.14247704940661468,0.17863837505486352,-0.24790323597154082,0,0.27779966944347984,0.18084989464213855,0.19066252860410646,0.19066252860410646,0.45562834378922945,0.45562834378922945,0.45562834378922945,0.45562834378922945
4,4,4,3,4,A,B,D,large,0.9926294638999461,0.6943485579416381,0,0,0,0.7852281940358568,0.7852281940358568,0,0,0.5379492183652067,0.5379492183652067,0.5379492183652067,0.5379492183652067
4,4,4,4,1,A,B,A,small,-0.0016227780116227781,0,0.9499999999999998,1,1,0.32023452854831297,0.32023452854831297,0.9550811584492837,0.9550811584492837,0.04133050128034876,0.04133050128034876,0.02066525064017438,0.02066525064017438
4,4,5,1,4,A,B,D,large,1.0020133514133511,0.4552855752528831,0,0,0,0.7852281940358568,0.7852281940358568,0,0,0.5379492183652067,0.5379492183652067,0.5379492183652067,0.5379492183652067
4,4,5,2,1,B,A,A,small,-0.011010388229491758,0.1253219881418762,0.45124567187694864,0.3275278583215891,0,0.32023452854831297,0.45496266570896843,0.9550811584492837,0.9550811584492837,0.02066525064017438,0.02066525064017438,0.02066525064017438,0.02066525064017438
4,4,5,3,3,B,A,C,small,0.6701095477591303,0.08860213196811746,0.9499999999999998,0.5074273572163375,1,0.9550811584492837,0.9550811584492837,0.6374857896146864,0.6374857896146864,0.18077906879758465,0.18077906879758465,0.13469060038285105,0.13469060038285105
4,4,5,4,2,A,B,B,large,0.3241803249599828,0.2653015976379937,0.19066252860410646,0,1,0.18084989464213855,0.18084989464213855,0.19066252860410646,0.20862872796451437,0.45562834378922945,0.45562834378922945,0.3604649707136116,0.3604649707136116
4,4,6,1,2,A,B,B,large,0.3255550062095793,0,0,-1,0,0.18084989464213855,0.18084989464213855,0.20862872796451437,0,0.3604649707136116,0.3604649707136116,0.3604649707136116,0.3604649707136116
4,4,6,2,4,B,A,D,large,1.0062631984057175,0.7563613421615516,0.7852281940358568,0,1,0.7852281940358568,0.8035921140031904,0,0,0.5379492183652067,0.5379492183652067,0.6471552802633791,0.6471552802633791
4,4,6,3,1,A,B,A,small,0.01732367195971628,0,0.9499999999999998,1,1,0.45496266570896843,0.45496266570896843,0.9550811584492837,0.9550811584492837,0.02066525064017438,0.02066525064017438,0.01033262532008719,0.01033262532008719
4,4,6,4,3,B,A,C,small,0.6567740108487745,0,0.9499999999999998,1,1,0.9550811584492837,0.9550811584492837,0.6374857896146864,0.6374857896146864,0.13469060038285105,0.13469060038285105,0.06734530019142553,0.06734530019142553
4,4,7,1,4,B,A,D,large,1.005007127309651,0,0.4035921140031904,-1,1,0.8035921140031904,0.43093925232291286,0,0,0.6471552802633791,0.6471552802633791,0.32357764013168955,0.32357764013168955
4,4,7,2,3,A,B,C,small,0.6696375813766062,0.16880575815919255,0.6898424584378011,0.13089167205778685,0,0.9550811584492837,0.9550811584492837,0.6374857896146864,0.6930426829710363,0.06734530019142553,0.06734530019142553,0.06734530019142553,0.06734530019142553
4,4,7,3,2,A,B,B,large,0.34603571541696226,0,0,-1,0,0.18084989464213855,0.18084989464213855,0,0,0.3604649707136116,0.3604649707136116,0.3604649707136116,0.3604649707136116
4,4,7,4,1,B,A,A,small,0.00134109487270923,0,0.8549626657089684,1,0,0.45496266570896843,0.8568128026651339,0.9550811584492837,0.9550811584492837,0.01033262532008719,0.01033262532008719,0.01033262532008719,0.01033262532008719
4,4,8,1,1,B,A,A,small,-0.013811667752720429,0.01929430254048497,0.9499999999999998,0.8851809166858752,1,0.8568128026651339,0.9550811584492837,0.9550811584492837,0.9550811584492837,0.01033262532008719,0.01033262532008719,0.01481346393028608,0.01481346393028608
4,4,8,2,2,B,A,B,large,0.31285815696210384,0.5176800199846191,0.18084989464213855,0,1,0.18084989464213855,0.19811779061900534,0,0,0.3604649707136116,0.3604649707136116,0.43907249534911535,0.43907249534911535
4,4,8,3,3,A,B,C,small,0.6629439535788321,0.008392139465963103,0.9499999999999998,0.9495140439022728,1,0.9550811584492837,0.9550811584492837,0.6930426829710363,0.9550811584492837,0.06734530019142553,0.06734530019142553,0.03786871982869432,0.03786871982869432
4,4,8,4,4,A,B,D,large,0.9976093632538258,0.3886264042756229,0,0,0,0.43093925232291286,0.43093925232291286,0,0,0.32357764013168955,0.32357764013168955,0.32357764013168955,0.32357764013168955
4,4,9,1,2,A,B,B,large,0.3319477423733939,0.303328807155225,0,0,0,0.19811779061900534,0.19811779061900534,0,0,0.43907249534911535,0.43907249534911535,0.43907249534911535,0.43907249534911535
4,4,9,2,1,B,A,A,small,6.285940287160162e-4,0.02691738174837879,0.9499999999999998,0.8410236061823179,1,0.9550811584492837,0.9550811584492837,0.9550811584492837,0.9550811584492837,0.01481346393028608,0.01481346393028608,0.020865422839332435,0.020865422839332435
4,4,9,3,4,A,B,D,large,1.0071745429081582,0,0,-1,0,0.43093925232291286,0.43093925232291286,0,0,0.32357764013168955,0.32357764013168955,0.32357764013168955,0.32357764013168955
4,4,9,4,3,B,A,C,small,0.6754901943102365,0.02227812507578092,0.9499999999999998,0.86781665137151065,1,0.9550811584492837,0.9550811584492837,0.9550811584492837,0.9550811584492837,0.03786871982869432,0.03786871982869432,0.030073422452237618,0.030073422452237618
4,4,10,1,4,A,B,D,large,0.9914511532817287,0.5890046170211886,0,0,0,0.43093925232291286,0.43093925232291286,0,0,0.32357764013168955,0.32357764013168955,0.32357764013168955,0.32357764013168955
4,4,10,2,3,B,A,C,small,0.6752891767273383,0.014908664148267168,0.9499999999999998,0.9108918301912502,1,0.9550811584492837,0.9550811584492837,0.9550811584492837,0.9550811584492837,0.030073422452237618,0.030073422452237618,0.022491043300252395,0.022491043300252395
4,4,10,3,1,B,A,A,small,0.015376472206571354,0.24758996793168192,0.9499999999999998,0,1,0.9550811584492837,0.9550811584492837,0.9550811584492837,0.9550811584492837,0.020865422839332435,0.020865422839332435,0.1342276953855072,0.1342276953855072
4,4,10,4,2,A,B,B,large,0.3316819372344465,1,0.4,1,1,0.19811779061900534,0.19811779061900534,0,0.42727811497338447,0.43907249534911535,0.43907249534911535,0.7195362476745577,0.7195362476745577
4,5,1,1,1,B,A,A,small,-0.005264895971295035,0.6065378248634579,0.2649181306765043,0,0,0.2649181306765043,0.26784945997056747,0.1407566736513143,0.1407566736513143,0.1342276953855072,0.1342276953855072,0.1342276953855072,0.1342276953855072
4,5,1,2,3,A,B,C,small,0.6593733830915738,0.005784834831140125,0.602694485864661,0.9651085901186875,1,0.21644054865748258,0.21644054865748258,0.21665104981718603,0.6292976413505879,0.022491043300252395,0.022491043300252395,0.01413793906569626,0.01413793906569626
4,5,1,3,4,A,B,D,large,1.0224167850711603,0,0,-1,0,0.271592133704294,0.271592133704294,0.1129062168952581,0,0.32357764013168955,0.32357764013168955,0.32357764013168955,0.32357764013168955
4,5,1,4,2,B,A,B,large,0.34206915082888073,0.7689704197613476,0.3392974502510389,0,0,0.33929745025103886,0.3426681325671842,0.1921272886981086,0.1921272886981086,0.7195362476745577,0.7195362476745577,0.7195362476745577,0.7195362476745577
4,5,2,1,4,A,B,D,large,1.0015528245988266,0.04999253628610017,0,-0.7113895648678535,0,0.271592133704294,0.271592133704294,0,0,0.32357764013168955,0.32357764013168955,0.32357764013168955,0.32357764013168955
4,5,2,2,3,A,B,C,small,0.6451468811501359,0.0775706617026852,0.8549396389961899,0.5641049941140049,1,0.21644054865748258,0.21644054865748258,0.6292976413505879,0.8683423355641288,0.01413793906569626,0.01413793906569626,0.04585430038419073,0.04585430038419073
4,5,2,3,1,B,A,A,small,0.006962521235226987,0,0.6678494599705675,1,1,0.26784945997056747,0.6923171230829728,0.1407566736513143,0.1407566736513143,0.1342276953855072,0.1342276953855072,0.0671138476927536,0.0671138476927536
4,5,2,4,2,B,A,B,large,0.3509303983488213,0.3654271776816366,0.3426681325671842,0,0,0.3426681325671842,0.3460547616907425,0.1921272886981086,0.1921272886981086,0.7195362476745577,0.7195362476745577,0.7195362476745577,0.7195362476745577
4,5,3,1,4,B,A,D,large,1.018171238444238,0.11956145719311974,0.12963863454725283,-0.35488374789260296,0,0.271592133704294,0.13134054434581652,0,0,0.32357764013168955,0.32357764013168955,0.32357764013168955,0.32357764013168955
4,5,3,2,2,A,B,B,large,0.3315474316664482,1,0.5921272886981085,1,0,0.3460547616907425,0.3460547616907425,0.1921272886981086,0.5957449100833725,0.7195362476745577,0.7195362476745577,0.7195362476745577,0.7195362476745577
4,5,3,3,1,B,A,A,small,-0.002887939329183948,0.028894841838935422,0.9499999999999998,0.8296785533060553,0,0.6923171230829728,0.9507077096900849,0.1407566736513143,0.1407566736513143,0.0671138476927536,0.0671138476927536,0.0671138476927536,0.0671138476927536
4,5,3,4,3,A,B,C,small,0.6718029738141291,0.11121096925202989,0.9499999999999998,0.3951027382353119,1,0.21644054865748258,0.21644054865748258,0.8683423355641288,0.9550811584492837,0.04585430038419073,0.04585430038419073,0.0785326348181103,0.0785326348181103
4,5,4,1,2,B,A,B,large,0.337022442409269,0.6028403403735983,0.3460547616907425,0,0,0.3460547616907425,0.349457067383188,0.5957449100833725,0.5957449100833725,0.7195362476745577,0.7195362476745577,0.7195362476745577,0.7195362476745577
4,5,4,2,1,B,A,A,small,-0.0183687594763741,0.03452235853504011,0.9499999999999998,0.7976369087019552,1,0.9507077096900849,0.9550811584492837,0.1407566736513143,0.1407566736513143,0.0671138476927536,0.0671138476927536,0.050818103113896854,0.050818103113896854
4,5,4,3,4,A,B,D,large,1.008264299102932,0.2087819882104834,0,0,0,0.13134054434581652,0.13134054434581652,0,0,0.32357764013168955,0.32357764013168955,0.32357764013168955,0.32357764013168955
4,5,4,4,3,A,B,C,small,0.6736388240070111,0,0.9499999999999998,1,1,0.21644054865748258,0.21644054865748258,0.9550811584492837,0.9550811584492837,0.0785326348181103,0.0785326348181103,0.03926631740905515,0.03926631740905515
4,5,5,1,4,A,B,D,large,1.0000534322222632,0.4356687377559998,0,0,0,0.13134054434581652,0.13134054434581652,0,0,0.32357764013168955,0.32357764013168955,0.32357764013168955,0.32357764013168955
4,5,5,2,2,B,A,B,large,0.31463767227397765,0.5605347214467012,0.34945706738318805,0,0,0.349457067383188,0.35287477335522616,0.5957449100833725,0.5957449100833725,0.7195362476745577,0.7195362476745577,0.7195362476745577,0.7195362476745577
4,5,5,3,1,B,A,A,small,0.01495813452532972,0.3192429834674839,0.9499999999999998,0,1,0.9550811584492837,0.9550811584492837,0.1407566736513143,0.1407566736513143,0.050818103113896854,0.050818103113896854,0.18503054329069038,0.18503054329069038
4,5,5,4,3,A,B,C,small,0.6816311750955858,0.14922172649279652,0.9499999999999998,0.21733863427667208,1,0.21644054865748258,0.21644054865748258,0.9550811584492837,0.9550811584492837,0.03926631740905515,0.03926631740905515,0.09424402195092584,0.09424402195092584
4,5,6,1,3,A,B,C,small,0.6737740999360463,0.16187219706147432,0.9499999999999998,0.16111106042873588,1,0.21644054865748258,0.21644054865748258,0.9550811584492837,0.9550811584492837,0.09424402195092584,0.09424402195092584,0.12805810950620009,0.12805810950620009
4,5,6,2,1,B,A,A,small,-0.00825297913595435,0,0.9499999999999998,1,1,0.9550811584492837,0.9550811584492837,0.1407566736513143,0.1407566736513143,0.18503054329069038,0.18503054329069038,0.09251527164534519,0.09251527164534519
4,5,6,3,4,B,A,D,large,0.9977671663521844,0.6599813587315692,0.13134054434581652,0,0,0.13134054434581652,0.1330613812083127,0,0,0.32357764013168955,0.32357764013168955,0.32357764013168955,0.32357764013168955
4,5,6,4,2,A,B,B,large,0.3320278684776923,0.9389309685164174,0.8562474030141367,0.6512562323269104,1,0.35287477335522616,0.35287477335522616,0.5957449100833725,0.869547707077445,0.7195362476745577,0.7195362476745577,0.8292336080954876,0.8292336080954876
4,5,7,1,1,B,A,A,small,0.017860714587740106,0.28767804858979656,0.9499999999999998,0,1,0.9550811584492837,0.9550811584492837,0.1407566736513143,0.1407566736513143,0.09251527164534519,0.09251527164534519,0.19009666011757087,0.19009666011757087
4,5,7,2,3,A,B,C,small,0.6847906236500904,0,0.9499999999999998,1,1,0.21644054865748258,0.21644054865748258,0.9550811584492837,0.9550811584492837,0.12805810950620009,0.12805810950620009,0.06402905475310004,0.06402905475310004
4,5,7,3,2,B,A,B,large,0.3204070497958101,0.8566268718956951,0.4504022616839959,0.24381872082192424,1,0.35287477335522616,0.4783771129719052,0.869547707077445,0.869547707077445,0.8292336080954876,0.8292336080954876,0.8429302399955914,0.8429302399955914
4,5,7,4,4,A,B,D,large,0.9899703553503567,0.6026363203390747,0,0,0,0.1330613812083127,0.1330613812083127,0,0,0.32357764013168955,0.32357764013168955,0.32357764013168955,0.32357764013168955
4,5,8,1,2,A,B,B,large,0.3392540406916203,0.9885376581677171,0.9499999999999998,0.9312548143940749,1,0.4783771129719052,0.4783771129719052,0.869547707077445,0.9550811584492837,0.8429302399955914,0.8429302399955914,0.9157339490816543,0.9157339490816543
4,5,8,2,1,B,A,A,small,-0.021949972304620615,0,0.9499999999999998,1,1,0.9550811584492837,0.9550811584492837,0.1407566736513143,0.1407566736513143,0.19009666011757087,0.19009666011757087,0.09504833005878544,0.09504833005878544
4,5,8,3,3,A,B,C,small,0.6499580715557681,0.11951769764866566,0.9499999999999998,0.3550927638720214,1,0.21644054865748258,0.21644054865748258,0.9550811584492837,0.9550811584492837,0.06402905475310004,0.06402905475310004,0.09177337620088286,0.09177337620088286
4,5,8,4,4,B,A,D,large,1.0004412751423286,0.1539391805456481,0.05457960404229505,-0.1962044429150441,0,0.1330613812083127,0.05535880557915041,0,0,0.32357764013168955,0.32357764013168955,0.32357764013168955,0.32357764013168955
4,5,9,1,3,B,A,C,small,0.6605564957429029,0.05931878661085955,0.48070845544813756,0.6606697669766375,1,0.21644054865748258,0.5088229581415482,0.9550811584492837,0.9550811584492837,0.09177337620088286,0.09177337620088286,0.0755460814058712,0.0755460814058712
4,5,9,2,2,A,B,B,large,0.3267639150605332,0.7536869078669292,0.9499999999999998,0,1,0.4783771129719052,0.4783771129719052,0.9550811584492837,0.9550811584492837,0.9157339490816543,0.9157339490816543,0.8347104284742917,0.8347104284742917
4,5,9,3,1,B,A,A,small,-0.005166412308162668,0.15692283020726258,0.9499999999999998,0.18294026707938946,0,0.9550811584492837,0.9507077096900849,0.1407566736513143,0.1407566736513143,0.09504833005878544,0.09504833005878544,0.09504833005878544,0.09504833005878544
4,5,9,4,4,A,B,D,large,1.0145087397837522,0.36256514444850535,0,0,0,0.05535880557915041,0.05535880557915041,0,0,0.32357764013168955,0.32357764013168955,0.32357764013168955,0.32357764013168955
4,5,10,1,1,A,B,A,small,0.007726576291485713,0.12998190936298742,0.2630078893406065,0.3056280392232305,0,0.9507077096900849,0.9507077096900849,0.1407566736513143,0.26592572829579764,0.09504833005878544,0.09504833005878544,0.09504833005878544,0.09504833005878544
4,5,10,2,2,B,A,B,large,0.328288659786637,0.9663822652937271,0.799482437306404,0.802763310836247,1,0.4783771129719052,0.8169117399329826,0.9550811584492837,0.9550811584492837,0.8347104284742917,0.8347104284742917,0.9005463468840094,0.9005463468840094
4,5,10,3,3,B,A,C,small,0.6856748666902075,0,0.9088229581415482,1,1,0.5088229581415482,0.9177262603089881,0.9550811584492837,0.9550811584492837,0.0755460814058712,0.0755460814058712,0.0377730407029356,0.0377730407029356
4,5,10,4,4,A,B,D,large,0.9905706484539998,0.5935124373325419,0,0,0,0.05535880557915041,0.05535880557915041,0,0,0.32357764013168955,0.32357764013168955,0.32357764013168955,0.32357764013168955
4,6,1,1,1,B,A,A,small,-0.025922556999015404,0.09659639354206653,0.30989158060662475,0.46712877776342127,0,0.12304006950125622,0.31310857578936835,0.24741080757483835,0.24741080757483835,0.09504833005878544,0.09504833005878544,0.09504833005878544,0.09504833005878544
4,6,1,2,2,A,B,B,large,0.3506749236121106,1,0.6104501667330724,1,1,0.0811923211806708,0.0811923211806708,0.21045016673307237,0.6368469211849603,0.9005463468840094,0.9005463468840094,0.9502731734420047,0.9502731734420047
4,6,1,3,3,B,A,C,small,0.6491966000737569,0.11633409116365481,0.5082184601218086,0.3703483338605038,1,0.36007912657760704,0.536280325917535,0.34261996333451333,0.34261996333451333,0.0377730407029356,0.0377730407029356,0.07705356593329521,0.07705356593329521
4,6,1,4,4,A,B,D,large,1.0158977643245668,0.604095569025442,0.17964891127240554,0,0,0.4303806302287945,0.4303806302287945,0.1796489112724055,0.18187017106811473,0.32357764013168955,0.32357764013168955,0.32357764013168955,0.32357764013168955
4,6,2,1,4,A,B,D,large,1.0022616355673832,0.0648603192417463,0,-0.630977779274863,0,0.4303806302287945,0.4303806302287945,0.18187017106811473,0,0.32357764013168955,0.32357764013168955,0.32357764013168955,0.32357764013168955
4,6,2,2,2,B,A,B,large,0.3282563580667794,1,0.4811923211806708,1,0,0.0811923211806708,0.4849380017310366,0.6368469211849603,0.6368469211849603,0.9502731734420047,0.9502731734420047,0.9502731734420047,0.9502731734420047
4,6,2,3,1,B,A,A,small,-0.012284500184181287,0.024480482432097238,0.6551351376330373,0.8550664046091724,1,0.31310857578936835,0.6800907523966796,0.24741080757483835,0.24741080757483835,0.09504833005878544,0.09504833005878544,0.05976440624544134,0.05976440624544134
4,6,2,4,3,A,B,C,small,0.6698869283712682,0.15045267736482754,0.42734185685225723,0.21180473379435977,0,0.536280325917535,0.536280325917535,0.34261996333451333,0.4310166048700177,0.07705356593329521,0.07705356593329521,0.07705356593329521,0.07705356593329521
4,6,3,1,2,B,A,B,large,0.3353263468366634,1,0.8849380017310366,1,1,0.4849380017310366,0.8959064970527096,0.6368469211849603,0.6368469211849603,0.9502731734420047,0.9502731734420047,0.9751365867210023,0.9751365867210023
4,6,3,2,3,B,A,C,small,0.6331455892745501,0.28556629838087194,0.536280325917535,0,1,0.536280325917535,0.5641142911426853,0.4310166048700177,0.4310166048700177,0.07705356593329521,0.07705356593329521,0.18130993215708358,0.18130993215708358
4,6,3,3,1,A,B,A,small,-0.0022578350494594345,0,0.6474108075748384,1,0,0.6800907523966796,0.6800907523966796,0.24741080757483835,0.6508272400380954,0.05976440624544134,0.05976440624544134,0.05976440624544134,0.05976440624544134
4,6,3,4,4,A,B,D,large,1.0056831641191466,0.6394910004277935,0,0,0,0.4303806302287945,0.4303806302287945,0,0,0.32357764013168955,0.32357764013168955,0.32357764013168955,0.32357764013168955
4,6,4,1,3,B,A,C,small,0.6508193558433331,0.33471984545199523,0.5641142911426853,0,1,0.5641142911426853,0.5915500238210952,0.4310166048700177,0.4310166048700177,0.18130993215708358,0.18130993215708358,0.2580148888045394,0.2580148888045394
4,6,4,2,1,A,B,A,small,0.009201321095544345,0,0.9499999999999998,1,1,0.6800907523966796,0.6800907523966796,0.6508272400380954,0.9550811584492837,0.05976440624544134,0.05976440624544134,0.02988220312272067,0.02988220312272067
4,6,4,3,2,B,A,B,large,0.32890307408215874,0.9564734320902455,0.9499999999999998,0.7471134945908637,1,0.8959064970527096,0.9550811584492837,0.6368469211849603,0.6368469211849603,0.9751365867210023,0.9751365867210023,0.9658050094056239,0.9658050094056239
4,6,4,4,4,A,B,D,large,0.9967691811313262,0.7325842550111399,0,0,0,0.4303806302287945,0.4303806302287945,0,0,0.32357764013168955,0.32357764013168955,0.32357764013168955,0.32357764013168955
4,6,5,1,1,B,A,A,small,0.012817878550031697,0.044495240943867254,0.9499999999999998,0.741732192821049,1,0.6800907523966796,0.9550811584492837,0.9550811584492837,0.9550811584492837,0.02988220312272067,0.02988220312272067,0.03718872203329396,0.03718872203329396
4,6,5,2,4,A,B,D,large,0.9966204527495128,0,0,-1,0,0.4303806302287945,0.4303806302287945,0,0,0.32357764013168955,0.32357764013168955,0.32357764013168955,0.32357764013168955
4,6,5,3,3,B,A,C,small,0.6548176615889144,0.06464532552185069,0.8443994669575715,0.6321236078411903,1,0.5915500238210952,0.8586149620160882,0.4310166048700177,0.4310166048700177,0.2580148888045394,0.2580148888045394,0.16133010716319504,0.16133010716319504
4,6,5,4,2,A,B,B,large,0.3168516484294037,0.8258566596017586,0.6800117345448508,0.10791203339972631,1,0.9550811584492837,0.9550811584492837,0.6368469211849603,0.703980584119051,0.9658050094056239,0.9658050094056239,0.8958308345036912,0.8958308345036912
4,6,6,1,3,A,B,C,small,0.6574434342645034,0.18904885856092243,0.44902619140485694,0.04502396633709806,1,0.8586149620160882,0.8586149620160882,0.4310166048700177,0.4769897513056154,0.16133010716319504,0.16133010716319504,0.17518948286205874,0.17518948286205874
4,6,6,2,4,A,B,D,large,1.004463202684161,0.16623070755699382,0,-0.1420659434306676,0,0.4303806302287945,0.4303806302287945,0,0,0.32357764013168955,0.32357764013168955,0.32357764013168955,0.32357764013168955
4,6,6,3,1,B,A,A,small,0.016662320345950363,0.11003982415366623,0.9499999999999998,0.4007972993794043,1,0.9550811584492837,0.9550811584492837,0.9550811584492837,0.9550811584492837,0.03718872203329396,0.03718872203329396,0.07361427309348009,0.07361427309348009
4,6,6,4,2,B,A,B,large,0.31849527891973123,0.9158870139468783,0.9499999999999998,0.5303409617166706,1,0.9550811584492837,0.9550811584492837,0.703980584119051,0.703980584119051,0.8958308345036912,0.8958308345036912,0.9058589242252848,0.9058589242252848
4,6,7,1,2,B,A,B,large,0.3191811181797795,1,0.9499999999999998,1,1,0.9550811584492837,0.9550811584492837,0.703980584119051,0.703980584119051,0.9058589242252848,0.9058589242252848,0.9529294621126424,0.9529294621126424
4,6,7,2,1,A,B,A,small,0.0025656700359253516,0,0.9499999999999998,1,1,0.9550811584492837,0.9550811584492837,0.9550811584492837,0.9550811584492837,0.07361427309348009,0.07361427309348009,0.036807136546740046,0.036807136546740046
4,6,7,3,4,B,A,D,large,0.9883177557642088,0.04368376467813759,0.1318848281030401,-0.7462395053143859,0,0.4303806302287945,0.1336116993401493,0,0,0.32357764013168955,0.32357764013168955,0.32357764013168955,0.32357764013168955
4,6,7,4,3,A,B,C,small,0.6800906149151331,0.23750546411394272,0.4769897513056154,0,0,0.8586149620160882,0.8586149620160882,0.4769897513056154,0.48073303105317755,0.17518948286205874,0.17518948286205874,0.17518948286205874,0.17518948286205874
4,6,8,1,1,A,B,A,small,-3.1136884043346665e-4,0,0.9499999999999998,1,1,0.9550811584492837,0.9550811584492837,0.9550811584492837,0.9550811584492837,0.036807136546740046,0.036807136546740046,0.018403568273370023,0.018403568273370023
4,6,8,2,4,A,B,D,large,0.9952850280821931,0.01576469135628633,0,-0.9058556204661069,0,0.1336116993401493,0.1336116993401493,0,0,0.32357764013168955,0.32357764013168955,0.32357764013168955,0.32357764013168955
4,6,8,3,2,B,A,B,large,0.32625108187199425,0.9194391979137783,0.9499999999999998,0.5486184662512635,1,0.9550811584492837,0.9550811584492837,0.703980584119051,0.703980584119051,0.9529294621126424,0.9529294621126424,0.9361843300132103,0.9361843300132103
4,6,8,4,3,B,A,C,small,0.6703913617610182,0,0.9499999999999998,1,1,0.8586149620160882,0.9550811584492837,0.48073303105317755,0.48073303105317755,0.17518948286205874,0.17518948286205874,0.08759474143102937,0.08759474143102937
4,6,9,1,2,A,B,B,large,0.34573638058405554,0.9388460935033439,0.9499999999999998,0.6508005768844398,1,0.9550811584492837,0.9550811584492837,0.703980584119051,0.9550811584492837,0.9361843300132103,0.9361843300132103,0.9375152117582771,0.9375152117582771
4,6,9,2,1,B,A,A,small,-0.002237146092080131,0,0.9499999999999998,1,1,0.9550811584492837,0.9550811584492837,0.9550811584492837,0.9550811584492837,0.018403568273370023,0.018403568273370023,0.009201784136685012,0.009201784136685012
4,6,9,3,3,A,B,C,small,0.6678893493261714,0.05455498854312138,0.7553166135434369,0.6864589562256485,1,0.9550811584492837,0.9550811584492837,0.48073303105317755,0.7755069059339027,0.08759474143102937,0.08759474143102937,0.07107486498707538,0.07107486498707538
4,6,9,4,4,B,A,D,large,1.0026659214570237,0,0,-1,0,0.1336116993401493,0,0,0,0.32357764013168955,0.32357764013168955,0.32357764013168955,0.32357764013168955
4,6,10,1,2,B,A,B,large,0.33329125853181096,0.9117589079042103,0.9499999999999998,0.5092625876172834,0,0.9550811584492837,0.9507077096900849,0.9550811584492837,0.9550811584492837,0.9375152117582771,0.9375152117582771,0.9375152117582771,0.9375152117582771
4,6,10,2,1,B,A,A,small,0.011869955882364471,0.015242907292690176,0.9499999999999998,0.9089243729160713,1,0.9550811584492837,0.9550811584492837,0.9550811584492837,0.9550811584492837,0.009201784136685012,0.009201784136685012,0.012222345714687593,0.012222345714687593
4,6,10,3,3,A,B,C,small,0.6538071969927144,0.015038092912686155,0.9499999999999998,0.9101298168940242,1,0.9550811584492837,0.9550811584492837,0.7755069059339027,0.9550811584492837,0.07107486498707538,0.07107486498707538,0.043056478949880767,0.043056478949880767
4,6,10,4,4,A,B,D,large,1.0122940223674917,0.22872745468368963,0,0,0,0,0,0,0,0.32357764013168955,0.32357764013168955,0.32357764013168955,0.32357764013168955
4,7,1,1,1,B,A,A,small,-0.011876825630628612,0.9838870379930479,0,-0.9038091284630664,0,0.1916644635395169,0,0.17181499507057926,0.17181499507057926,0.012222345714687593,0.012222345714687593,0.012222345714687593,0.012222345714687593
4,7,1,2,2,A,B,B,large,0.3376122396391373,1,0.6456309790011563,1,1,0.280032256561016,0.280032256561016,0.2456309790011563,0.6709288922685938,0.9375152117582771,0.9375152117582771,0.9687576058791385,0.9687576058791385
4,7,1,3,3,B,A,C,small,0.6741461275311859,0,0.7307837558315816,1,0,0.3307837558315816,0.733724603065019,0.23669760961702313,0.23669760961702313,0.043056478949880767,0.043056478949880767,0.043056478949880767,0.043056478949880767
4,7,1,4,4,A,B,D,large,0.9996989143947139,0.0026659847215760946,0,-0.9838698723988164,0,0.2893037368736524,0.2893037368736524,0.2255459280544443,0,0.32357764013168955,0.32357764013168955,0.32357764013168955,0.32357764013168955
4,7,2,1,2,B,A,B,large,0.33271791541783796,0.8927635558345742,0.4458253440331917,0.4144827186804391,1,0.280032256561016,0.4737609692141687,0.6709288922685938,0.6709288922685938,0.9687576058791385,0.9687576058791385,0.9307605808568564,0.9307605808568564
4,7,2,2,3,B,A,C,small,0.6893721381542255,0,0.9499999999999998,1,1,0.733724603065019,0.9550811584492837,0.23669760961702313,0.23669760961702313,0.043056478949880767,0.043056478949880767,0.021528239474940383,0.021528239474940383
4,7,2,3,1,A,B,A,small,-0.005548160767617846,0,0.5718149950705793,1,0,0,0,0.17181499507057926,0.5754836134543206,0.012222345714687593,0.012222345714687593,0.012222345714687593,0.012222345714687593
4,7,2,4,4,A,B,D,large,0.9784268044883951,0.35773365722128536,0,0,0,0.2893037368736524,0.2893037368736524,0,0,0.32357764013168955,0.32357764013168955,0.32357764013168955,0.32357764013168955
4,7,3,1,2,A,B,B,large,0.34519625006969945,1,0.9499999999999998,1,1,0.4737609692141687,0.4737609692141687,0.6709288922685938,0.9550811584492837,0.9307605808568564,0.9307605808568564,0.9653802904284282,0.9653802904284282
4,7,3,2,3,A,B,C,small,0.6679934265023205,0,0.6366976096170232,1,1,0.9550811584492837,0.9550811584492837,0.23669760961702313,0.6622996903981208,0.021528239474940383,0.021528239474940383,0.010764119737470192,0.010764119737470192
4,7,3,3,1,B,A,A,small,0.003441662734330868,0.09536579597887954,0.18931610567282045,0.473290264182051,0,0,0.19162897363618303,0.5754836134543206,0.5754836134543206,0.012222345714687593,0.012222345714687593,0.012222345714687593,0.012222345714687593
4,7,3,4,4,B,A,D,large,1.0187052025407382,1,0.6893037368736525,1,0,0.2893037368736524,0.6925070422747449,0,0,0.32357764013168955,0.32357764013168955,0.32357764013168955,0.32357764013168955
4,7,4,1,1,A,B,A,small,0.002248458217968278,0.04593681523567178,0.8689808312033407,0.7337430443725499,1,0.19162897363618303,0.19162897363618303,0.5754836134543206,0.8812663781950456,0.012222345714687593,0.012222345714687593,0.029079580475179688,0.029079580475179688
4,7,4,2,4,B,A,D,large,1.0001517253784464,0.1493815071360439,0.6058592223360313,-0.2166195498467839,1,0.6925070422747449,0.6323797257238907,0,0,0.32357764013168955,0.32357764013168955,0.23647957363386674,0.23647957363386674
4,7,4,3,2,A,B,B,large,0.32348822592649806,1,0.9499999999999998,1,1,0.4737609692141687,0.4737609692141687,0.9550811584492837,0.9550811584492837,0.9653802904284282,0.9653802904284282,0.982690145214214,0.982690145214214
4,7,4,4,3,B,A,C,small,0.673361487142664,0,0.9499999999999998,1,1,0.9550811584492837,0.9550811584492837,0.6622996903981208,0.6622996903981208,0.010764119737470192,0.010764119737470192,0.005382059868735096,0.005382059868735096
4,7,5,1,1,A,B,A,small,-0.0065508074594400854,0.27495495760863364,0.8812663781950456,0,1,0.19162897363618303,0.19162897363618303,0.8812663781950456,0.8925423768866177,0.029079580475179688,0.029079580475179688,0.15201726904190666,0.15201726904190666
4,7,5,2,2,A,B,B,large,0.3361159872158818,1,0.9499999999999998,1,0,0.4737609692141687,0.4737609692141687,0.9550811584492837,0.9507077096900849,0.982690145214214,0.982690145214214,0.982690145214214,0.982690145214214
4,7,5,3,4,B,A,D,large,1.0207517128385974,0.07456145486110329,0.40046610422306084,-0.5797840537520745,1,0.6323797257238907,0.427753344282109,0,0,0.23647957363386674,0.23647957363386674,0.155520514247485,0.155520514247485
4,7,5,4,3,B,A,C,small,0.6792409165196565,0,0.9499999999999998,1,1,0.9550811584492837,0.9550811584492837,0.6622996903981208,0.6622996903981208,0.005382059868735096,0.005382059868735096,0.002691029934367548,0.002691029934367548
4,7,6,1,2,A,B,B,large,0.3647448120608148,0.8679062641874817,0.9499999999999998,0.29577028477366746,0,0.4737609692141687,0.4737609692141687,0.9507077096900849,0.9507077096900849,0.982690145214214,0.982690145214214,0.982690145214214,0.982690145214214
4,7,6,2,4,B,A,D,large,0.9852645215991822,0.10963350866859027,0.2666429117789155,-0.4027760812579837,0,0.427753344282109,0.2695863266315402,0,0,0.155520514247485,0.155520514247485,0.155520514247485,0.155520514247485
4,7,6,3,1,B,A,A,small,0.0028030456630001727,0.12135721652380314,0.33015782304923247,0.3463221235326235,1,0.19162897363618303,0.3554950137026511,0.8925423768866177,0.8925423768866177,0.15201726904190666,0.15201726904190666,0.1366872427828549,0.1366872427828549
4,7,6,4,3,A,B,C,small,0.6675162966151944,0.10865391212088217,0.8253210483280322,0.4075533948247785,1,0.9550811584492837,0.9550811584492837,0.6622996903981208,0.8409512232975296,0.002691029934367548,0.002691029934367548,0.05567247102762486,0.05567247102762486
4,7,7,1,2,A,B,B,large,0.3309871930945727,1,0.9499999999999998,1,1,0.4737609692141687,0.4737609692141687,0.9507077096900849,0.9550811584492837,0.982690145214214,0.982690145214214,0.991345072607107,0.991345072607107
4,7,7,2,1,B,A,A,small,-4.343851351933984e-4,0.17663140689942158,0.39440854088138777,0.09728381794684182,0,0.3554950137026511,0.39799691377901814,0.8925423768866177,0.8925423768866177,0.1366872427828549,0.1366872427828549,0.1366872427828549,0.1366872427828549
4,7,7,3,3,A,B,C,small,0.6763182906640792,0.028418134794003673,0.9499999999999998,0.8324094063618968,1,0.9550811584492837,0.9550811584492837,0.8409512232975296,0.9550811584492837,0.05567247102762486,0.05567247102762486,0.042045302910814264,0.042045302910814264
4,7,7,4,4,B,A,D,large,0.9828305806584697,0.16484681148714345,0.21034829014268652,-0.14809509122213413,0,0.2695863266315402,0.2128506436931528,0,0,0.155520514247485,0.155520514247485,0.155520514247485,0.155520514247485
4,7,8,1,2,B,A,B,large,0.3411420850310593,1,0.8737609692141688,1,1,0.4737609692141687,0.88565726620414,0.9550811584492837,0.9550811584492837,0.991345072607107,0.991345072607107,0.9956725363035535,0.9956725363035535
4,7,8,2,3,B,A,C,small,0.6714073956748207,0.06039795912788293,0.9499999999999998,0.6548616401139383,1,0.9550811584492837,0.9550811584492837,0.9550811584492837,0.9550811584492837,0.042045302910814264,0.042045302910814264,0.051221631019348596,0.051221631019348596
4,7,8,3,1,A,B,A,small,0.005690496648021993,0.24968499789463386,0.8925423768866177,0,1,0.39799691377901814,0.39799691377901814,0.8925423768866177,0.9028655393778878,0.1366872427828549,0.1366872427828549,0.19318612033874438,0.19318612033874438
4,7,8,4,4,A,B,D,large,0.9947191402820011,0,0,-1,0,0.2128506436931528,0.2128506436931528,0,0,0.155520514247485,0.155520514247485,0.155520514247485,0.155520514247485
4,7,9,1,3,A,B,C,small,0.666188774928618,0.017496430360392147,0.9499999999999998,0.8956937187789591,1,0.9550811584492837,0.9550811584492837,0.9550811584492837,0.9550811584492837,0.051221631019348596,0.051221631019348596,0.03435903068987037,0.03435903068987037
4,7,9,2,2,B,A,B,large,0.33568036926309647,0.924311470385,0.9499999999999998,0.5739005297513863,1,0.88565726620414,0.9550811584492837,0.9550811584492837,0.9550811584492837,0.9956725363035535,0.9956725363035535,0.9599920033442767,0.9599920033442767
4,7,9,3,1,B,A,A,small,-0.009064298122678525,0.22145761994088187,0.39799691377901814,0,0,0.39799691377901814,0.40159628405024134,0.9028655393778878,0.9028655393778878,0.19318612033874438,0.19318612033874438,0.19318612033874438,0.19318612033874438
4,7,9,4,4,A,B,D,large,1.0117628731829895,0.2502695379735977,0,0,0,0.2128506436931528,0.2128506436931528,0,0,0.155520514247485,0.155520514247485,0.155520514247485,0.155520514247485
4,7,10,1,4,A,B,D,large,1.019761317806896,0.16098693137382528,0,-0.1649996777394755,0,0.2128506436931528,0.2128506436931528,0,0,0.155520514247485,0.155520514247485,0.155520514247485,0.155520514247485
4,7,10,2,2,A,B,B,large,0.3324184613993851,0.9941274316619232,0.9499999999999998,0.9645825241609546,1,0.9550811584492837,0.9550811584492837,0.9550811584492837,0.9550811584492837,0.9599920033442767,0.9599920033442767,0.9770597175031,0.9770597175031
4,7,10,3,1,B,A,A,small,-0.017110745473275617,0.02120729801637075,0.7512108358160035,0.874036379414405,1,0.40159628405024134,0.7716374900201322,0.9028655393778878,0.9028655393778878,0.19318612033874438,0.19318612033874438,0.10719670917755757,0.10719670917755757
4,7,10,4,3,B,A,C,small,0.6672836116988209,0,0.9499999999999998,1,1,0.9550811584492837,0.9550811584492837,0.9550811584492837,0.9550811584492837,0.03435903068987037,0.03435903068987037,0.017179515344935184,0.017179515344935184
4,8,1,1,1,A,B,A,small,0.005872136783203109,0,0.5715227103499627,1,1,0.06321402709820577,0.06321402709820577,0.17152271034996264,0.5988237562742432,0.10719670917755757,0.10719670917755757,0.053598354588778784,0.053598354588778784
4,8,1,2,3,A,B,C,small,0.6594797937173973,0,0.57278953619833,1,0,0.29666777291403373,0.29666777291403373,0.17278953619832998,0.5764559895123453,0.017179515344935184,0.017179515344935184,0.017179515344935184,0.017179515344935184
4,8,1,3,2,B,A,B,large,0.33232203714819825,1,0.5136551005338198,1,1,0.11365510053381975,0.5416865036404237,0.7554009779859179,0.7554009779859179,0.9770597175031,0.9770597175031,0.98852985875155,0.98852985875155
4,8,1,4,4,B,A,D,large,0.980790391359065,0,0,-1,0,0.09107168006039565,0,0.09144181581728221,0.09144181581728221,0.155520514247485,0.155520514247485,0.155520514247485,0.155520514247485
4,8,2,1,3,A,B,C,small,0.6804675347609198,0.2418173265333222,0.5764559895123453,0,1,0.29666777291403373,0.29666777291403373,0.5764559895123453,0.6036606865678401,0.017179515344935184,0.017179515344935184,0.1294984209391287,0.1294984209391287
4,8,2,2,1,B,A,A,small,0.010907805950779044,0.2489303820102233,0.06321402709820577,0,0,0.06321402709820577,0.06410813857207194,0.5988237562742432,0.5988237562742432,0.053598354588778784,0.053598354588778784,0.053598354588778784,0.053598354588778784
4,8,2,3,4,B,A,D,large,1.0013433133244398,0,0,-1,0,0,0,0.09144181581728221,0.09144181581728221,0.155520514247485,0.155520514247485,0.155520514247485,0.155520514247485
4,8,2,4,2,A,B,B,large,0.33512875440743356,0.941105948067439,0.9499999999999998,0.6629591370722501,1,0.5416865036404237,0.5416865036404237,0.7554009779859179,0.9550811584492837,0.98852985875155,0.98852985875155,0.9648179034094945,0.9648179034094945
4,8,3,1,2,A,B,B,large,0.31926891856401934,0.9919037530107099,0.9499999999999998,0.9512797180929153,1,0.5416865036404237,0.5416865036404237,0.9550811584492837,0.9550811584492837,0.9648179034094945,0.9648179034094945,0.9783608282101022,0.9783608282101022
4,8,3,2,1,B,A,A,small,0.009207394904291368,0,0.46410813857207195,1,0,0.06410813857207194,0.46784075475817316,0.5988237562742432,0.5988237562742432,0.053598354588778784,0.053598354588778784,0.053598354588778784,0.053598354588778784
4,8,3,3,4,A,B,D,large,1.0065902577681656,0.6108924965842863,0.0914418158172822,0,0,0,0,0.09144181581728221,0.09269567960416389,0.155520514247485,0.155520514247485,0.155520514247485,0.155520514247485
4,8,3,4,3,B,A,C,small,0.6795590556985068,0.22556433039674548,0.29666777291403373,0,1,0.29666777291403373,0.32066520739491194,0.6036606865678401,0.6036606865678401,0.1294984209391287,0.1294984209391287,0.17753137566793709,0.17753137566793709
4,8,4,1,2,A,B,B,large,0.34063466319800223,1,0.9499999999999998,1,1,0.5416865036404237,0.5416865036404237,0.9550811584492837,0.9550811584492837,0.9783608282101022,0.9783608282101022,0.9891804141050511,0.9891804141050511
4,8,4,2,1,B,A,A,small,-0.01059444817412838,0.02618908378651707,0.8059260765212682,0.8452133044077377,1,0.46784075475817316,0.8229193447922215,0.5988237562742432,0.5988237562742432,0.053598354588778784,0.053598354588778784,0.039893719187647926,0.039893719187647926
4,8,4,3,4,B,A,D,large,0.9999866653937731,0.058960920068389634,0,-0.6625985809227785,0,0,0,0.09269567960416389,0.09269567960416389,0.155520514247485,0.155520514247485,0.155520514247485,0.155520514247485
4,8,4,4,3,A,B,C,small,0.6622269543550617,0.1946715484645945,0.6123742710372362,0.021783961173490074,1,0.32066520739491194,0.32066520739491194,0.6036606865678401,0.6387178075410341,0.17753137566793709,0.17753137566793709,0.1861014620662658,0.1861014620662658
4,8,5,1,4,A,B,D,large,1.003977441715024,0.24005105783498945,0.09269567960416389,0,0,0,0,0.09269567960416389,0.09396495840517047,0.155520514247485,0.155520514247485,0.155520514247485,0.155520514247485
4,8,5,2,2,B,A,B,large,0.33134172755774455,1,0.9416865036404237,1,1,0.5416865036404237,0.9475658757802379,0.9550811584492837,0.9550811584492837,0.9891804141050511,0.9891804141050511,0.9945902070525255,0.9945902070525255
4,8,5,3,1,A,B,A,small,-0.014105165237058459,0.09425774297856852,0.7903642246909288,0.4788511710417143,1,0.8229193447922215,0.8229193447922215,0.5988237562742432,0.8083961496550983,0.039893719187647926,0.039893719187647926,0.06707573108310823,0.06707573108310823
4,8,5,4,3,B,A,C,small,0.6710606001216157,0.037067591209174536,0.6339704151882385,0.7832630194833163,1,0.32066520739491194,0.6596619518371777,0.6387178075410341,0.6387178075410341,0.1861014620662658,0.1861014620662658,0.11158452663772017,0.11158452663772017
4,8,6,1,2,A,B,B,large,0.33201967738171073,1,0.9499999999999998,1,1,0.9475658757802379,0.9475658757802379,0.9550811584492837,0.9550811584492837,0.9945902070525255,0.9945902070525255,0.9972951035262627,0.9972951035262627
4,8,6,2,3,B,A,C,small,0.6608247363762894,0,0.9499999999999998,1,1,0.6596619518371777,0.9550811584492837,0.6387178075410341,0.6387178075410341,0.11158452663772017,0.11158452663772017,0.055792263318860086,0.055792263318860086
4,8,6,3,1,B,A,A,small,0.001905935345120357,0,0.9499999999999998,1,1,0.8229193447922215,0.9550811584492837,0.8083961496550983,0.8083961496550983,0.06707573108310823,0.06707573108310823,0.033537865541554114,0.033537865541554114
4,8,6,4,4,A,B,D,large,1.000657351367364,0.07070475650017169,0,-0.6000173150742802,0,0,0,0.09396495840517047,0,0.155520514247485,0.155520514247485,0.155520514247485,0.155520514247485
4,8,7,1,3,A,B,C,small,0.6548758026700204,0,0.9499999999999998,1,1,0.9550811584492837,0.9550811584492837,0.6387178075410341,0.9550811584492837,0.055792263318860086,0.055792263318860086,0.027896131659430043,0.027896131659430043
4,8,7,2,4,B,A,D,large,1.008990373147135,0,0,-1,0,0,0,0,0,0.155520514247485,0.155520514247485,0.155520514247485,0.155520514247485
4,8,7,3,2,B,A,B,large,0.3341042104057383,1,0.9499999999999998,1,1,0.9475658757802379,0.9550811584492837,0.9550811584492837,0.9550811584492837,0.9972951035262627,0.9972951035262627,0.9986475517631314,0.9986475517631314
4,8,7,4,1,A,B,A,small,-0.011670889417264416,0.039544948155224226,0.9499999999999998,0.7693425436190859,1,0.9550811584492837,0.9550811584492837,0.8083961496550983,0.9550811584492837,0.033537865541554114,0.033537865541554114,0.03654140684838917,0.03654140684838917
4,8,8,1,3,B,A,C,small,0.6489159272445882,0.0687240976738244,0.9499999999999998,0.6104691906344637,1,0.9550811584492837,0.9550811584492837,0.9550811584492837,0.9550811584492837,0.027896131659430043,0.027896131659430043,0.04831011466662722,0.04831011466662722
4,8,8,2,2,A,B,B,large,0.33984877019686544,1,0.9499999999999998,1,1,0.9550811584492837,0.9550811584492837,0.9550811584492837,0.9550811584492837,0.9986475517631314,0.9986475517631314,0.9993237758815656,0.9993237758815656
4,8,8,3,1,B,A,A,small,0.013524659964885671,0,0.9499999999999998,1,1,0.9550811584492837,0.9550811584492837,0.9550811584492837,0.9550811584492837,0.03654140684838917,0.03654140684838917,0.018270703424194585,0.018270703424194585
4,8,8,4,4,A,B,D,large,1.0022951625063867,0,0,-1,0,0,0,0,0,0.155520514247485,0.155520514247485,0.155520514247485,0.155520514247485
4,8,9,1,1,B,A,A,small,3.2297290175552966e-4,0,0.9499999999999998,1,1,0.9550811584492837,0.9550811584492837,0.9550811584492837,0.9550811584492837,0.018270703424194585,0.018270703424194585,0.009135351712097292,0.009135351712097292
4,8,9,2,2,A,B,B,large,0.33796941520472396,0.9423722322029374,0.9499999999999998,0.6697961114670244,1,0.9550811584492837,0.9550811584492837,0.9550811584492837,0.9550811584492837,0.9993237758815656,0.9993237758815656,0.9708480040422516,0.9708480040422516
4,8,9,3,3,B,A,C,small,0.6637093341682329,0.10480579294427114,0.9499999999999998,0.42641083194864143,1,0.9550811584492837,0.9550811584492837,0.9550811584492837,0.9550811584492837,0.04831011466662722,0.04831011466662722,0.07655795380544918,0.07655795380544918
4,8,9,4,4,A,B,D,large,0.9822412020743219,0.23326780782277265,0,0,0,0,0,0,0,0.155520514247485,0.155520514247485,0.155520514247485,0.155520514247485
4,8,10,1,4,A,B,D,large,1.0058694647910933,0,0,-1,0,0,0,0,0,0.155520514247485,0.155520514247485,0.155520514247485,0.155520514247485
4,8,10,2,2,B,A,B,large,0.32747289772574295,0.9409729025993779,0.9499999999999998,0.6622417970905888,1,0.9550811584492837,0.9550811584492837,0.9550811584492837,0.9550811584492837,0.9708480040422516,0.9708480040422516,0.9559104533208147,0.9559104533208147
4,8,10,3,3,B,A,C,small,0.6487326930350958,0.05346435330864111,0.9499999999999998,0.6923978404752283,1,0.9550811584492837,0.9550811584492837,0.9550811584492837,0.9550811584492837,0.07655795380544918,0.07655795380544918,0.06501115355704515,0.06501115355704515
4,8,10,4,1,A,B,A,small,0.002588195528392536,0,0.9499999999999998,1,1,0.9550811584492837,0.9550811584492837,0.9550811584492837,0.9550811584492837,0.009135351712097292,0.009135351712097292,0.004567675856048646,0.004567675856048646
4,9,1,1,4,A,B,D,large,0.9797123571441508,0.06097887820626802,0,-0.6517403090954466,0,0.2344481090378705,0.2344481090378705,0.22499000661942553,0,0.155520514247485,0.155520514247485,0.155520514247485,0.155520514247485
4,9,1,2,1,A,B,A,small,-0.004315043875168339,0,0.8291988615536183,1,1,0.0571193601141646,0.0571193601141646,0.42919886155361836,0.8445474079227939,0.004567675856048646,0.004567675856048646,0.002283837928024323,0.002283837928024323
4,9,1,3,2,B,A,B,large,0.3195876243570388,1,0.4944612966568021,1,1,0.09446129665680211,0.5225707201597701,0.13814020417516001,0.13814020417516001,0.9559104533208147,0.9559104533208147,0.9779552266604074,0.9779552266604074
4,9,1,4,3,B,A,C,small,0.6529884361316818,0.23370994016696314,0.137002473456753,0,0,0.13700247345675304,0.1387856412407598,0.4817390467029014,0.4817390467029014,0.06501115355704515,0.06501115355704515,0.06501115355704515,0.06501115355704515
4,9,2,1,2,B,A,B,large,0.33970261910128163,0.7888375199821978,0.5225707201597701,0,1,0.5225707201597701,0.5505379035921298,0.13814020417516001,0.13814020417516001,0.9779552266604074,0.9779552266604074,0.8833963733213026,0.8833963733213026
4,9,2,2,3,B,A,C,small,0.6584266575050227,0.21913772253238836,0.1387856412407598,0,0,0.1387856412407598,0.14058823710021856,0.4817390467029014,0.4817390467029014,0.06501115355704515,0.06501115355704515,0.06501115355704515,0.06501115355704515
4,9,2,3,1,A,B,A,small,-0.001202589125361437,0,0.9499999999999998,1,1,0.0571193601141646,0.0571193601141646,0.8445474079227939,0.9550811584492837,0.002283837928024323,0.002283837928024323,0.0011419189640121616,0.0011419189640121616
4,9,2,4,4,A,B,D,large,1.002385219732479,0.4763265847295961,0,0,0,0.2344481090378705,0.2344481090378705,0,0,0.155520514247485,0.155520514247485,0.155520514247485,0.155520514247485
4,9,3,1,4,A,B,D,large,1.0052982281299867,1,0.4,1,0,0.2344481090378705,0.2344481090378705,0,0.403605340410737,0.155520514247485,0.155520514247485,0.155520514247485,0.155520514247485
4,9,3,2,3,B,A,C,small,0.6734622963452759,0,0.5405882371002187,1,1,0.14058823710021856,0.5683717429055609,0.4817390467029014,0.4817390467029014,0.06501115355704515,0.06501115355704515,0.032505576778522574,0.032505576778522574
4,9,3,3,1,B,A,A,small,-0.006636552457687392,0,0.4571193601141646,1,0,0.0571193601141646,0.46084410482785887,0.9550811584492837,0.9550811584492837,0.0011419189640121616,0.0011419189640121616,0.0011419189640121616,0.0011419189640121616
4,9,3,4,2,A,B,B,large,0.34509058380838725,1,0.5381402041751601,1,1,0.5505379035921298,0.5505379035921298,0.13814020417516001,0.5659528878028491,0.8833963733213026,0.8833963733213026,0.9416981866606513,0.9416981866606513
4,9,4,1,2,A,B,B,large,0.3202925526515729,1,0.9499999999999998,1,1,0.5505379035921298,0.5505379035921298,0.5659528878028491,0.9550811584492837,0.9416981866606513,0.9416981866606513,0.9708490933303257,0.9708490933303257
4,9,4,2,4,B,A,D,large,0.9966463829685122,0.03700020008492628,0,-0.7836426603215185,0,0.2344481090378705,0,0.403605340410737,0.403605340410737,0.155520514247485,0.155520514247485,0.155520514247485,0.155520514247485
4,9,4,3,1,B,A,A,small,-0.005153501889781484,0,0.8608441048278589,1,1,0.46084410482785887,0.8737818044064113,0.9550811584492837,0.9550811584492837,0.0011419189640121616,0.0011419189640121616,5.709594820060808e-4,5.709594820060808e-4
4,9,4,4,3,A,B,C,small,0.67445701906401,0,0.8817390467029014,1,1,0.5683717429055609,0.5683717429055609,0.4817390467029014,0.8929756080660961,0.032505576778522574,0.032505576778522574,0.016252788389261287,0.016252788389261287
4,9,5,1,4,B,A,D,large,1.0150953220274608,0.3457282923148598,0,0,0,0,0,0.403605340410737,0.403605340410737,0.155520514247485,0.155520514247485,0.155520514247485,0.155520514247485
4,9,5,2,2,B,A,B,large,0.3378641734383687,1,0.9499999999999998,1,1,0.5505379035921298,0.9550811584492837,0.9550811584492837,0.9550811584492837,0.9708490933303257,0.9708490933303257,0.9854245466651628,0.9854245466651628
4,9,5,3,3,A,B,C,small,0.6672112624121742,0,0.9499999999999998,1,1,0.5683717429055609,0.5683717429055609,0.8929756080660961,0.9550811584492837,0.016252788389261287,0.016252788389261287,0.008126394194630644,0.008126394194630644
4,9,5,4,1,A,B,A,small,0.0025319093103302343,0,0.9499999999999998,1,1,0.8737818044064113,0.8737818044064113,0.9550811584492837,0.9550811584492837,5.709594820060808e-4,5.709594820060808e-4,2.854797410030404e-4,2.854797410030404e-4
4,9,6,1,4,B,A,D,large,1.0251612100869376,0.05894010122464647,0,-0.6627108319431442,0,0,0,0.403605340410737,0.403605340410737,0.155520514247485,0.155520514247485,0.155520514247485,0.155520514247485
4,9,6,2,3,A,B,C,small,0.6488014769686072,0,0.9499999999999998,1,1,0.5683717429055609,0.5683717429055609,0.9550811584492837,0.9550811584492837,0.008126394194630644,0.008126394194630644,0.004063197097315322,0.004063197097315322
4,9,6,3,2,B,A,B,large,0.3240685573761955,0.9887075528970253,0.9499999999999998,0.9322622912622235,1,0.9550811584492837,0.9550811584492837,0.9550811584492837,0.9550811584492837,0.9854245466651628,0.9854245466651628,0.987066049781094,0.987066049781094
4,9,6,4,1,A,B,A,small,0.014532963704642946,0,0.9499999999999998,1,1,0.8737818044064113,0.8737818044064113,0.9550811584492837,0.9550811584492837,2.854797410030404e-4,2.854797410030404e-4,1.427398705015202e-4,1.427398705015202e-4
4,9,7,1,3,B,A,C,small,0.6749835504193603,0.14194137667778062,0.6685111201597519,0.25034844313547733,1,0.5683717429055609,0.6929524513365454,0.9550811584492837,0.9550811584492837,0.004063197097315322,0.004063197097315322,0.07300228688754797,0.07300228688754797
4,9,7,2,4,A,B,D,large,1.014140917982329,0,0.003605340410736956,-1,0,0,0,0.403605340410737,0.0036596287484168696,0.155520514247485,0.155520514247485,0.155520514247485,0.155520514247485
4,9,7,3,1,B,A,A,small,-0.01507328407012128,0.13244731417032102,0.9499999999999998,0.2941238883274113,1,0.8737818044064113,0.9550811584492837,0.9550811584492837,0.9550811584492837,1.427398705015202e-4,1.427398705015202e-4,0.06629502702041126,0.06629502702041126
4,9,7,4,2,A,B,B,large,0.33011823703683385,1,0.9499999999999998,1,1,0.9550811584492837,0.9550811584492837,0.9550811584492837,0.9550811584492837,0.987066049781094,0.987066049781094,0.993533024890547,0.993533024890547
4,9,8,1,2,A,B,B,large,0.3126107416277765,1,0.9499999999999998,1,1,0.9550811584492837,0.9550811584492837,0.9550811584492837,0.9550811584492837,0.993533024890547,0.993533024890547,0.9967665124452735,0.9967665124452735
4,9,8,2,4,A,B,D,large,0.9918266522669951,0,0,-1,0,0,0,0.0036596287484168696,0,0.155520514247485,0.155520514247485,0.155520514247485,0.155520514247485
4,9,8,3,3,B,A,C,small,0.6622705690192162,0.15315394504070615,0.7728358429620436,0.19970847906374553,1,0.6929524513365454,0.791978655249836,0.9550811584492837,0.9550811584492837,0.07300228688754797,0.07300228688754797,0.11307811596412706,0.11307811596412706
4,9,8,4,1,B,A,A,small,-0.008427954537428875,0.07880447345629585,0.9499999999999998,0.5577036140968413,1,0.9550811584492837,0.9550811584492837,0.9550811584492837,0.9550811584492837,0.06629502702041126,0.06629502702041126,0.07254975023835356,0.07254975023835356
4,9,9,1,3,A,B,C,small,0.6611552519800007,0,0.9499999999999998,1,1,0.791978655249836,0.791978655249836,0.9550811584492837,0.9550811584492837,0.11307811596412706,0.11307811596412706,0.05653905798206353,0.05653905798206353
4,9,9,2,4,A,B,D,large,1.0037687599484328,0.48152119923815895,0,0,0,0,0,0,0,0.155520514247485,0.155520514247485,0.155520514247485,0.155520514247485
4,9,9,3,1,B,A,A,small,-0.016000533176734985,0.035305188733743706,0.9499999999999998,0.7932081771989564,1,0.9550811584492837,0.9550811584492837,0.9550811584492837,0.9550811584492837,0.07254975023835356,0.07254975023835356,0.05392746948604863,0.05392746948604863
4,9,9,4,2,B,A,B,large,0.34479144474284845,0.8851830826099893,0.9499999999999998,0.3776527471953156,1,0.9550811584492837,0.9550811584492837,0.9550811584492837,0.9550811584492837,0.9967665124452735,0.9967665124452735,0.9409747975276315,0.9409747975276315
4,9,10,1,1,A,B,A,small,0.0015386204452352333,0,0.9499999999999998,1,1,0.9550811584492837,0.9550811584492837,0.9550811584492837,0.9550811584492837,0.05392746948604863,0.05392746948604863,0.026963734743024315,0.026963734743024315
4,9,10,2,3,A,B,C,small,0.6715369502486417,0,0.9499999999999998,1,1,0.791978655249836,0.791978655249836,0.9550811584492837,0.9550811584492837,0.05653905798206353,0.05653905798206353,0.028269528991031766,0.028269528991031766
4,9,10,3,4,B,A,D,large,1.0067116131315161,0,0,-1,0,0,0,0,0,0.155520514247485,0.155520514247485,0.155520514247485,0.155520514247485
4,9,10,4,2,B,A,B,large,0.3533761477232767,1,0.9499999999999998,1,1,0.9550811584492837,0.9550811584492837,0.9550811584492837,0.9550811584492837,0.9409747975276315,0.9409747975276315,0.9704873987638157,0.9704873987638157
4,10,1,1,4,B,A,D,large,1.0112110763814086,0,0,-1,0,0.37329320903138224,0,0.16224929700612725,0.16224929700612725,0.155520514247485,0.155520514247485,0.155520514247485,0.155520514247485
4,10,1,2,3,B,A,C,small,0.6607520543206147,0.2895320648541173,0.11906099520805816,0,0,0.11906099520805813,0.12064328902103835,0.1766737175315616,0.1766737175315616,0.028269528991031766,0.028269528991031766,0.028269528991031766,0.028269528991031766
4,10,1,3,2,A,B,B,large,0.32254124663707556,0.6849831463565534,0.32096713686735,0,0,0.05493323234076597,0.05493323234076597,0.32096713686735,0.324245086826292,0.9704873987638157,0.9704873987638157,0.9704873987638157,0.9704873987638157
4,10,1,4,1,A,B,A,small,0.0020028279798231007,0.15684855028227107,0.2953612488047629,0.18326952765461918,0,0.15453945946697414,0.15453945946697414,0.22205343774291522,0.29849264689482735,0.026963734743024315,0.026963734743024315,0.026963734743024315,0.026963734743024315
4,10,2,1,4,B,A,D,large,0.9767088604436674,0,0,-1,0,0,0,0.16224929700612725,0.16224929700612725,0.155520514247485,0.155520514247485,0.155520514247485,0.155520514247485
4,10,2,2,3,B,A,C,small,0.6515540002977436,0.14958882604470986,0.20691803477613643,0.21568686438774534,0,0.12064328902103835,0.2093904019377309,0.1766737175315616,0.1766737175315616,0.028269528991031766,0.028269528991031766,0.028269528991031766,0.028269528991031766
4,10,2,3,2,A,B,B,large,0.32621677771865193,1,0.724245086826292,1,0,0.05493323234076597,0.05493323234076597,0.324245086826292,0.7272307003243911,0.9704873987638157,0.9704873987638157,0.9704873987638157,0.9704873987638157
4,10,2,4,1,A,B,A,small,0.014873371769039547,0.4862354228009192,0.29849264689482735,0,1,0.15453945946697414,0.15453945946697414,0.29849264689482735,0.32256999497080524,0.026963734743024315,0.026963734743024315,0.25659957877197176,0.25659957877197176
4,10,3,1,2,A,B,B,large,0.3379165399727055,0.45085097248008005,0.7272307003243911,0,1,0.05493323234076597,0.05493323234076597,0.7272307003243911,0.7489682894341964,0.9704873987638157,0.9704873987638157,0.7106691856219479,0.7106691856219479
4,10,3,2,4,B,A,D,large,0.9934063390309592,0.6726666843211101,0,0,0,0,0,0.16224929700612725,0.16224929700612725,0.155520514247485,0.155520514247485,0.155520514247485,0.155520514247485
4,10,3,3,1,A,B,A,small,-0.008952801910065311,0.22933099354168665,0.3225699949708052,0,1,0.15453945946697414,0.15453945946697414,0.32256999497080524,0.347627076181376,0.25659957877197176,0.25659957877197176,0.24296528615682922,0.24296528615682922
4,10,3,4,3,B,A,C,small,0.6514879799999334,0.7241759194105676,0.2093904019377309,0,0,0.2093904019377309,0.2118844178723435,0.1766737175315616,0.1766737175315616,0.028269528991031766,0.028269528991031766,0.028269528991031766,0.028269528991031766
4,10,4,1,4,A,B,D,large,0.9754745643895764,0.02125975653154116,0,-0.8737313721091239,0,0,0,0.16224929700612725,0,0.155520514247485,0.155520514247485,0.155520514247485,0.155520514247485
4,10,4,2,2,B,A,B,large,0.34837681731671866,0.8411838234830326,0.12475888212452337,0.17456412445939354,0,0.05493323234076597,0.12640603397892267,0.7489682894341964,0.7489682894341964,0.7106691856219479,0.7106691856219479,0.7106691856219479,0.7106691856219479
4,10,4,3,3,A,B,C,small,0.6487116978294096,0.43181154384161125,0.1766737175315616,0,0,0.2118844178723435,0.2118844178723435,0.1766737175315616,0.17886621151235285,0.028269528991031766,0.028269528991031766,0.028269528991031766,0.028269528991031766
4,10,4,4,1,B,A,A,small,-0.004156238361736639,0,0.5545394594669741,1,1,0.15453945946697414,0.5821314317573273,0.347627076181376,0.347627076181376,0.24296528615682922,0.24296528615682922,0.12148264307841461,0.12148264307841461
4,10,5,1,2,B,A,B,large,0.32576681710155925,0.40599357129709523,0.12640603397892267,0,0,0.12640603397892267,0.12807175049976396,0.7489682894341964,0.7489682894341964,0.7106691856219479,0.7106691856219479,0.7106691856219479,0.7106691856219479
4,10,5,2,3,A,B,C,small,0.6804550048581687,0,0.5788662115123528,1,1,0.2118844178723435,0.2118844178723435,0.17886621151235285,0.6060219028792471,0.028269528991031766,0.028269528991031766,0.014134764495515883,0.014134764495515883
4,10,5,3,1,A,B,A,small,-0.0011747172268563848,0.48138561576074557,0.347627076181376,0,1,0.5821314317573273,0.5821314317573273,0.347627076181376,0.3735572580525196,0.12148264307841461,0.12148264307841461,0.3014341294195801,0.3014341294195801
4,10,5,4,4,B,A,D,large,0.9962561583979124,0,0,-1,0,0,0,0,0,0.155520514247485,0.155520514247485,0.155520514247485,0.155520514247485
4,10,6,1,3,B,A,C,small,0.6767454670202966,0.10750170976625861,0.37715820478441964,0.4131844672801903,1,0.2118844178723435,0.4039272813896944,0.6060219028792471,0.6060219028792471,0.014134764495515883,0.014134764495515883,0.06081823713088725,0.06081823713088725
4,10,6,2,1,A,B,A,small,0.010525270160515328,0.37809181961474725,0.3735572580525196,0,0,0.5821314317573273,0.5821314317573273,0.3735572580525196,0.3770740456922108,0.3014341294195801,0.3014341294195801,0.3014341294195801,0.3014341294195801
4,10,6,3,4,A,B,D,large,0.9878998351348351,0.15278669654059665,0,-0.2013491790062521,0,0,0,0,0,0.155520514247485,0.155520514247485,0.155520514247485,0.155520514247485
4,10,6,4,2,B,A,B,large,0.3293800183044165,1,0.528071750499764,1,0,0.12807175049976396,0.5318082867256406,0.7489682894341964,0.7489682894341964,0.7106691856219479,0.7106691856219479,0.7106691856219479,0.7106691856219479
4,10,7,1,4,A,B,D,large,1.0111377177086462,0,0,-1,0,0,0,0,0,0.155520514247485,0.155520514247485,0.155520514247485,0.155520514247485
4,10,7,2,1,B,A,A,small,-0.00702391205977956,0.5096054051975605,0.5821314317573273,0,0,0.5821314317573273,0.5857756902240162,0.3770740456922108,0.3770740456922108,0.3014341294195801,0.3014341294195801,0.3014341294195801,0.3014341294195801
4,10,7,3,3,A,B,C,small,0.6844693921831421,0,0.9499999999999998,1,1,0.4039272813896944,0.4039272813896944,0.6060219028792471,0.9550811584492837,0.06081823713088725,0.06081823713088725,0.030409118565443625,0.030409118565443625
4,10,7,4,2,B,A,B,large,0.33619892711848115,0.7848985546534812,0.5318082867256406,0,1,0.5318082867256406,0.55969028847436475,0.7489682894341964,0.7489682894341964,0.7106691856219479,0.7106691856219479,0.7477838701377146,0.7477838701377146
4,10,8,1,4,A,B,D,large,0.9983624844970403,0.04522171455295655,0,-0.7377032253926704,0,0,0,0,0,0.155520514247485,0.155520514247485,0.155520514247485,0.155520514247485
4,10,8,2,3,A,B,C,small,0.6586103049719203,0,0.9499999999999998,1,1,0.4039272813896944,0.4039272813896944,0.9550811584492837,0.9550811584492837,0.030409118565443625,0.030409118565443625,0.015204559282721812,0.015204559282721812
4,10,8,3,2,B,A,B,large,0.33429874395471726,0.34856876909840523,0.55969028847436475,0,1,0.55969028847436475,0.5872007131728014,0.7489682894341964,0.7489682894341964,0.7477838701377146,0.7477838701377146,0.5481763196180599,0.5481763196180599
4,10,8,4,1,B,A,A,small,-0.00507343842627753,0.16712293782160179,0.6410507496896001,0.1381876486639598,1,0.5857756902240162,0.6665067433724624,0.3770740456922108,0.3770740456922108,0.3014341294195801,0.3014341294195801,0.23427853362059092,0.23427853362059092
4,10,9,1,3,B,A,C,small,0.6595917338266245,0,0.8039272813896944,1,1,0.4039272813896944,0.821056706172792,0.9550811584492837,0.9550811584492837,0.015204559282721812,0.015204559282721812,0.007602279641360906,0.007602279641360906
4,10,9,2,1,B,A,A,small,-0.0027834686813322336,0.24281696464214092,0.6665067433724624,0,0,0.6665067433724624,0.6698325071493622,0.3770740456922108,0.3770740456922108,0.23427853362059092,0.23427853362059092,0.23427853362059092,0.23427853362059092
4,10,9,3,4,A,B,D,large,0.9895971469714414,0.33737276395328925,0,0,0,0,0,0,0,0.155520514247485,0.155520514247485,0.155520514247485,0.155520514247485
4,10,9,4,2,A,B,B,large,0.3323127563246248,0.2220691699633728,0.7489682894341964,0,0,0.5872007131728014,0.5872007131728014,0.7489682894341964,0.7517779658109841,0.5481763196180599,0.5481763196180599,0.5481763196180599,0.5481763196180599
4,10,10,1,2,A,B,B,large,0.3315389967706574,0.038248332597930285,0.44113007304702795,-0.7766197319098903,1,0.5872007131728014,0.5872007131728014,0.7517779658109841,0.469020490410475,0.5481763196180599,0.5481763196180599,0.2932123261079951,0.2932123261079951
4,10,10,2,3,B,A,C,small,0.6823081967652939,0.09747981184654175,0.9499999999999998,0.46271492664757474,1,0.821056706172792,0.9550811584492837,0.9550811584492837,0.9550811584492837,0.007602279641360906,0.007602279641360906,0.05254104574395133,0.05254104574395133
4,10,10,3,4,A,B,D,large,0.9984419802174811,0,0,-1,0,0,0,0,0,0.155520514247485,0.155520514247485,0.155520514247485,0.155520514247485
4,10,10,4,1,B,A,A,small,0.00978006237210094,0.319359987580492,0.6698325071493622,0,1,0.6698325071493622,0.6942209739312768,0.3770740456922108,0.3770740456922108,0.23427853362059092,0.23427853362059092,0.27681926060054146,0.27681926060054146
5,1,1,1,1,B,A,A,small,0.005323239817436263,0.10332931793845081,0.37501665816155144,0.43368480657768665,1,0.20154273553047677,0.4017317752514711,0.2921218553969254,0.2921218553969254,0.27681926060054146,0.27681926060054146,0.19007428926949613,0.19007428926949613
5,1,1,2,3,A,B,C,small,0.6626068939964291,0,0.6210141851299661,1,0,0.13519824074713352,0.13519824074713352,0.22101418512996604,0.6245380559871909,0.05254104574395133,0.05254104574395133,0.05254104574395133,0.05254104574395133
5,1,1,3,2,A,B,B,large,0.33233454910984306,0,0,-1,0,0.332612936536703,0.332612936536703,0.19535700602271402,0,0.2932123261079951,0.2932123261079951,0.2932123261079951,0.2932123261079951
5,1,1,4,4,B,A,D,large,1.0181877070304446,0,0,-1,0,0.07307840676131308,0,0.07776183738121867,0.07776183738121867,0.155520514247485,0.155520514247485,0.155520514247485,0.155520514247485
5,1,2,1,3,B,A,C,small,0.6557969672819758,0,0.5351982407471335,1,0,0.13519824074713352,0.5389276180664848,0.6245380559871909,0.6245380559871909,0.05254104574395133,0.05254104574395133,0.05254104574395133,0.05254104574395133
5,1,2,2,1,A,B,A,small,-0.0039152500094220034,0.4469853287435396,0.2921218553969254,0,0,0.4017317752514711,0.4017317752514711,0.2921218553969254,0.2952332992300841,0.19007428926949613,0.19007428926949613,0.19007428926949613,0.19007428926949613
5,1,2,3,4,B,A,D,large,1.0021817592149076,0,0,-1,0,0,0,0.07776183738121867,0.07776183738121867,0.155520514247485,0.155520514247485,0.155520514247485,0.155520514247485
5,1,2,4,2,A,B,B,large,0.32814574439721056,0.09970979819408121,0,-0.4516078016486558,0,0.332612936536703,0.332612936536703,0,0,0.2932123261079951,0.2932123261079951,0.2932123261079951,0.2932123261079951
5,1,3,1,3,A,B,C,small,0.6801510184734787,0,0.9499999999999998,1,1,0.5389276180664848,0.5389276180664848,0.6245380559871909,0.9550811584492837,0.05254104574395133,0.05254104574395133,0.026270522871975666,0.026270522871975666
5,1,3,2,2,B,A,B,large,0.3359970702608604,0.2832563969288261,0.332612936536703,0,0,0.332612936536703,0.3359509786895295,0,0,0.2932123261079951,0.2932123261079951,0.2932123261079951,0.2932123261079951
5,1,3,3,1,B,A,A,small,-0.0115850094134242,0.2644544757556609,0.4017317752514711,0,0,0.4017317752514711,0.40534217971727504,0.2952332992300841,0.2952332992300841,0.19007428926949613,0.19007428926949613,0.19007428926949613,0.19007428926949613
5,1,3,4,4,A,B,D,large,1.0064064031655706,0,0,-1,0,0,0,0.07776183738121867,0,0.155520514247485,0.155520514247485,0.155520514247485,0.155520514247485
5,1,4,1,4,A,B,D,large,1.0031744772501452,0.07082588610628449,0,-0.5993794603393396,0,0,0,0,0,0.155520514247485,0.155520514247485,0.155520514247485,0.155520514247485
5,1,4,2,2,B,A,B,large,0.31418078761516877,0.21356088602673512,0.3359509786895295,0,1,0.3359509786895295,0.36149282446320813,0,0,0.2932123261079951,0.2932123261079951,0.25338660606736507,0.25338660606736507
5,1,4,3,3,B,A,C,small,0.6664445908585442,0.08953201862974342,0.7400102876705661,0.5027066740102032,1,0.5389276180664848,0.7610640555612156,0.9550811584492837,0.9550811584492837,0.026270522871975666,0.026270522871975666,0.05790127075085954,0.05790127075085954
5,1,4,4,1,A,B,A,small,-0.0022788271278672517,0.25257705540485,0.2952332992300841,0,0,0.40534217971727504,0.40534217971727504,0.2952332992300841,0.2983639151936255,0.19007428926949613,0.19007428926949613,0.19007428926949613,0.19007428926949613
5,1,5,1,4,B,A,D,large,1.0048509442493891,0,0,-1,0,0,0,0,0,0.155520514247485,0.155520514247485,0.155520514247485,0.155520514247485
5,1,5,2,2,A,B,B,large,0.3480979322899399,0.21560800366343874,0,0,0,0.36149282446320813,0.36149282446320813,0,0,0.25338660606736507,0.25338660606736507,0.25338660606736507,0.25338660606736507
5,1,5,3,3,A,B,C,small,0.6575792172172458,0.1370253194370955,0.9499999999999998,0.2729117338129341,1,0.7610640555612156,0.7610640555612156,0.9550811584492837,0.9550811584492837,0.05790127075085954,0.05790127075085954,0.09746329509397753,0.09746329509397753
5,1,5,4,1,B,A,A,small,-0.0021678925560168726,0,0.8053421797172751,1,1,0.40534217971727504,0.8223753062755449,0.2983639151936255,0.2983639151936255,0.19007428926949613,0.19007428926949613,0.09503714463474806,0.09503714463474806
5,1,6,1,3,B,A,C,small,0.681595762620509,0.02340018476639666,0.9499999999999998,0.8613136226988503,1,0.7610640555612156,0.9550811584492837,0.9550811584492837,0.9550811584492837,0.09746329509397753,0.09746329509397753,0.06043173993018709,0.06043173993018709
5,1,6,2,1,A,B,A,small,0.0011600578901274777,0.06231776022866206,0.556187983276717,0.6445601702077288,0,0.8223753062755449,0.8223753062755449,0.2983639151936255,0.5598874395953541,0.09503714463474806,0.09503714463474806,0.09503714463474806,0.09503714463474806
5,1,6,3,2,A,B,B,large,0.3420840983345663,0.22354023085317365,0,0,0,0.36149282446320813,0.36149282446320813,0,0,0.25338660606736507,0.25338660606736507,0.25338660606736507,0.25338660606736507
5,1,6,4,4,B,A,D,large,1.0004473540107721,0,0,-1,0,0,0,0,0,0.155520514247485,0.155520514247485,0.155520514247485,0.155520514247485
5,1,7,1,2,B,A,B,large,0.3362674922834533,0.4726607227659308,0.36149282446320813,0,0,0.36149282446320813,0.3649622038565703,0,0,0.25338660606736507,0.25338660606736507,0.25338660606736507,0.25338660606736507
5,1,7,2,3,A,B,C,small,0.6672477728540452,0,0.9499999999999998,1,1,0.9550811584492837,0.9550811584492837,0.9550811584492837,0.9550811584492837,0.06043173993018709,0.06043173993018709,0.030215869965093546,0.030215869965093546
5,1,7,3,4,B,A,D,large,1.0121346707170444,0.4253479419726475,0,0,0,0,0,0,0,0.155520514247485,0.155520514247485,0.155520514247485,0.155520514247485
5,1,7,4,1,A,B,A,small,9.813374229250649e-4,0,0.9499999999999998,1,1,0.8223753062755449,0.8223753062755449,0.5598874395953541,0.9550811584492837,0.09503714463474806,0.09503714463474806,0.04751857231737403,0.04751857231737403
5,1,8,1,2,A,B,B,large,0.33841425502866906,0.5639507061979498,0,0,0,0.3649622038565703,0.3649622038565703,0,0,0.25338660606736507,0.25338660606736507,0.25338660606736507,0.25338660606736507
5,1,8,2,4,A,B,D,large,0.9941261904251953,0.5353867071164695,0,0,0,0,0,0,0,0.155520514247485,0.155520514247485,0.155520514247485,0.155520514247485
5,1,8,3,3,B,A,C,small,0.6679422145445877,0,0.9499999999999998,1,1,0.9550811584492837,0.9550811584492837,0.9550811584492837,0.9550811584492837,0.030215869965093546,0.030215869965093546,0.015107934982546773,0.015107934982546773
5,1,8,4,1,B,A,A,small,-0.012786976200267135,0.06082400291275824,0.9499999999999998,0.6525721136227852,1,0.8223753062755449,0.9550811584492837,0.9550811584492837,0.9550811584492837,0.04751857231737403,0.04751857231737403,0.054171287615066135,0.054171287615066135
5,1,9,1,2,B,A,B,large,0.33430466563196243,0.2248034924492338,0.3649622038565703,0,0,0.3649622038565703,0.3684456664327213,0,0,0.25338660606736507,0.25338660606736507,0.25338660606736507,0.25338660606736507
5,1,9,2,1,B,A,A,small,-0.004814544467428809,0.11174327005284608,0.9499999999999998,0.39251889120413075,1,0.9550811584492837,0.9550811584492837,0.9550811584492837,0.9550811584492837,0.054171287615066135,0.054171287615066135,0.08295727883395611,0.08295727883395611
5,1,9,3,4,A,B,D,large,1.031904114742866,0.07044002882883514,0,-0.6014118789071452,0,0,0,0,0,0.155520514247485,0.155520514247485,0.155520514247485,0.155520514247485
5,1,9,4,3,A,B,C,small,0.658711667762372,0.1121261175378625,0.9499999999999998,0.39066220707884547,1,0.9550811584492837,0.9550811584492837,0.9550811584492837,0.9550811584492837,0.015107934982546773,0.015107934982546773,0.06361702626020464,0.06361702626020464
5,1,10,1,4,A,B,D,large,1.007580713240816,0.36448341632914616,0,0,0,0,0,0,0,0.155520514247485,0.155520514247485,0.155520514247485,0.155520514247485
5,1,10,2,2,A,B,B,large,0.34196032478173183,0,0,-1,0,0.3684456664327213,0.3684456664327213,0,0,0.25338660606736507,0.25338660606736507,0.25338660606736507,0.25338660606736507
5,1,10,3,1,B,A,A,small,-0.004564738952833188,0.18716327901435964,0.9499999999999998,0.05287624521471521,1,0.9550811584492837,0.9550811584492837,0.9550811584492837,0.9550811584492837,0.08295727883395611,0.08295727883395611,0.13506027892415787,0.13506027892415787
5,1,10,4,3,B,A,C,small,0.6597662880248217,0,0.9499999999999998,1,1,0.9550811584492837,0.9550811584492837,0.9550811584492837,0.9550811584492837,0.06361702626020464,0.06361702626020464,0.03180851313010232,0.03180851313010232
5,2,1,1,2,A,B,B,large,0.3230099383322446,0.40728168195747305,0.0924813298763678,0,0,0.42117604228846994,0.42117604228846994,0.09248132987636783,0.0937479768637732,0.25338660606736507,0.25338660606736507,0.25338660606736507,0.25338660606736507
5,2,1,2,1,B,A,A,small,0.009637675250228819,0,0.6584424799949968,1,1,0.2584424799949968,0.683274468630197,0.17971424434161146,0.17971424434161146,0.13506027892415787,0.13506027892415787,0.06753013946207893,0.06753013946207893
5,2,1,3,4,A,B,D,large,1.0192396041762648,0.45187764624519816,0.31767586575288903,0,0,0.2710682543776321,0.2710682543776321,0.31767586575288903,0.3209360895371718,0.155520514247485,0.155520514247485,0.155520514247485,0.155520514247485
5,2,1,4,3,B,A,C,small,0.6687564266629706,0,0.7398284062304883,1,1,0.33982840623048827,0.7608921437142477,0.17131827999800975,0.17131827999800975,0.03180851313010232,0.03180851313010232,0.01590425656505116,0.01590425656505116
5,2,2,1,3,B,A,C,small,0.6565511121800159,0.5074003873196026,0.7608921437142477,0,1,0.7608921437142477,0.7807559093243217,0.17131827999800975,0.17131827999800975,0.01590425656505116,0.01590425656505116,0.26165232194232685,0.26165232194232685
5,2,2,2,2,A,B,B,large,0.34015444152706314,0.3510188291072692,0.0937479768637732,0,0,0.42117604228846994,0.42117604228846994,0.0937479768637732,0.09503015554372023,0.25338660606736507,0.25338660606736507,0.25338660606736507,0.25338660606736507
5,2,2,3,4,A,B,D,large,1.0029835324213987,0,0,-1,0,0.2710682543776321,0.2710682543776321,0.3209360895371718,0,0.155520514247485,0.155520514247485,0.155520514247485,0.155520514247485
5,2,2,4,1,B,A,A,small,-0.007892899624997767,0.37841329766213117,0.683274468630197,0,1,0.683274468630197,0.7071041886334327,0.17971424434161146,0.17971424434161146,0.06753013946207893,0.06753013946207893,0.22297171856210504,0.22297171856210504
5,2,3,1,3,A,B,C,small,0.6585545010451627,0.23562828038365327,0.17131827999800975,0,0,0.7807559093243217,0.7807559093243217,0.17131827999800975,0.17345831563545272,0.26165232194232685,0.26165232194232685,0.26165232194232685,0.26165232194232685
5,2,3,2,1,A,B,A,small,0.008324867480896468,0.006616402749768914,0.5637646705932995,0.96012606562922,1,0.7071041886334327,0.7071041886334327,0.17971424434161146,0.5912064623040374,0.22297171856210504,0.22297171856210504,0.11479406065593697,0.11479406065593697
5,2,3,3,4,B,A,D,large,1.0164852807081015,1,0.6710682543776321,1,1,0.2710682543776321,0.6954069484483187,0,0,0.155520514247485,0.155520514247485,0.5777602571237425,0.5777602571237425
5,2,3,4,2,B,A,B,large,0.32991513383338544,0,0.021176042288469917,-1,0,0.42117604228846994,0.021489199890041492,0.09503015554372023,0.09503015554372023,0.25338660606736507,0.25338660606736507,0.25338660606736507,0.25338660606736507
5,2,4,1,2,A,B,B,large,0.32607284710482043,0,0,-1,0,0.021489199890041492,0.021489199890041492,0.09503015554372023,0,0.25338660606736507,0.25338660606736507,0.25338660606736507,0.25338660606736507
5,2,4,2,3,B,A,C,small,0.6535762576246329,0.5142520616753572,0.7807559093243217,0,1,0.7807559093243217,0.7994045406607616,0.17345831563545272,0.17345831563545272,0.26165232194232685,0.26165232194232685,0.387952191808842,0.387952191808842
5,2,4,3,1,B,A,A,small,0.028695465789657048,0,0.9499999999999998,1,1,0.7071041886334327,0.9550811584492837,0.5912064623040374,0.5912064623040374,0.11479406065593697,0.11479406065593697,0.05739703032796849,0.05739703032796849
5,2,4,4,4,A,B,D,large,0.9961622526018833,1,0.4,1,0,0.6954069484483187,0.6954069484483187,0,0.403605340410737,0.5777602571237425,0.5777602571237425,0.5777602571237425,0.5777602571237425
5,2,5,1,1,A,B,A,small,5.401744489410646e-4,0.17520773553158414,0.6325499854092242,0.1033588077629672,0,0.9550811584492837,0.9550811584492837,0.5912064623040374,0.6360294596259976,0.05739703032796849,0.05739703032796849,0.05739703032796849,0.05739703032796849
5,2,5,2,3,B,A,C,small,0.6703300800258396,0,0.9499999999999998,1,1,0.7994045406607616,0.9550811584492837,0.17345831563545272,0.17345831563545272,0.387952191808842,0.387952191808842,0.193976095904421,0.193976095904421
5,2,5,3,2,B,A,B,large,0.3492571928106408,0,0,-1,0,0.021489199890041492,0,0,0,0.25338660606736507,0.25338660606736507,0.25338660606736507,0.25338660606736507
5,2,5,4,4,A,B,D,large,0.9951101980517603,0.49520731749058516,0.403605340410737,0,0,0.6954069484483187,0.6954069484483187,0.403605340410737,0.4072211217893575,0.5777602571237425,0.5777602571237425,0.5777602571237425,0.5777602571237425
5,2,6,1,2,A,B,B,large,0.3310423213446575,0.6141804140513307,0,0,0,0,0,0,0,0.25338660606736507,0.25338660606736507,0.25338660606736507,0.25338660606736507
5,2,6,2,1,A,B,A,small,-0.006269683225404933,0,0.9499999999999998,1,1,0.9550811584492837,0.9550811584492837,0.6360294596259976,0.9550811584492837,0.05739703032796849,0.05739703032796849,0.028698515163984244,0.028698515163984244
5,2,6,3,3,B,A,C,small,0.663330280939757,0,0.9499999999999998,1,1,0.9550811584492837,0.9550811584492837,0.17345831563545272,0.17345831563545272,0.193976095904421,0.193976095904421,0.0969880479522105,0.0969880479522105
5,2,6,4,4,B,A,D,large,1.0020003907448534,0.597888744902333,0.6954069484483186,0,1,0.6954069484483187,0.7186996510692211,0.4072211217893575,0.4072211217893575,0.5777602571237425,0.5777602571237425,0.5878245010130377,0.5878245010130377
5,2,7,1,3,A,B,C,small,0.6725389469152468,0.08449118708177228,0.384819352984088,0.5284025933715882,1,0.9550811584492837,0.9550811584492837,0.17345831563545272,0.41177269787664406,0.0969880479522105,0.0969880479522105,0.09073961751699139,0.09073961751699139
5,2,7,2,2,B,A,B,large,0.33043250758810955,0.02490325050176376,0,-0.8526252653006815,0,0,0,0,0,0.25338660606736507,0.25338660606736507,0.25338660606736507,0.25338660606736507
5,2,7,3,1,A,B,A,small,0.018546343232725866,0.023199033976693637,0.9499999999999998,0.8624783423852069,1,0.9550811584492837,0.9550811584492837,0.9550811584492837,0.9550811584492837,0.028698515163984244,0.028698515163984244,0.02594877457033894,0.02594877457033894
5,2,7,4,4,B,A,D,large,0.9998960156405584,0.7079325123296311,0.7186996510692211,0,0,0.7186996510692211,0.721722235762039,0.4072211217893575,0.4072211217893575,0.5878245010130377,0.5878245010130377,0.5878245010130377,0.5878245010130377
5,2,8,1,2,B,A,B,large,0.2959446161020809,0.4777144106462607,0,0,0,0,0,0,0,0.25338660606736507,0.25338660606736507,0.25338660606736507,0.25338660606736507
5,2,8,2,1,B,A,A,small,-0.0016858761218551416,0,0.9499999999999998,1,1,0.9550811584492837,0.9550811584492837,0.9550811584492837,0.9550811584492837,0.02594877457033894,0.02594877457033894,0.01297438728516947,0.01297438728516947
5,2,8,3,3,A,B,C,small,0.6487538826850789,0.08478447990678416,0.6225328612382777,0.526900408404084,0,0.9550811584492837,0.9550811584492837,0.41177269787664406,0.6260511142159744,0.09073961751699139,0.09073961751699139,0.09073961751699139,0.09073961751699139
5,2,8,4,4,A,B,D,large,1.0054617615141088,0.741619815100857,0.4072211217893575,0,1,0.721722235762039,0.721722235762039,0.4072211217893575,0.4346349591487813,0.5878245010130377,0.5878245010130377,0.6647221580569473,0.6647221580569473
5,2,9,1,2,B,A,B,large,0.345028404554274,0.27896302127407985,0,0,0,0,0,0,0,0.25338660606736507,0.25338660606736507,0.25338660606736507,0.25338660606736507
5,2,9,2,1,A,B,A,small,-3.5550909210620813e-4,0,0.9499999999999998,1,1,0.9550811584492837,0.9550811584492837,0.9550811584492837,0.9550811584492837,0.01297438728516947,0.01297438728516947,0.006487193642584735,0.006487193642584735
5,2,9,3,4,A,B,D,large,1.003326212896432,0.8710978488505202,0.558908691592159,0.3106843311084437,0,0.721722235762039,0.721722235762039,0.4346349591487813,0.5626033041373923,0.6647221580569473,0.6647221580569473,0.6647221580569473,0.6647221580569473
5,2,9,4,3,B,A,C,small,0.6709420817229259,0.5264886235573975,0.9499999999999998,0,1,0.9550811584492837,0.9550811584492837,0.6260511142159744,0.6260511142159744,0.09073961751699139,0.09073961751699139,0.3086141205371944,0.3086141205371944
5,2,10,1,4,A,B,D,large,0.9932574654072118,0.7017882078144674,0.5626033041373923,0,1,0.721722235762039,0.721722235762039,0.5626033041373923,0.590065030251676,0.6647221580569473,0.6647221580569473,0.6832551829357074,0.6832551829357074
5,2,10,2,3,A,B,C,small,0.6633532435095523,0.3854697773251387,0.6260511142159744,0,1,0.9550811584492837,0.9550811584492837,0.6260511142159744,0.6519933788433451,0.3086141205371944,0.3086141205371944,0.3470419489311666,0.3470419489311666
5,2,10,3,1,B,A,A,small,-2.9836172796711385e-5,0.14064612449412195,0.9499999999999998,0.256271770247539,1,0.9550811584492837,0.9550811584492837,0.9550811584492837,0.9550811584492837,0.006487193642584735,0.006487193642584735,0.07356665906835334,0.07356665906835334
5,2,10,4,2,B,A,B,large,0.33264078810535663,0.12433705849123584,0,-0.33218283158072653,0,0,0,0,0,0.25338660606736507,0.25338660606736507,0.25338660606736507,0.25338660606736507
5,3,1,1,2,B,A,B,large,0.3319036542082883,0.31745002478124196,0.1524338518679131,0,0,0.1524338518679131,0.1543819382647974,0.15854286456887434,0.15854286456887434,0.25338660606736507,0.25338660606736507,0.25338660606736507,0.25338660606736507
5,3,1,2,1,A,B,A,small,0.0037773753894131,0.4974005067012534,0.30578971214992107,0,0,0.188109366531424,0.188109366531424,0.30578971214992107,0.3089831908300238,0.07356665906835334,0.07356665906835334,0.07356665906835334,0.07356665906835334
5,3,1,3,3,A,B,C,small,0.6861573776392381,0.5262826120401578,0.18248403467015706,0,0,0.18081044500910198,0.18081044500910198,0.18248403467015703,0.18473245533068505,0.3470419489311666,0.3470419489311666,0.3470419489311666,0.3470419489311666
5,3,1,4,4,B,A,D,large,0.9875913909674634,1,0.5596298443649745,1,1,0.15962984436497457,0.5871412598146418,0.13374285364335184,0.13374285364335184,0.6832551829357074,0.6832551829357074,0.8416275914678537,0.8416275914678537
5,3,2,1,2,A,B,B,large,0.3319156384443269,0.046789918214841665,0,-0.7290260185101602,0,0.1543819382647974,0.1543819382647974,0.15854286456887434,0,0.25338660606736507,0.25338660606736507,0.25338660606736507,0.25338660606736507
5,3,2,2,1,B,A,A,small,0.014551704231860248,0.22246851932010878,0.188109366531424,0,0,0.188109366531424,0.19041095452418516,0.3089831908300238,0.3089831908300238,0.07356665906835334,0.07356665906835334,0.07356665906835334,0.07356665906835334
5,3,2,3,4,B,A,D,large,0.9801597572702172,1,0.9499999999999998,1,1,0.5871412598146418,0.9550811584492837,0.13374285364335184,0.13374285364335184,0.8416275914678537,0.8416275914678537,0.9208137957339269,0.9208137957339269
5,3,2,4,3,A,B,C,small,0.6636986657173349,0.2790187968592193,0.18473245533068505,0,0,0.18081044500910198,0.18081044500910198,0.18473245533068505,0.18700224225376497,0.3470419489311666,0.3470419489311666,0.3470419489311666,0.3470419489311666
5,3,3,1,2,A,B,B,large,0.32843803425194656,0.7191639397315596,0,0,0,0.1543819382647974,0.1543819382647974,0,0,0.25338660606736507,0.25338660606736507,0.25338660606736507,0.25338660606736507
5,3,3,2,3,A,B,C,small,0.6687435504176965,0.7263151767572434,0.18700224225376497,0,0,0.18081044500910198,0.18081044500910198,0.18700224225376497,0.18929344245649976,0.3470419489311666,0.3470419489311666,0.3470419489311666,0.3470419489311666
5,3,3,3,1,B,A,A,small,0.0035700599570927974,0.052199643043168396,0.47013129993518604,0.699300863527502,0,0.19041095452418516,0.4738695225928907,0.3089831908300238,0.3089831908300238,0.07356665906835334,0.07356665906835334,0.07356665906835334,0.07356665906835334
5,3,3,4,4,B,A,D,large,0.9967904360237588,0.40213235519623974,0.9499999999999998,0,1,0.9550811584492837,0.9550811584492837,0.13374285364335184,0.13374285364335184,0.9208137957339269,0.9208137957339269,0.6614730754650833,0.6614730754650833
5,3,4,1,2,A,B,B,large,0.34084685671195775,0.37329521501352203,0,0,0,0.1543819382647974,0.1543819382647974,0,0,0.25338660606736507,0.25338660606736507,0.25338660606736507,0.25338660606736507
5,3,4,2,1,A,B,A,small,-0.005455054491543672,0,0.7089831908300238,1,0,0.4738695225928907,0.4738695225928907,0.3089831908300238,0.7120683521698079,0.07356665906835334,0.07356665906835334,0.07356665906835334,0.07356665906835334
5,3,4,3,3,B,A,C,small,0.6685765208041771,0.8731322125887769,0.052714217980909146,-0.3202405675704821,1,0.18081044500910198,0.05862305365099697,0.18929344245649976,0.18929344245649976,0.3470419489311666,0.3470419489311666,0.6100870807599718,0.6100870807599718
5,3,4,4,4,B,A,D,large,0.9802312078656193,0.8494408889446166,0.9499999999999998,0.211326886844345,1,0.9550811584492837,0.9550811584492837,0.13374285364335184,0.13374285364335184,0.6614730754650833,0.6614730754650833,0.7554569822048499,0.7554569822048499
5,3,5,1,1,A,B,A,small,0.01175208659104185,0,0.9499999999999998,1,1,0.4738695225928907,0.4738695225928907,0.7120683521698079,0.9550811584492837,0.07356665906835334,0.07356665906835334,0.03678332953417667,0.03678332953417667
5,3,5,2,3,A,B,C,small,0.6515979697461294,0.24300347999956806,0.18929344245649976,0,1,0.05862305365099697,0.05862305365099697,0.18929344245649976,0.2071636544977883,0.6100870807599718,0.6100870807599718,0.4265452803797699,0.4265452803797699
5,3,5,3,2,B,A,B,large,0.34691765751849024,0.5490459109601182,0.1543819382647974,0,0,0.1543819382647974,0.15635032835617943,0,0,0.25338660606736507,0.25338660606736507,0.25338660606736507,0.25338660606736507
5,3,5,4,4,B,A,D,large,0.9922178379228204,0.44907458013610546,0.9499999999999998,0,1,0.9550811584492837,0.9550811584492837,0.13374285364335184,0.13374285364335184,0.7554569822048499,0.7554569822048499,0.6022657811704777,0.6022657811704777
5,3,6,1,3,B,A,C,small,0.6687938155048951,0.24215034004144126,0.05862305365099697,0,0,0.05862305365099697,0.059456350867922315,0.2071636544977883,0.2071636544977883,0.4265452803797699,0.4265452803797699,0.4265452803797699,0.4265452803797699
5,3,6,2,4,A,B,D,large,0.9918429373632333,0.5555245430484324,0.13374285364335184,0,0,0.9550811584492837,0.9550811584492837,0.13374285364335184,0.1354902564020322,0.6022657811704777,0.6022657811704777,0.6022657811704777,0.6022657811704777
5,3,6,3,2,B,A,B,large,0.34201874189184195,0.007184780323134155,0,-0.9567252692150489,0,0.15635032835617943,0,0,0,0.25338660606736507,0.25338660606736507,0.25338660606736507,0.25338660606736507
5,3,6,4,1,A,B,A,small,0.0012128099570930277,0.0470200777841422,0.9499999999999998,0.7277547850038191,1,0.4738695225928907,0.4738695225928907,0.9550811584492837,0.9550811584492837,0.03678332953417667,0.03678332953417667,0.041901703659159434,0.041901703659159434
5,3,7,1,2,A,B,B,large,0.34974527646392867,1,0.4,1,1,0,0,0,0.42727811497338447,0.25338660606736507,0.25338660606736507,0.6266933030336825,0.6266933030336825
5,3,7,2,4,A,B,D,large,1.0125948078799656,0.5672902789320855,0.13549025640203216,0,0,0.9550811584492837,0.9550811584492837,0.1354902564020322,0.13725687221057323,0.6022657811704777,0.6022657811704777,0.6022657811704777,0.6022657811704777
5,3,7,3,1,B,A,A,small,0.0030760963959600295,0.2996856357227,0.4738695225928907,0,0,0.4738695225928907,0.47761067679094843,0.9550811584492837,0.9550811584492837,0.041901703659159434,0.041901703659159434,0.041901703659159434,0.041901703659159434
5,3,7,4,3,B,A,C,small,0.6664364956945367,0.6536366325169446,0.059456350867922315,0,0,0.059456350867922315,0.06030073424998015,0.2071636544977883,0.2071636544977883,0.4265452803797699,0.4265452803797699,0.4265452803797699,0.4265452803797699
5,3,8,1,4,A,B,D,large,0.9875658614405636,0.693902621499776,0.13725687221057323,0,0,0.9550811584492837,0.9550811584492837,0.13725687221057323,0.13904281766444465,0.6022657811704777,0.6022657811704777,0.6022657811704777,0.6022657811704777
5,3,8,2,3,A,B,C,small,0.6746290278747888,0.5471700424348834,0.2071636544977883,0,0,0.06030073424998015,0.06030073424998015,0.2071636544977883,0.20963818068999449,0.4265452803797699,0.4265452803797699,0.4265452803797699,0.4265452803797699
5,3,8,3,1,B,A,A,small,0.011945627784257538,0.05904886457329917,0.7424604581514396,0.6621244534012278,1,0.47761067679094843,0.763379256304475,0.9550811584492837,0.9550811584492837,0.041901703659159434,0.041901703659159434,0.0504752841162293,0.0504752841162293
5,3,8,4,2,B,A,B,large,0.3248269498669835,0.907917958620353,0.19592245233666344,0.4898061308416586,0,0,0.19829628795421542,0.42727811497338447,0.42727811497338447,0.6266933030336825,0.6266933030336825,0.6266933030336825,0.6266933030336825
5,3,9,1,1,A,B,A,small,-3.8329473491322994e-4,0.011867985716636519,0.9499999999999998,0.9288507274664316,1,0.763379256304475,0.763379256304475,0.9550811584492837,0.9550811584492837,0.0504752841162293,0.0504752841162293,0.03117163491643291,0.03117163491643291
5,3,9,2,4,B,A,D,large,1.0008461582793375,0.8835632189342811,0.9499999999999998,0.3698547350665692,1,0.9550811584492837,0.9550811584492837,0.13904281766444465,0.13904281766444465,0.6022657811704777,0.6022657811704777,0.7429145000523794,0.7429145000523794
5,3,9,3,2,A,B,B,large,0.3519318192917366,0.7737211279337074,0.4272781149733844,0,1,0.19829628795421542,0.19829628795421542,0.42727811497338447,0.4550057697901748,0.6266933030336825,0.6266933030336825,0.7002072154836949,0.7002072154836949
5,3,9,4,3,B,A,C,small,0.6628092001299882,0.5067722193118173,0.06030073424998015,0,0,0.06030073424998015,0.06115632961290351,0.20963818068999449,0.20963818068999449,0.4265452803797699,0.4265452803797699,0.4265452803797699,0.4265452803797699
5,3,10,1,3,B,A,C,small,0.6564376846116899,0.1247761386938542,0.19319893701717103,0.33010651851066874,0,0.06115632961290351,0.19554779909318717,0.20963818068999449,0.20963818068999449,0.4265452803797699,0.4265452803797699,0.4265452803797699,0.4265452803797699
5,3,10,2,2,A,B,B,large,0.3376593358779841,0.3431566432235739,0.4550057697901748,0,1,0.19829628795421542,0.19829628795421542,0.4550057697901748,0.4830152605411885,0.7002072154836949,0.7002072154836949,0.5216819293536344,0.5216819293536344
5,3,10,3,4,A,B,D,large,0.9892854185716762,0.7081734664829146,0.13904281766444465,0,0,0.9550811584492837,0.9550811584492837,0.13904281766444465,0.1408482075278892,0.7429145000523794,0.7429145000523794,0.7429145000523794,0.7429145000523794
5,3,10,4,1,B,A,A,small,-0.014670074242338432,0.12156660888189048,0.9015095786714529,0.3453258059174448,1,0.763379256304475,0.9110571313532212,0.9550811584492837,0.9550811584492837,0.03117163491643291,0.03117163491643291,0.0763691218991617,0.0763691218991617
5,4,1,1,1,A,B,A,small,-0.007212726741093696,0.15614209000314552,0.4146113465511063,0.18640349979545145,0,0.16513616708112863,0.16513616708112863,0.34004994663292576,0.4182565787932808,0.0763691218991617,0.0763691218991617,0.0763691218991617,0.0763691218991617
5,4,1,2,2,B,A,B,large,0.34232943203947225,0.013068857186298218,0,-0.9217450718863717,0,0.07730593432008363,0,0.06442899841028386,0.06442899841028386,0.5216819293536344,0.5216819293536344,0.5216819293536344,0.5216819293536344
5,4,1,3,4,B,A,D,large,0.9830181785919809,0.5702063740382632,0.17211201976058077,0,0,0.17211201976058077,0.17425988546468069,0.225593231934444,0.225593231934444,0.7429145000523794,0.7429145000523794,0.7429145000523794,0.7429145000523794
5,4,1,4,3,A,B,C,small,0.6785171640473944,1,0,-1,0,0.13192096168999679,0.13192096168999679,0.2392970521816401,0,0.4265452803797699,0.4265452803797699,0.4265452803797699,0.4265452803797699
5,4,2,1,3,A,B,C,small,0.6778496106137288,0.6526373867894549,0,0,0,0.13192096168999679,0.13192096168999679,0,0,0.4265452803797699,0.4265452803797699,0.4265452803797699,0.4265452803797699
5,4,2,2,2,B,A,B,large,0.335923815522563,0.34053887791086923,0,0,0,0,0,0.06442899841028386,0.06442899841028386,0.5216819293536344,0.5216819293536344,0.5216819293536344,0.5216819293536344
5,4,2,3,1,B,A,A,small,-1.0351939123221523e-4,0,0.5651361670811286,1,1,0.16513616708112863,0.5925540366849592,0.4182565787932808,0.4182565787932808,0.0763691218991617,0.0763691218991617,0.03818456094958085,0.03818456094958085
5,4,2,4,4,A,B,D,large,0.991844157091616,0.6949544292171235,0.225593231934444,0,0,0.17425988546468069,0.17425988546468069,0.225593231934444,0.22822452716072378,0.7429145000523794,0.7429145000523794,0.7429145000523794,0.7429145000523794
5,4,3,1,4,B,A,D,large,0.9962836619471572,0.9486953196451986,0.45593840396213103,0.7041962962436257,1,0.17425988546468069,0.4839543248701917,0.22822452716072378,0.22822452716072378,0.7429145000523794,0.7429145000523794,0.845804909848789,0.845804909848789
5,4,3,2,1,A,B,A,small,0.010416995690661221,0,0.8182565787932808,1,1,0.5925540366849592,0.5925540366849592,0.4182565787932808,0.8343920371232598,0.03818456094958085,0.03818456094958085,0.019092280474790425,0.019092280474790425
5,4,3,3,2,A,B,B,large,0.3268803910532533,0.36687236888724273,0.06442899841028386,0,1,0,0,0.06442899841028386,0.07155178042047983,0.5216819293536344,0.5216819293536344,0.4442771491204386,0.4442771491204386
5,4,3,4,3,B,A,C,small,0.6655522165878561,0,0.5319209616899968,1,0,0.13192096168999679,0.5356538201357636,0,0,0.4265452803797699,0.4265452803797699,0.4265452803797699,0.4265452803797699
5,4,4,1,2,A,B,B,large,0.3347843624496093,0.9096308090800177,0.2709374484731861,0.4984641701317657,1,0,0,0.07155178042047983,0.29372275300660095,0.4442771491204386,0.4442771491204386,0.6769539791002281,0.6769539791002281
5,4,4,2,1,B,A,A,small,0.02798669904729852,0,0.9499999999999998,1,1,0.5925540366849592,0.9550811584492837,0.8343920371232598,0.8343920371232598,0.019092280474790425,0.019092280474790425,0.009546140237395213,0.009546140237395213
5,4,4,3,4,B,A,D,large,1.0160213905847506,0.4989752451337131,0.4839543248701916,0,1,0.4839543248701917,0.5120714669945271,0.22822452716072378,0.22822452716072378,0.845804909848789,0.845804909848789,0.672390077491251,0.672390077491251
5,4,4,4,3,A,B,C,small,0.665413897229511,0.5190230360261205,0,0,0,0.5356538201357636,0.5356538201357636,0,0,0.4265452803797699,0.4265452803797699,0.4265452803797699,0.4265452803797699
5,4,5,1,2,A,B,B,large,0.33934713471903083,0.6539484220255082,0.2937227530066009,0,0,0,0,0.29372275300660095,0.29684409787860305,0.6769539791002281,0.6769539791002281,0.6769539791002281,0.6769539791002281
5,4,5,2,3,B,A,C,small,0.6803331779908999,0.20361620123943036,0.5356538201357636,0,0,0.5356538201357636,0.539382688070598,0,0,0.4265452803797699,0.4265452803797699,0.4265452803797699,0.4265452803797699
5,4,5,3,4,B,A,D,large,1.013557677160758,0.7991760921304152,0.5120714669945271,0,1,0.5120714669945271,0.5401124245051787,0.22822452716072378,0.22822452716072378,0.672390077491251,0.672390077491251,0.7357830848108331,0.7357830848108331
5,4,5,4,1,A,B,A,small,-0.0057008940553060754,0,0.9499999999999998,1,1,0.9550811584492837,0.9550811584492837,0.8343920371232598,0.9550811584492837,0.009546140237395213,0.009546140237395213,0.004773070118697606,0.004773070118697606
5,4,6,1,4,B,A,D,large,0.9850541559183944,0.39691680419257824,0.5401124245051787,0,1,0.5401124245051787,0.5679017052010404,0.22822452716072378,0.22822452716072378,0.7357830848108331,0.7357830848108331,0.5663499445017057,0.5663499445017057
5,4,6,2,3,A,B,C,small,0.681934940149494,0.44783486520955806,0,0,0,0.539382688070598,0.539382688070598,0,0,0.4265452803797699,0.4265452803797699,0.4265452803797699,0.4265452803797699
5,4,6,3,2,A,B,B,large,0.32023155154575883,0,0,-1,0,0,0,0.29684409787860305,0,0.6769539791002281,0.6769539791002281,0.6769539791002281,0.6769539791002281
5,4,6,4,1,B,A,A,small,-0.015426458770509468,0,0.9499999999999998,1,1,0.9550811584492837,0.9550811584492837,0.9550811584492837,0.9550811584492837,0.004773070118697606,0.004773070118697606,0.002386535059348803,0.002386535059348803
5,4,7,1,3,B,A,C,small,0.6813023843911984,0.5019195762433795,0.539382688070598,0,0,0.539382688070598,0.5431071531036761,0,0,0.4265452803797699,0.4265452803797699,0.4265452803797699,0.4265452803797699
5,4,7,2,1,A,B,A,small,0.011734049065995558,0,0.9499999999999998,1,1,0.9550811584492837,0.9550811584492837,0.9550811584492837,0.9550811584492837,0.002386535059348803,0.002386535059348803,0.0011932675296744016,0.0011932675296744016
5,4,7,3,4,A,B,D,large,1.0050142037683336,0.3104628059676653,0.22822452716072378,0,1,0.5679017052010404,0.5679017052010404,0.22822452716072378,0.24864281606737582,0.5663499445017057,0.5663499445017057,0.4384063752346855,0.4384063752346855
5,4,7,4,2,B,A,B,large,0.3302007096296608,0.07205257749832594,0,-0.5929285418687905,0,0,0,0,0,0.6769539791002281,0.6769539791002281,0.6769539791002281,0.6769539791002281
5,4,8,1,3,B,A,C,small,0.6604881950243423,0.7330214234192975,0.5431071531036761,0,0,0.5431071531036761,0.5468268048068057,0,0,0.4265452803797699,0.4265452803797699,0.4265452803797699,0.4265452803797699
5,4,8,2,4,A,B,D,large,1.0034593791166144,0.38811730085909485,0.24864281606737582,0,0,0.5679017052010404,0.5679017052010404,0.24864281606737582,0.2514556622544357,0.4384063752346855,0.4384063752346855,0.4384063752346855,0.4384063752346855
5,4,8,3,1,A,B,A,small,-0.004954143723669709,0.04175343415753228,0.9499999999999998,0.7569908923927621,1,0.9550811584492837,0.9550811584492837,0.9550811584492837,0.9550811584492837,0.0011932675296744016,0.0011932675296744016,0.02147335084360334,0.02147335084360334
5,4,8,4,2,B,A,B,large,0.34903901771567486,1,0.4,1,1,0,0.42727811497338447,0,0,0.6769539791002281,0.6769539791002281,0.8384769895501141,0.8384769895501141
5,4,9,1,2,A,B,B,large,0.3376514628238866,1,0.4,1,0,0.42727811497338447,0.42727811497338447,0,0.403605340410737,0.8384769895501141,0.8384769895501141,0.8384769895501141,0.8384769895501141
5,4,9,2,1,B,A,A,small,8.58038061399362e-4,0.18583458659299412,0.9499999999999998,0.058427243915076456,1,0.9550811584492837,0.9550811584492837,0.9550811584492837,0.9550811584492837,0.02147335084360334,0.02147335084360334,0.10365396871829873,0.10365396871829873
5,4,9,3,4,B,A,D,large,1.0080168181196476,0.6167788996190829,0.5679017052010404,0,0,0.5679017052010404,0.5715787314881935,0.2514556622544357,0.2514556622544357,0.4384063752346855,0.4384063752346855,0.4384063752346855,0.4384063752346855
5,4,9,4,3,A,B,C,small,0.6584940769070637,0.2261191846979168,0,0,0,0.5468268048068057,0.5468268048068057,0,0,0.4265452803797699,0.4265452803797699,0.4265452803797699,0.4265452803797699
5,4,10,1,4,B,A,D,large,0.995902785409409,0.1318241326910911,0.4527681543398211,-0.29702644287093116,0,0.5715787314881935,0.4564872567993449,0.2514556622544357,0.2514556622544357,0.4384063752346855,0.4384063752346855,0.4384063752346855,0.4384063752346855
5,4,10,2,3,B,A,C,small,0.6593723073322524,0,0.9468268048068057,1,1,0.5468268048068057,0.9522142128916415,0,0,0.4265452803797699,0.4265452803797699,0.21327264018988495,0.21327264018988495
5,4,10,3,2,A,B,B,large,0.3307062823298502,0.7935104641296326,0.403605340410737,0,0,0.42727811497338447,0.42727811497338447,0.403605340410737,0.4072211217893575,0.8384769895501141,0.8384769895501141,0.8384769895501141,0.8384769895501141
5,4,10,4,1,A,B,A,small,0.00387893207277077,0.10359421508071603,0.9499999999999998,0.4323781875316805,1,0.9550811584492837,0.9550811584492837,0.9550811584492837,0.9550811584492837,0.10365396871829873,0.10365396871829873,0.10362409189950739,0.10362409189950739
5,5,1,1,4,A,B,D,large,0.9996420354196058,0.6535252106173101,0.2983129301047189,0,0,0.3279071559897619,0.3279071559897619,0.29831293010471893,0.3014622335498174,0.4384063752346855,0.4384063752346855,0.4384063752346855,0.4384063752346855
5,5,1,2,1,B,A,A,small,-0.005028290769009081,0.1308009587786756,0.4118544880862697,0.3017998707037271,1,0.2911345398047788,0.4393490588422918,0.4091698566104944,0.4091698566104944,0.10362409189950739,0.10362409189950739,0.11721252533909149,0.11721252533909149
5,5,1,3,3,B,A,C,small,0.6768884469748827,0.5345957204309457,0.16183059292626417,0,0,0.16183059292626417,0.16387554949150068,0.1636122328764128,0.1636122328764128,0.21327264018988495,0.21327264018988495,0.21327264018988495,0.21327264018988495
5,5,1,4,2,A,B,B,large,0.31920636726748475,0.3690684360937976,0.19192347839486937,0,0,0.23837825087980033,0.23837825087980033,0.19192347839486937,0.19426056746120246,0.8384769895501141,0.8384769895501141,0.8384769895501141,0.8384769895501141
5,5,2,1,2,A,B,B,large,0.332376120664557,1,0.5942605674612025,1,1,0.23837825087980033,0.23837825087980033,0.19426056746120246,0.6210733940039279,0.8384769895501141,0.8384769895501141,0.919238494775057,0.919238494775057
5,5,2,2,4,B,A,D,large,1.0130341099968883,0.577313056088877,0.3279071559897619,0,0,0.3279071559897619,0.3312214100344033,0.3014622335498174,0.3014622335498174,0.4384063752346855,0.4384063752346855,0.4384063752346855,0.4384063752346855
5,5,2,3,3,A,B,C,small,0.6743051146096797,0.13824707528222577,0.27052562989430395,0.2672834925447279,0,0.16387554949150068,0.16387554949150068,0.1636122328764128,0.2734959209886924,0.21327264018988495,0.21327264018988495,0.21327264018988495,0.21327264018988495
5,5,2,4,1,B,A,A,small,-1.2969537806550488e-4,0,0.8393490588422917,1,1,0.4393490588422918,0.853946146410632,0.4091698566104944,0.4091698566104944,0.11721252533909149,0.11721252533909149,0.058606262669545744,0.058606262669545744
5,5,3,1,3,A,B,C,small,0.6845064157875737,0.06881808148492491,0.5174848428710912,0.6099723047059971,0,0.16387554949150068,0.16387554949150068,0.2734959209886924,0.5212292048249082,0.21327264018988495,0.21327264018988495,0.21327264018988495,0.21327264018988495
5,5,3,2,4,A,B,D,large,0.9973921713841452,0.8344915513060879,0.3595464291346768,0.14521048896214858,0,0.3312214100344033,0.3312214100344033,0.3014622335498174,0.36300774847156186,0.4384063752346855,0.4384063752346855,0.4384063752346855,0.4384063752346855
5,5,3,3,2,B,A,B,large,0.3307765780734663,0.7542911113615249,0.23837825087980036,0,0,0.23837825087980033,0.2411122395871289,0.6210733940039279,0.6210733940039279,0.919238494775057,0.919238494775057,0.919238494775057,0.919238494775057
5,5,3,4,1,B,A,A,small,-0.0010141669202848723,0,0.9499999999999998,1,1,0.853946146410632,0.9550811584492837,0.4091698566104944,0.4091698566104944,0.058606262669545744,0.058606262669545744,0.029303131334772872,0.029303131334772872
5,5,4,1,4,A,B,D,large,0.9840795486068001,0.060216373875503326,0.10067252512259119,-0.6558380583724267,0,0.3312214100344033,0.3312214100344033,0.36300774847156186,0.10203874656956376,0.4384063752346855,0.4384063752346855,0.4384063752346855,0.4384063752346855
5,5,4,2,1,B,A,A,small,-9.747890483838605e-4,0,0.9499999999999998,1,1,0.9550811584492837,0.9550811584492837,0.4091698566104944,0.4091698566104944,0.029303131334772872,0.029303131334772872,0.014651565667386436,0.014651565667386436
5,5,4,3,2,B,A,B,large,0.3441579592889003,1,0.6411122395871289,1,1,0.2411122395871289,0.6665661407070081,0.6210733940039279,0.6210733940039279,0.919238494775057,0.919238494775057,0.9596192473875285,0.9596192473875285
5,5,4,4,3,A,B,C,small,0.6729551371717706,1,0.12122920482490819,-1,0,0.16387554949150068,0.16387554949150068,0.5212292048249082,0.12283629574951427,0.21327264018988495,0.21327264018988495,0.21327264018988495,0.21327264018988495
5,5,5,1,4,B,A,D,large,1.0177858440541698,0.4905826747743431,0.3312214100344033,0,0,0.3312214100344033,0.33455248760911327,0.10203874656956376,0.10203874656956376,0.4384063752346855,0.4384063752346855,0.4384063752346855,0.4384063752346855
5,5,5,2,3,B,A,C,small,0.6648136220927455,0,0.5638755494915006,1,0,0.16387554949150068,0.5675607481955584,0.12283629574951427,0.12283629574951427,0.21327264018988495,0.21327264018988495,0.21327264018988495,0.21327264018988495
5,5,5,3,2,A,B,B,large,0.3221532371938849,0.712398811382744,0.6210733940039279,0,1,0.6665661407070081,0.6665661407070081,0.6210733940039279,0.6471663626408883,0.9596192473875285,0.9596192473875285,0.8360090293851362,0.8360090293851362
5,5,5,4,1,A,B,A,small,-0.0066403292207261756,0.011730490013532447,0.7810360127238257,0.9296653902833286,1,0.9550811584492837,0.9550811584492837,0.4091698566104944,0.7996669320986812,0.014651565667386436,0.014651565667386436,0.013191027840459443,0.013191027840459443
5,5,6,1,1,A,B,A,small,-0.0020705012986732014,0,0.9499999999999998,1,1,0.9550811584492837,0.9550811584492837,0.7996669320986812,0.9550811584492837,0.013191027840459443,0.013191027840459443,0.006595513920229721,0.006595513920229721
5,5,6,2,3,A,B,C,small,0.6801409996402366,0.7085835420905086,0.12283629574951427,0,0,0.5675607481955584,0.5675607481955584,0.12283629574951427,0.12446167388128415,0.21327264018988495,0.21327264018988495,0.21327264018988495,0.21327264018988495
5,5,6,3,4,B,A,D,large,1.0035208804692353,0.6370772543073832,0.3345524876091132,0,1,0.33455248760911327,0.36004565744620726,0.10203874656956376,0.10203874656956376,0.4384063752346855,0.4384063752346855,0.5377418147710343,0.5377418147710343
5,5,6,4,2,B,A,B,large,0.3242272702335842,0.9355587513052963,0.9198508245992904,0.6332117097307052,1,0.6665661407070081,0.9277628650701201,0.6471663626408883,0.6471663626408883,0.8360090293851362,0.8360090293851362,0.8857838903452162,0.8857838903452162
5,5,7,1,1,A,B,A,small,0.019167788580142908,0,0.9499999999999998,1,1,0.9550811584492837,0.9550811584492837,0.9550811584492837,0.9550811584492837,0.006595513920229721,0.006595513920229721,0.0032977569601148607,0.0032977569601148607
5,5,7,2,3,B,A,C,small,0.6526179150164337,0.3265330552996925,0.5675607481955584,0,1,0.5675607481955584,0.5949353187850901,0.12446167388128415,0.12446167388128415,0.21327264018988495,0.21327264018988495,0.26990284774478873,0.26990284774478873
5,5,7,3,2,B,A,B,large,0.3217212831074832,0.8086449697776672,0.9419470049302069,0.035460349650217125,0,0.9277628650701201,0.9427618306777994,0.6471663626408883,0.6471663626408883,0.8857838903452162,0.8857838903452162,0.8857838903452162,0.8857838903452162
5,5,7,4,4,A,B,D,large,0.9986714977749274,0.3170286913403872,0.10203874656956376,0,0,0.36004565744620726,0.36004565744620726,0.10203874656956376,0.10342137675549348,0.5377418147710343,0.5377418147710343,0.5377418147710343,0.5377418147710343
5,5,8,1,3,B,A,C,small,0.6547123177621998,0.42049460968562713,0.59493531878509,0,1,0.5949353187850901,0.6217319383925969,0.12446167388128415,0.12446167388128415,0.26990284774478873,0.26990284774478873,0.34519872871520796,0.34519872871520796
5,5,8,2,2,A,B,B,large,0.33111519369916803,0.7002083697725667,0.6471663626408883,0,1,0.9427618306777994,0.9427618306777994,0.6471663626408883,0.6724102819750992,0.8857838903452162,0.8857838903452162,0.7929961300588915,0.7929961300588915
5,5,8,3,4,B,A,D,large,1.0068726517026605,0.6628120041547202,0.3600456574462072,0,1,0.36004565744620726,0.3863535691260362,0.10342137675549348,0.10342137675549348,0.5377418147710343,0.5377418147710343,0.6002769094628773,0.6002769094628773
5,5,8,4,1,A,B,A,small,-0.006078363512560184,0.04577892036620507,0.9499999999999998,0.7346169687166915,1,0.9550811584492837,0.9550811584492837,0.9550811584492837,0.9550811584492837,0.0032977569601148607,0.0032977569601148607,0.024538338663159964,0.024538338663159964
5,5,9,1,2,B,A,B,large,0.3554245217659854,0.6185048684982888,0.9427618306777994,0,1,0.9427618306777994,0.9485387093991983,0.6724102819750992,0.6724102819750992,0.7929961300588915,0.7929961300588915,0.7057504992785901,0.7057504992785901
5,5,9,2,1,B,A,A,small,-3.752742137545659e-4,0,0.9499999999999998,1,1,0.9550811584492837,0.9550811584492837,0.9550811584492837,0.9550811584492837,0.024538338663159964,0.024538338663159964,0.012269169331579982,0.012269169331579982
5,5,9,3,3,A,B,C,small,0.6547969318156925,0.5118110919521526,0.12446167388128415,0,0,0.6217319383925969,0.6217319383925969,0.12446167388128415,0.12610546715513332,0.34519872871520796,0.34519872871520796,0.34519872871520796,0.34519872871520796
5,5,9,4,4,A,B,D,large,0.9974877912655601,0.2842580155807912,0.10342137675549348,0,0,0.3863535691260362,0.3863535691260362,0.10342137675549348,0.10482055471582524,0.6002769094628773,0.6002769094628773,0.6002769094628773,0.6002769094628773
5,5,10,1,3,A,B,C,small,0.6682305179002507,0.22385570007433525,0.12610546715513332,0,1,0.6217319383925969,0.6217319383925969,0.12610546715513332,0.13903345035995213,0.34519872871520796,0.34519872871520796,0.2845272143947716,0.2845272143947716
5,5,10,2,2,B,A,B,large,0.32130897872104175,0.8360198504074751,0.9499999999999998,0.15187933823154612,1,0.9485387093991983,0.9550811584492837,0.6724102819750992,0.6724102819750992,0.7057504992785901,0.7057504992785901,0.7708851748430325,0.7708851748430325
5,5,10,3,4,A,B,D,large,0.9993904056884848,1,0.5048205547158253,1,0,0.3863535691260362,0.3863535691260362,0.10482055471582524,0.5085698647439973,0.6002769094628773,0.6002769094628773,0.6002769094628773,0.6002769094628773
5,5,10,4,1,B,A,A,small,-0.011099479916873664,0,0.9499999999999998,1,0,0.9550811584492837,0.9507077096900849,0.9550811584492837,0.9550811584492837,0.012269169331579982,0.012269169331579982,0.012269169331579982,0.012269169331579982
5,6,1,1,1,B,A,A,small,-0.01938506391042792,0.2642273838927099,0.2051645415809169,0,1,0.2051645415809169,0.2241188562763099,0.22745859154465706,0.22745859154465706,0.012269169331579982,0.012269169331579982,0.13824827661214495,0.13824827661214495
5,6,1,2,4,A,B,D,large,1.0242515157236771,1,0.5610447355975874,1,1,0.33551135841814117,0.33551135841814117,0.1610447355975875,0.5885327488941694,0.6002769094628773,0.6002769094628773,0.8001384547314386,0.8001384547314386
5,6,1,3,3,A,B,C,small,0.6690242084973579,0.416298584526447,0.21004816368435805,0,1,0.45002131142839386,0.45002131142839386,0.21004816368435808,0.22932348382958942,0.2845272143947716,0.2845272143947716,0.3504128994606093,0.3504128994606093
5,6,1,4,2,B,A,B,large,0.33531186719118045,1,0.6787853164828985,1,1,0.27878531648289856,0.7028058823258571,0.3270470230037546,0.3270470230037546,0.7708851748430325,0.7708851748430325,0.8854425874215163,0.8854425874215163
5,6,2,1,4,B,A,D,large,0.9992651287047716,0.6336983307703298,0.3355113584181411,0,0,0.33551135841814117,0.33886371924264136,0.5885327488941694,0.5885327488941694,0.8001384547314386,0.8001384547314386,0.8001384547314386,0.8001384547314386
5,6,2,2,1,A,B,A,small,0.02022924288083672,0.7777205610835496,0.22745859154465706,0,0,0.2241188562763099,0.2241188562763099,0.22745859154465706,0.2301051792023998,0.13824827661214495,0.13824827661214495,0.13824827661214495,0.13824827661214495
5,6,2,3,3,A,B,C,small,0.6718757177666689,0.4698158785948061,0.22932348382958942,0,1,0.45002131142839386,0.45002131142839386,0.22932348382958942,0.24980826786666135,0.3504128994606093,0.3504128994606093,0.4101143890277077,0.4101143890277077
5,6,2,4,2,B,A,B,large,0.32461532625510275,1,0.9499999999999998,1,1,0.7028058823258571,0.9550811584492837,0.3270470230037546,0.3270470230037546,0.8854425874215163,0.8854425874215163,0.9427212937107581,0.9427212937107581
5,6,3,1,1,B,A,A,small,-1.4620867428419098e-4,0.0621844071039756,0.4822286373845448,0.6452744527705873,0,0.2241188562763099,0.4859748284475847,0.2301051792023998,0.2301051792023998,0.13824827661214495,0.13824827661214495,0.13824827661214495,0.13824827661214495
5,6,3,2,4,A,B,D,large,1.0111004332416154,0.3728623105967194,0.5885327488941694,0,0,0.33886371924264136,0.33886371924264136,0.5885327488941694,0.5921602928170461,0.8001384547314386,0.8001384547314386,0.8001384547314386,0.8001384547314386
5,6,3,3,2,A,B,B,large,0.3423725958821059,1,0.7270470230037547,1,1,0.9550811584492837,0.9550811584492837,0.3270470230037546,0.7487941935116028,0.9427212937107581,0.9427212937107581,0.971360646855379,0.971360646855379
5,6,3,4,3,B,A,C,small,0.6567648863044502,0.5504624916517671,0.4500213114283938,0,1,0.45002131142839386,0.4779930800122533,0.24980826786666135,0.24980826786666135,0.4101143890277077,0.4101143890277077,0.4802884403397374,0.4802884403397374
5,6,4,1,1,B,A,A,small,0.0036677073059233145,0.2822769789824101,0.4859748284475846,0,0,0.4859748284475847,0.4897225960419013,0.2301051792023998,0.2301051792023998,0.13824827661214495,0.13824827661214495,0.13824827661214495,0.13824827661214495
5,6,4,2,4,A,B,D,large,0.997300553609836,0.7273727707123787,0.5921602928170461,0,0,0.33886371924264136,0.33886371924264136,0.5921602928170461,0.5957778213077847,0.8001384547314386,0.8001384547314386,0.8001384547314386,0.8001384547314386
5,6,4,3,2,B,A,B,large,0.34405358476457326,1,0.9499999999999998,1,1,0.9550811584492837,0.9550811584492837,0.7487941935116028,0.7487941935116028,0.971360646855379,0.971360646855379,0.9856803234276895,0.9856803234276895
5,6,4,4,3,A,B,C,small,0.670140940734239,0.4259012396125293,0.24980826786666135,0,1,0.4779930800122533,0.4779930800122533,0.24980826786666135,0.2714783160133092,0.4802884403397374,0.4802884403397374,0.4530948399761333,0.4530948399761333
5,6,5,1,3,A,B,C,small,0.67134485868997,0.19549793575318675,0.2788344228892923,0.01839026718995783,0,0.4779930800122533,0.4779930800122533,0.2714783160133092,0.2818606925596401,0.4530948399761333,0.4530948399761333,0.4530948399761333,0.4530948399761333
5,6,5,2,2,B,A,B,large,0.3218899315895017,0.8612428074674838,0.9499999999999998,0.26493761110783137,1,0.9550811584492837,0.9550811584492837,0.7487941935116028,0.7487941935116028,0.9856803234276895,0.9856803234276895,0.9234615654475866,0.9234615654475866
5,6,5,3,4,B,A,D,large,0.9752722209928395,1,0.7388637192426414,1,0,0.33886371924264136,0.741747494586937,0.5957778213077847,0.5957778213077847,0.8001384547314386,0.8001384547314386,0.8001384547314386,0.8001384547314386
5,6,5,4,1,A,B,A,small,0.010026750158695594,0.28996888025339757,0.2301051792023998,0,0,0.4897225960419013,0.4897225960419013,0.2301051792023998,0.2327732825704546,0.13824827661214495,0.13824827661214495,0.13824827661214495,0.13824827661214495
5,6,6,1,4,A,B,D,large,0.9820090470533323,0.8148982387200666,0.6203758821160317,0.06149515202061743,0,0.741747494586937,0.741747494586937,0.5957778213077847,0.6239020936425398,0.8001384547314386,0.8001384547314386,0.8001384547314386,0.8001384547314386
5,6,6,2,3,B,A,C,small,0.6668874395062615,0.929208812510103,0.23816821460579354,-0.5995621635161494,0,0.4779930800122533,0.24090055632559967,0.2818606925596401,0.2818606925596401,0.4530948399761333,0.4530948399761333,0.4530948399761333,0.4530948399761333
5,6,6,3,1,B,A,A,small,-0.005555795716756808,0,0.8897225960419014,1,1,0.4897225960419013,0.9002863839175145,0.2327732825704546,0.2327732825704546,0.13824827661214495,0.13824827661214495,0.06912413830607247,0.06912413830607247
5,6,6,4,2,A,B,B,large,0.3391676576357042,1,0.9499999999999998,1,1,0.9550811584492837,0.9550811584492837,0.7487941935116028,0.9550811584492837,0.9234615654475866,0.9234615654475866,0.9617307827237933,0.9617307827237933
5,6,7,1,3,B,A,C,small,0.6752658653363719,1,0,-1,0,0.24090055632559967,0,0.2818606925596401,0.2818606925596401,0.4530948399761333,0.4530948399761333,0.4530948399761333,0.4530948399761333
5,6,7,2,1,A,B,A,small,-0.005574935969265023,0.10783998853722744,0.3973852333292053,0.41152987689687676,0,0.9002863839175145,0.9002863839175145,0.2327732825704546,0.4009827564056833,0.06912413830607247,0.06912413830607247,0.06912413830607247,0.06912413830607247
5,6,7,3,4,A,B,D,large,1.0063025051284527,0.6831992121820961,0.6239020936425398,0,1,0.741747494586937,0.741747494586937,0.6239020936425398,0.6499100747705331,0.8001384547314386,0.8001384547314386,0.7416688334567674,0.7416688334567674
5,6,7,4,2,B,A,B,large,0.3375268563275208,0.9109418717074306,0.9499999999999998,0.5051113391586001,1,0.9550811584492837,0.9550811584492837,0.9550811584492837,0.9550811584492837,0.9617307827237933,0.9617307827237933,0.936336327215612,0.936336327215612
5,6,8,1,3,A,B,C,small,0.6736998217445467,1,0,-1,0,0,0,0.2818606925596401,0,0.4530948399761333,0.4530948399761333,0.4530948399761333,0.4530948399761333
5,6,8,2,1,A,B,A,small,0.0031524915407064175,0.0273256862964829,0.7364537206314975,0.838677410564535,1,0.9002863839175145,0.9002863839175145,0.4009827564056833,0.7577011951896919,0.06912413830607247,0.06912413830607247,0.048224912301277685,0.048224912301277685
5,6,8,3,2,B,A,B,large,0.3298318163899668,1,0.9499999999999998,1,1,0.9550811584492837,0.9550811584492837,0.9550811584492837,0.9550811584492837,0.936336327215612,0.936336327215612,0.968168163607806,0.968168163607806
5,6,8,4,4,B,A,D,large,1.0076272649098619,0.8042659755563105,0.7487161986658676,0.01742176019732626,1,0.741747494586937,0.7692847678967198,0.6499100747705331,0.6499100747705331,0.7416688334567674,0.7416688334567674,0.7729674045065389,0.7729674045065389
5,6,9,1,3,A,B,C,small,0.661450701446917,0.10421975242254182,0.17171817513302548,0.4292954378325637,0,0,0,0,0.17386215804476804,0.4530948399761333,0.4530948399761333,0.4530948399761333,0.4530948399761333
5,6,9,2,1,B,A,A,small,0.016450614316416225,0.16937738123599108,0.9499999999999998,0.1284189451182511,1,0.9002863839175145,0.9550811584492837,0.7577011951896919,0.7577011951896919,0.048224912301277685,0.048224912301277685,0.10880114676863438,0.10880114676863438
5,6,9,3,4,A,B,D,large,1.012404891713101,1,0.9499999999999998,1,1,0.7692847678967198,0.7692847678967198,0.6499100747705331,0.9550811584492837,0.7729674045065389,0.7729674045065389,0.8864837022532694,0.8864837022532694
5,6,9,4,2,B,A,B,large,0.34386016822679416,1,0.9499999999999998,1,1,0.9550811584492837,0.9550811584492837,0.9550811584492837,0.9550811584492837,0.968168163607806,0.968168163607806,0.9840840818039029,0.9840840818039029
5,6,10,1,2,B,A,B,large,0.34122531921705496,1,0.9499999999999998,1,1,0.9550811584492837,0.9550811584492837,0.9550811584492837,0.9550811584492837,0.9840840818039029,0.9840840818039029,0.9920420409019515,0.9920420409019515
5,6,10,2,3,A,B,C,small,0.672056684239473,1,0,-1,0,0,0,0.17386215804476804,0,0.4530948399761333,0.4530948399761333,0.4530948399761333,0.4530948399761333
5,6,10,3,1,A,B,A,small,0.0027959315404882746,0.08924105028637697,0.9499999999999998,0.5041828666817433,0,0.9550811584492837,0.9550811584492837,0.7577011951896919,0.9507077096900849,0.10880114676863438,0.10880114676863438,0.10880114676863438,0.10880114676863438
5,6,10,4,4,B,A,D,large,1.011760115424397,0.8638978814990923,0.8801542715031283,0.2771737590160212,1,0.7692847678967198,0.891522885259223,0.9550811584492837,0.9550811584492837,0.8864837022532694,0.8864837022532694,0.8751907918761809,0.8751907918761809
5,7,1,1,3,A,B,C,small,0.6828845989822888,0.5830748809986613,0.20299785246575655,0,1,0.21818206116760724,0.21818206116760724,0.20299785246575655,0.22180785574335446,0.4530948399761333,0.4530948399761333,0.5180848604873973,0.5180848604873973
5,7,1,2,2,B,A,B,large,0.3284600980017473,1,0.7115882874102024,1,0,0.31158828741020234,0.714656946437899,0.3401413929030904,0.3401413929030904,0.9920420409019515,0.9920420409019515,0.9920420409019515,0.9920420409019515
5,7,1,3,1,A,B,A,small,-0.004453867665047795,0,0.6514018165812423,1,0,0.051112071033324415,0.051112071033324415,0.2514018165812422,0.6548001973954489,0.10880114676863438,0.10880114676863438,0.10880114676863438,0.10880114676863438
5,7,1,4,4,B,A,D,large,0.9996610573853708,1,0.6122679904895912,1,1,0.2122679904895912,0.6386144874084098,0.2683832536956521,0.2683832536956521,0.8751907918761809,0.8751907918761809,0.9375953959380905,0.9375953959380905
5,7,2,1,2,B,A,B,large,0.32925772652940283,1,0.9499999999999998,1,1,0.714656946437899,0.9550811584492837,0.3401413929030904,0.3401413929030904,0.9920420409019515,0.9920420409019515,0.9960210204509757,0.9960210204509757
5,7,2,2,1,A,B,A,small,0.004684242193090902,0,0.9499999999999998,1,1,0.051112071033324415,0.051112071033324415,0.6548001973954489,0.9550811584492837,0.10880114676863438,0.10880114676863438,0.05440057338431719,0.05440057338431719
5,7,2,3,3,A,B,C,small,0.670096884472646,0.13469284495547393,0.33528584307267706,0.28369496832330643,0,0.21818206116760724,0.21818206116760724,0.22180785574335446,0.3386370989237136,0.5180848604873973,0.5180848604873973,0.5180848604873973,0.5180848604873973
5,7,2,4,4,B,A,D,large,0.9955607614256355,0.7143941824082036,0.6386144874084098,0,1,0.6386144874084098,0.6641527390876075,0.2683832536956521,0.2683832536956521,0.9375953959380905,0.9375953959380905,0.8259947891731471,0.8259947891731471
5,7,3,1,2,B,A,B,large,0.3403017278350624,0.893526392068966,0.9499999999999998,0.4182199993470628,1,0.9550811584492837,0.9550811584492837,0.3401413929030904,0.3401413929030904,0.9960210204509757,0.9960210204509757,0.9447737062599708,0.9447737062599708
5,7,3,2,4,A,B,D,large,0.9908838671823529,0.789528830182227,0.2683832536956521,0,0,0.6641527390876075,0.6641527390876075,0.2683832536956521,0.2713387717344443,0.8259947891731471,0.8259947891731471,0.8259947891731471,0.8259947891731471
5,7,3,3,1,A,B,A,small,-0.002887751133194057,0,0.9499999999999998,1,1,0.051112071033324415,0.051112071033324415,0.9550811584492837,0.9550811584492837,0.05440057338431719,0.05440057338431719,0.027200286692158595,0.027200286692158595
5,7,3,4,3,B,A,C,small,0.6801556864956805,0.8153785233001363,0.19277875664359118,-0.06350826131004018,0,0.21818206116760724,0.19512374574668717,0.3386370989237136,0.3386370989237136,0.5180848604873973,0.5180848604873973,0.5180848604873973,0.5180848604873973
5,7,4,1,4,A,B,D,large,1.0115306045636876,0.7193469900437468,0.2713387717344443,0,0,0.6641527390876075,0.6641527390876075,0.2713387717344443,0.2743146335408029,0.8259947891731471,0.8259947891731471,0.8259947891731471,0.8259947891731471
5,7,4,2,1,B,A,A,small,0.005608012062893787,0.009025979885829356,0.42940617237161627,0.9457352533457296,1,0.051112071033324415,0.45716169162772186,0.9550811584492837,0.9550811584492837,0.027200286692158595,0.027200286692158595,0.018113133288993975,0.018113133288993975
5,7,4,3,2,A,B,B,large,0.3186145144329235,0.9385088024599468,0.5997376243151921,0.6489905785302541,1,0.9550811584492837,0.9550811584492837,0.3401413929030904,0.626416043815947,0.9447737062599708,0.9447737062599708,0.9416412543599588,0.9416412543599588
5,7,4,4,3,B,A,C,small,0.6639168412918505,0.18522029650044264,0.2195231897309891,0.06099860996075486,0,0.19512374574668717,0.2221039905463847,0.3386370989237136,0.3386370989237136,0.5180848604873973,0.5180848604873973,0.5180848604873973,0.5180848604873973
5,7,5,1,3,B,A,C,small,0.6676656792460246,0.04713995584151618,0.5129411496759049,0.7270928978238003,0,0.2221039905463847,0.5166878400281906,0.3386370989237136,0.3386370989237136,0.5180848604873973,0.5180848604873973,0.5180848604873973,0.5180848604873973
5,7,5,2,4,A,B,D,large,0.9946909979495451,0.7901156584983651,0.27431463354080293,0,0,0.6641527390876075,0.6641527390876075,0.2743146335408029,0.27731071165986515,0.8259947891731471,0.8259947891731471,0.8259947891731471,0.8259947891731471
5,7,5,3,2,B,A,B,large,0.34090098632628285,1,0.9499999999999998,1,1,0.9550811584492837,0.9550811584492837,0.626416043815947,0.626416043815947,0.9416412543599588,0.9416412543599588,0.9708206271799794,0.9708206271799794
5,7,5,4,1,A,B,A,small,0.012967235041850697,0,0.9499999999999998,1,1,0.45716169162772186,0.45716169162772186,0.9550811584492837,0.9550811584492837,0.018113133288993975,0.018113133288993975,0.009056566644496987,0.009056566644496987
5,7,6,1,1,B,A,A,small,0.002038214465941708,0.0321377999980583,0.7816296754709277,0.8111699596080142,1,0.45716169162772186,0.8002230024474803,0.9550811584492837,0.9550811584492837,0.009056566644496987,0.009056566644496987,0.02059718332127764,0.02059718332127764
5,7,6,2,4,A,B,D,large,1.0020255604749106,0.5742882505311863,0.27731071165986515,0,0,0.6641527390876075,0.6641527390876075,0.27731071165986515,0.2803268723200072,0.8259947891731471,0.8259947891731471,0.8259947891731471,0.8259947891731471
5,7,6,3,3,A,B,C,small,0.6797216348491952,0.7440888087237439,0.3386370989237136,0,0,0.5166878400281906,0.5166878400281906,0.3386370989237136,0.34200461688234074,0.5180848604873973,0.5180848604873973,0.5180848604873973,0.5180848604873973
5,7,6,4,2,B,A,B,large,0.323393717581697,0.9495536651950413,0.9499999999999998,0.7088996729454574,1,0.9550811584492837,0.9550811584492837,0.626416043815947,0.626416043815947,0.9708206271799794,0.9708206271799794,0.9601871461875103,0.9601871461875103
5,7,7,1,3,A,B,C,small,0.6744524626257288,0.3283560748235768,0.34200461688234074,0,1,0.5166878400281906,0.5166878400281906,0.34200461688234074,0.3677518247244891,0.5180848604873973,0.5180848604873973,0.42322046765548704,0.42322046765548704
5,7,7,2,4,B,A,D,large,0.9935153424902784,1,0.9499999999999998,1,1,0.6641527390876075,0.9550811584492837,0.2803268723200072,0.2803268723200072,0.8259947891731471,0.8259947891731471,0.9129973945865735,0.9129973945865735
5,7,7,3,1,A,B,A,small,0.010810034458866176,0,0.9499999999999998,1,1,0.8002230024474803,0.8002230024474803,0.9550811584492837,0.9550811584492837,0.02059718332127764,0.02059718332127764,0.01029859166063882,0.01029859166063882
5,7,7,4,2,B,A,B,large,0.3352618551103037,0.9337683989943371,0.9499999999999998,0.623680990176534,1,0.9550811584492837,0.9550811584492837,0.626416043815947,0.626416043815947,0.9601871461875103,0.9601871461875103,0.9469777725909236,0.9469777725909236
5,7,8,1,2,A,B,B,large,0.3280752147826194,0.9625010287635329,0.9387496826152767,0.7808340969983245,1,0.9550811584492837,0.9550811584492837,0.626416043815947,0.9449078324068534,0.9469777725909236,0.9469777725909236,0.9547394006772283,0.9547394006772283
5,7,8,2,4,B,A,D,large,0.9861497076812449,1,0.9499999999999998,1,1,0.9550811584492837,0.9550811584492837,0.2803268723200072,0.2803268723200072,0.9129973945865735,0.9129973945865735,0.9564986972932867,0.9564986972932867
5,7,8,3,3,B,A,C,small,0.6644361629765547,0.3590197815988368,0.5166878400281906,0,1,0.5166878400281906,0.5446993850108088,0.3677518247244891,0.3677518247244891,0.42322046765548704,0.42322046765548704,0.39112012462716195,0.39112012462716195
5,7,8,4,1,A,B,A,small,-0.003558919019246578,0,0.9499999999999998,1,1,0.8002230024474803,0.8002230024474803,0.9550811584492837,0.9550811584492837,0.01029859166063882,0.01029859166063882,0.00514929583031941,0.00514929583031941
5,7,9,1,4,A,B,D,large,0.9928196456939241,0.878013553679875,0.41765863961148214,0.34332941822868734,1,0.9550811584492837,0.9550811584492837,0.2803268723200072,0.44524735243471775,0.9564986972932867,0.9564986972932867,0.9172561254865809,0.9172561254865809
5,7,9,2,1,A,B,A,small,0.0060134106832549555,0,0.9499999999999998,1,1,0.8002230024474803,0.8002230024474803,0.9550811584492837,0.9550811584492837,0.00514929583031941,0.00514929583031941,0.002574647915159705,0.002574647915159705
5,7,9,3,2,B,A,B,large,0.3404100987533202,0.8265325192299229,0.9499999999999998,0.11080823328113597,1,0.9550811584492837,0.9550811584492837,0.9449078324068534,0.9449078324068534,0.9547394006772283,0.9547394006772283,0.8906359599535756,0.8906359599535756
5,7,9,4,3,B,A,C,small,0.6576246062456492,0.43769600804656233,0.5446993850108088,0,0,0.5446993850108088,0.5484168522557595,0.3677518247244891,0.3677518247244891,0.39112012462716195,0.39112012462716195,0.39112012462716195,0.39112012462716195
5,7,10,1,2,B,A,B,large,0.3502176056167611,0.8788259739230251,0.9499999999999998,0.34719411111192533,1,0.9550811584492837,0.9550811584492837,0.9449078324068534,0.9449078324068534,0.8906359599535756,0.8906359599535756,0.8847309669383003,0.8847309669383003
5,7,10,2,4,A,B,D,large,1.0034758816572922,0.8082515855575028,0.4587807115713583,0.03383339784160144,0,0.9550811584492837,0.9550811584492837,0.44524735243471775,0.4625074604580592,0.9172561254865809,0.9172561254865809,0.9172561254865809,0.9172561254865809
5,7,10,3,3,B,A,C,small,0.6538998084013218,0.27312092801284915,0.5484168522557595,0,1,0.5484168522557595,0.5760981644996503,0.3677518247244891,0.3677518247244891,0.39112012462716195,0.39112012462716195,0.33212052632000555,0.33212052632000555
5,7,10,4,1,A,B,A,small,0.00866400726297594,0,0.9499999999999998,1,1,0.8002230024474803,0.8002230024474803,0.9550811584492837,0.9550811584492837,0.002574647915159705,0.002574647915159705,0.0012873239575798526,0.0012873239575798526
5,8,1,1,3,A,B,C,small,0.6549661543064564,0.26164152330629464,0.280903329401906,0,0,0.4081989401011757,0.4081989401011757,0.280903329401906,0.28394321256249533,0.33212052632000555,0.33212052632000555,0.33212052632000555,0.33212052632000555
5,8,1,2,2,A,B,B,large,0.3369885275783513,1,0.6867813355214968,1,1,0.13517352422941772,0.13517352422941772,0.28678133552149676,0.7104590139696187,0.8847309669383003,0.8847309669383003,0.9423654834691502,0.9423654834691502
5,8,1,3,1,B,A,A,small,-0.017274478349937745,0.07919819945267793,0.3014266420528059,0.5556641697070658,0,0.07916097416997961,0.30459454790303264,0.048163370417556105,0.048163370417556105,0.0012873239575798526,0.0012873239575798526,0.0012873239575798526,0.0012873239575798526
5,8,1,4,4,B,A,D,large,0.996061767420512,1,0.7097643597798778,1,0,0.30976435977987776,0.7128445938761995,0.3677326872637082,0.3677326872637082,0.9172561254865809,0.9172561254865809,0.9172561254865809,0.9172561254865809
5,8,2,1,3,A,B,C,small,0.677952645466397,0.062520432198064,0.5413331958257306,0.643474958158088,0,0.4081989401011757,0.4081989401011757,0.28394321256249533,0.5450551919125114,0.33212052632000555,0.33212052632000555,0.33212052632000555,0.33212052632000555
5,8,2,2,2,B,A,B,large,0.3312594917163358,1,0.5351735242294178,1,1,0.13517352422941772,0.5630197906484871,0.7104590139696187,0.7104590139696187,0.9423654834691502,0.9423654834691502,0.9711827417345751,0.9711827417345751
5,8,2,3,1,B,A,A,small,-0.002345602689227656,0.46231351411842575,0.30459454790303264,0,0,0.30459454790303264,0.30778107877775746,0.048163370417556105,0.048163370417556105,0.0012873239575798526,0.0012873239575798526,0.0012873239575798526,0.0012873239575798526
5,8,2,4,4,A,B,D,large,1.0109000275793247,1,0.7677326872637082,1,1,0.7128445938761995,0.7128445938761995,0.3677326872637082,0.7871871181212102,0.9172561254865809,0.9172561254865809,0.9586280627432904,0.9586280627432904
5,8,3,1,3,A,B,C,small,0.6573694691283934,0.09211741668949015,0.7409062438087918,0.48962762974070095,1,0.4081989401011757,0.4081989401011757,0.5450551919125114,0.7619108011626328,0.33212052632000555,0.33212052632000555,0.21211897150474784,0.21211897150474784
5,8,3,2,4,B,A,D,large,0.9892871601560931,0.8749517559118315,0.8443728767336824,0.3288207071437073,1,0.7128445938761995,0.8585903942245954,0.7871871181212102,0.7871871181212102,0.9586280627432904,0.9586280627432904,0.9167899093275609,0.9167899093275609
5,8,3,3,1,A,B,A,small,0.015844506489313553,0.1806131740567452,0.080317233682936,0.08038465816344975,0,0.30778107877775746,0.30778107877775746,0.048163370417556105,0.0814322275674944,0.0012873239575798526,0.0012873239575798526,0.0012873239575798526,0.0012873239575798526
5,8,3,4,2,B,A,B,large,0.34037514647192085,1,0.9499999999999998,1,1,0.5630197906484871,0.9550811584492837,0.7104590139696187,0.7104590139696187,0.9711827417345751,0.9711827417345751,0.9855913708672875,0.9855913708672875
5,8,4,1,4,A,B,D,large,1.009743147878816,1,0.9499999999999998,1,1,0.8585903942245954,0.8585903942245954,0.7871871181212102,0.9550811584492837,0.9167899093275609,0.9167899093275609,0.9583949546637804,0.9583949546637804
5,8,4,2,2,A,B,B,large,0.3163019894830588,1,0.9499999999999998,1,1,0.9550811584492837,0.9550811584492837,0.7104590139696187,0.9550811584492837,0.9855913708672875,0.9855913708672875,0.9927956854336437,0.9927956854336437
5,8,4,3,3,B,A,C,small,0.6751354289776806,0.19477512486180362,0.4167422602278677,0.021358300316729983,1,0.4081989401011757,0.44431662593665955,0.7619108011626328,0.7619108011626328,0.21211897150474784,0.21211897150474784,0.20344704818327575,0.20344704818327575
5,8,4,4,1,B,A,A,small,0.013236478248775533,0.020512364514808337,0.6590130479425551,0.8780799229119941,0,0.30778107877775746,0.6623756870995454,0.0814322275674944,0.0814322275674944,0.0012873239575798526,0.0012873239575798526,0.0012873239575798526,0.0012873239575798526
5,8,5,1,4,B,A,D,large,1.0209940258123114,0.9284110293917953,0.9499999999999998,0.5953646952066654,1,0.8585903942245954,0.9550811584492837,0.9550811584492837,0.9550811584492837,0.9583949546637804,0.9583949546637804,0.9434029920277879,0.9434029920277879
5,8,5,2,3,B,A,C,small,0.6809312967193811,0.3143909250738909,0.4443166259366596,0,0,0.44431662593665955,0.44802314273794686,0.7619108011626328,0.7619108011626328,0.20344704818327575,0.20344704818327575,0.20344704818327575,0.20344704818327575
5,8,5,3,1,A,B,A,small,0.011126332629154674,0,0.4814322275674944,1,1,0.6623756870995454,0.6623756870995454,0.0814322275674944,0.5095475245478231,0.0012873239575798526,0.0012873239575798526,6.436619787899263e-4,6.436619787899263e-4
5,8,5,4,2,A,B,B,large,0.31041941333359263,0.9437569766784384,0.9499999999999998,0.6772925291863316,1,0.9550811584492837,0.9550811584492837,0.9550811584492837,0.9550811584492837,0.9927956854336437,0.9927956854336437,0.968276331056041,0.968276331056041
5,8,6,1,2,B,A,B,large,0.33885469483131503,1,0.9499999999999998,1,1,0.9550811584492837,0.9550811584492837,0.9550811584492837,0.9550811584492837,0.968276331056041,0.968276331056041,0.9841381655280206,0.9841381655280206
5,8,6,2,3,A,B,C,small,0.668709914627602,0.3611264793728237,0.7619108011626328,0,1,0.44802314273794686,0.44802314273794686,0.7619108011626328,0.7817142194949925,0.20344704818327575,0.20344704818327575,0.28228676377804973,0.28228676377804973
5,8,6,3,4,B,A,D,large,0.9918601329684548,0.9520975757697308,0.9499999999999998,0.7228867652361555,1,0.9550811584492837,0.9550811584492837,0.9550811584492837,0.9550811584492837,0.9434029920277879,0.9434029920277879,0.9477502838987593,0.9477502838987593
5,8,6,4,1,A,B,A,small,0.010223127402517863,0,0.9095475245478233,1,1,0.6623756870995454,0.6623756870995454,0.5095475245478231,0.9183864275891972,6.436619787899263e-4,6.436619787899263e-4,3.2183098939496315e-4,3.2183098939496315e-4
5,8,7,1,2,A,B,B,large,0.3325591120989623,1,0.9499999999999998,1,1,0.9550811584492837,0.9550811584492837,0.9550811584492837,0.9550811584492837,0.9841381655280206,0.9841381655280206,0.9920690827640103,0.9920690827640103
5,8,7,2,4,B,A,D,large,1.0048787008098838,0.9628792063735614,0.9499999999999998,0.7829633453804519,1,0.9550811584492837,0.9550811584492837,0.9550811584492837,0.9550811584492837,0.9477502838987593,0.9477502838987593,0.9553147451361603,0.9553147451361603
5,8,7,3,1,A,B,A,small,0.015269008840047173,0,0.9499999999999998,1,1,0.6623756870995454,0.6623756870995454,0.9183864275891972,0.9550811584492837,3.2183098939496315e-4,3.2183098939496315e-4,1.6091549469748157e-4,1.6091549469748157e-4
5,8,7,4,3,B,A,C,small,0.6804874418948784,0.32347960991247593,0.44802314273794686,0,1,0.44802314273794686,0.4759782001185852,0.7817142194949925,0.7817142194949925,0.28228676377804973,0.28228676377804973,0.30288318684526283,0.30288318684526283
5,8,8,1,3,B,A,C,small,0.6642689923719538,0,0.8759782001185853,1,1,0.4759782001185852,0.8876924097705725,0.7817142194949925,0.7817142194949925,0.30288318684526283,0.30288318684526283,0.15144159342263142,0.15144159342263142
5,8,8,2,4,B,A,D,large,0.9980971330878138,0.8888722128165139,0.9499999999999998,0.3955067617816004,1,0.9550811584492837,0.9550811584492837,0.9550811584492837,0.9550811584492837,0.9553147451361603,0.9553147451361603,0.9220934789763371,0.9220934789763371
5,8,8,3,2,A,B,B,large,0.32495099857210485,1,0.9499999999999998,1,1,0.9550811584492837,0.9550811584492837,0.9550811584492837,0.9550811584492837,0.9920690827640103,0.9920690827640103,0.9960345413820051,0.9960345413820051
5,8,8,4,1,A,B,A,small,0.013948348697401055,0.01667865207243696,0.9499999999999998,0.9004880830621406,1,0.6623756870995454,0.6623756870995454,0.9550811584492837,0.9550811584492837,1.6091549469748157e-4,1.6091549469748157e-4,0.008419783783567222,0.008419783783567222
5,8,9,1,4,B,A,D,large,1.0031102734484623,0.953511611190531,0.9499999999999998,0.7306923326461134,1,0.9550811584492837,0.9550811584492837,0.9550811584492837,0.9550811584492837,0.9220934789763371,0.9220934789763371,0.937802545083434,0.937802545083434
5,8,9,2,2,A,B,B,large,0.3335594667726443,0.8197516928719714,0.9499999999999998,0.08192760803070895,1,0.9550811584492837,0.9550811584492837,0.9550811584492837,0.9550811584492837,0.9960345413820051,0.9960345413820051,0.9078931171269882,0.9078931171269882
5,8,9,3,1,B,A,A,small,-0.015395957235275454,0.08680398058456526,0.8690080202713294,0.5165808329294598,1,0.6623756870995454,0.8812913660471661,0.9550811584492837,0.9550811584492837,0.008419783783567222,0.008419783783567222,0.04761188218406624,0.04761188218406624
5,8,9,4,3,A,B,C,small,0.6613024691100856,0.05977306600938865,0.9499999999999998,0.6582232987632971,1,0.8876924097705725,0.8876924097705725,0.7817142194949925,0.9550811584492837,0.15144159342263142,0.15144159342263142,0.10560732971601003,0.10560732971601003
5,8,10,1,1,A,B,A,small,-0.003104658172683243,0.06456991825731147,0.9499999999999998,0.6325256144331379,1,0.8812913660471661,0.8812913660471661,0.9550811584492837,0.9550811584492837,0.04761188218406624,0.04761188218406624,0.056090900220688855,0.056090900220688855
5,8,10,2,2,B,A,B,large,0.34443916140815206,0.9596883454728453,0.9499999999999998,0.7650483137534668,1,0.9550811584492837,0.9550811584492837,0.9550811584492837,0.9550811584492837,0.9078931171269882,0.9078931171269882,0.9337907312999167,0.9337907312999167
5,8,10,3,4,A,B,D,large,0.981625932664374,0.874124293040183,0.9499999999999998,0.3249148969631713,1,0.9550811584492837,0.9550811584492837,0.9550811584492837,0.9550811584492837,0.937802545083434,0.937802545083434,0.9059634190618084,0.9059634190618084
5,8,10,4,3,B,A,C,small,0.6748959348529907,0,0.9499999999999998,1,1,0.8876924097705725,0.9550811584492837,0.9550811584492837,0.9550811584492837,0.10560732971601003,0.10560732971601003,0.052803664858005014,0.052803664858005014
5,9,1,1,3,A,B,C,small,0.6769686470684864,0.5071539914732038,0.10611432527964507,0,0,0.28104918539770585,0.28104918539770585,0.10611432527964505,0.10754556574951066,0.052803664858005014,0.052803664858005014,0.052803664858005014,0.052803664858005014
5,9,1,2,1,A,B,A,small,0.012475431860788777,0.583807203843862,0.22935260289831041,0,1,0.3858103051289072,0.3858103051289072,0.22935260289831044,0.24983914481994832,0.056090900220688855,0.056090900220688855,0.3199490520322754,0.3199490520322754
5,9,1,3,4,B,A,D,large,1.0013106689107432,1,0.5928434080707783,1,1,0.19284340807077818,0.6196899517365981,0.20280674732598697,0.20280674732598697,0.9059634190618084,0.9059634190618084,0.9529817095309042,0.9529817095309042
5,9,1,4,2,B,A,B,large,0.3334764828389287,0.8881483520085958,0.4407680494263202,0.3919931496523736,1,0.2839707895653708,0.4686547719635725,0.16632464062654054,0.16632464062654054,0.9337907312999167,0.9337907312999167,0.9109695416542563,0.9109695416542563
5,9,2,1,2,A,B,B,large,0.3412000928951011,0.9167190153905075,0.3801687713978926,0.5346103269283803,1,0.4686547719635725,0.4686547719635725,0.16632464062654054,0.40701189235558544,0.9109695416542563,0.9109695416542563,0.9138442785223819,0.9138442785223819
5,9,2,2,4,B,A,D,large,1.0034555871390525,0.737190638101164,0.6196899517365981,0,0,0.6196899517365981,0.6232186650324103,0.20280674732598697,0.20280674732598697,0.9529817095309042,0.9529817095309042,0.9529817095309042,0.9529817095309042
5,9,2,3,1,B,A,A,small,-0.0021904222594528308,0.16036675828505836,0.45290148653109974,0.16772795350548136,0,0.3858103051289072,0.45662077033630116,0.24983914481994832,0.24983914481994832,0.3199490520322754,0.3199490520322754,0.3199490520322754,0.3199490520322754
5,9,2,4,3,A,B,C,small,0.6720194981538017,0.26050866031887226,0.10754556574951066,0,0,0.28104918539770585,0.28104918539770585,0.10754556574951066,0.10899375658531855,0.052803664858005014,0.052803664858005014,0.052803664858005014,0.052803664858005014
5,9,3,1,3,A,B,C,small,0.6620307677226493,0.626099707227068,0.10899375658531855,0,0,0.28104918539770585,0.28104918539770585,0.10899375658531855,0.11045903486997947,0.052803664858005014,0.052803664858005014,0.052803664858005014,0.052803664858005014
5,9,3,2,2,B,A,B,large,0.3320799625443966,0.670841444797144,0.4686547719635725,0,0,0.4686547719635725,0.4723917210790623,0.40701189235558544,0.40701189235558544,0.9138442785223819,0.9138442785223819,0.9138442785223819,0.9138442785223819
5,9,3,3,4,A,B,D,large,0.9917350630450749,0.7405418376861218,0.20280674732598694,0,0,0.6232186650324103,0.6232186650324103,0.20280674732598697,0.20524270345634263,0.9529817095309042,0.9529817095309042,0.9529817095309042,0.9529817095309042
5,9,3,4,1,B,A,A,small,-0.020651756886157325,0.39670180386066684,0.45662077033630116,0,1,0.45662077033630116,0.4846412705886936,0.24983914481994832,0.24983914481994832,0.3199490520322754,0.3199490520322754,0.35832542794647115,0.35832542794647115
5,9,4,1,4,A,B,D,large,1.0021913984862405,1,0.6052427034563426,1,0,0.6232186650324103,0.6232186650324103,0.20524270345634263,0.6088208473638612,0.9529817095309042,0.9529817095309042,0.9529817095309042,0.9529817095309042
5,9,4,2,2,B,A,B,large,0.33869785514282946,1,0.8723917210790624,1,1,0.4723917210790623,0.8843999796634632,0.40701189235558544,0.40701189235558544,0.9138442785223819,0.9138442785223819,0.956922139261191,0.956922139261191
5,9,4,3,1,B,A,A,small,0.006007119030190756,0.6558150632261716,0.4846412705886936,0,0,0.4846412705886936,0.4883885252654542,0.24983914481994832,0.24983914481994832,0.35832542794647115,0.35832542794647115,0.35832542794647115,0.35832542794647115
5,9,4,4,3,A,B,C,small,0.6771262419795423,0.17934095900566918,0.14476683018671885,0.08576948829184844,0,0.28104918539770585,0.28104918539770585,0.11045903486997947,0.14663388470094363,0.052803664858005014,0.052803664858005014,0.052803664858005014,0.052803664858005014
5,9,5,1,2,A,B,B,large,0.3317317397319723,0.992811187418756,0.7896923550157076,0.9567011566503051,1,0.8843999796634632,0.8843999796634632,0.40701189235558544,0.8077680152355946,0.956922139261191,0.956922139261191,0.9748666633399734,0.9748666633399734
5,9,5,2,3,A,B,C,small,0.6800114540623708,0,0.5466338847009437,1,1,0.28104918539770585,0.28104918539770585,0.14663388470094363,0.5743396608700311,0.052803664858005014,0.052803664858005014,0.026401832429002507,0.026401832429002507
5,9,5,3,4,B,A,D,large,1.0066034947227758,1,0.9499999999999998,1,1,0.6232186650324103,0.9550811584492837,0.6088208473638612,0.6088208473638612,0.9529817095309042,0.9529817095309042,0.976490854765452,0.976490854765452
5,9,5,4,1,B,A,A,small,-0.002899464391941701,0.6188834512891362,0.4883885252654542,0,1,0.4883885252654542,0.5165054378659802,0.24983914481994832,0.24983914481994832,0.35832542794647115,0.35832542794647115,0.4886044396178037,0.4886044396178037
5,9,6,1,1,B,A,A,small,-0.0065163835109168676,0.7702407051992566,0.5165054378659802,0,1,0.5165054378659802,0.5445182351406205,0.24983914481994832,0.24983914481994832,0.4886044396178037,0.4886044396178037,0.6294225724085302,0.6294225724085302
5,9,6,2,4,A,B,D,large,1.0123440818922629,0.9934417727985536,0.9499999999999998,0.9604743678722559,1,0.9550811584492837,0.9550811584492837,0.6088208473638612,0.9550811584492837,0.976490854765452,0.976490854765452,0.9849663137820028,0.9849663137820028
5,9,6,3,2,A,B,B,large,0.3373903481471993,0.9044483197363582,0.9499999999999998,0.47235858642855655,1,0.8843999796634632,0.8843999796634632,0.8077680152355946,0.9550811584492837,0.9748666633399734,0.9748666633399734,0.9396574915381658,0.9396574915381658
5,9,6,4,3,B,A,C,small,0.6596134993104489,0,0.6810491853977058,1,0,0.28104918539770585,0.6842986177518692,0.5743396608700311,0.5743396608700311,0.026401832429002507,0.026401832429002507,0.026401832429002507,0.026401832429002507
5,9,7,1,2,A,B,B,large,0.329315810420552,0.8273630859071123,0.9499999999999998,0.11437275100790435,1,0.8843999796634632,0.8843999796634632,0.9550811584492837,0.9550811584492837,0.9396574915381658,0.9396574915381658,0.883510288722639,0.883510288722639
5,9,7,2,1,B,A,A,small,0.020093393517300117,0.6938128945634588,0.5445182351406205,0,1,0.5445182351406205,0.5722521302672692,0.24983914481994832,0.24983914481994832,0.6294225724085302,0.6294225724085302,0.6616177334859945,0.6616177334859945
5,9,7,3,3,A,B,C,small,0.6621848204754948,0.0949738051064045,0.7644421058280242,0.47525611239498267,1,0.6842986177518692,0.6842986177518692,0.5743396608700311,0.7840946420570614,0.026401832429002507,0.026401832429002507,0.0606878187677035,0.0606878187677035
5,9,7,4,4,B,A,D,large,1.0004964611970968,0.9626932977843168,0.9499999999999998,0.7819164254640611,1,0.9550811584492837,0.9550811584492837,0.9550811584492837,0.9550811584492837,0.9849663137820028,0.9849663137820028,0.9738298057831598,0.9738298057831598
5,9,8,1,2,B,A,B,large,0.33130017245232835,0.8591714719685822,0.9499999999999998,0.2554366907427036,1,0.8843999796634632,0.9550811584492837,0.9550811584492837,0.9550811584492837,0.883510288722639,0.883510288722639,0.8713408803456106,0.8713408803456106
5,9,8,2,4,A,B,D,large,1.011432965495719,0.9570172236897164,0.9499999999999998,0.7501390104911243,1,0.9550811584492837,0.9550811584492837,0.9550811584492837,0.9550811584492837,0.9738298057831598,0.9738298057831598,0.9654235147364381,0.9654235147364381
5,9,8,3,3,B,A,C,small,0.6676301941664666,0.06558100954708389,0.935154772459418,0.627140386768872,1,0.6842986177518692,0.9416518920091232,0.7840946420570614,0.7840946420570614,0.0606878187677035,0.0606878187677035,0.0631344141573937,0.0631344141573937
5,9,8,4,1,A,B,A,small,0.02608164859594729,0.6970505754991804,0.24983914481994832,0,1,0.5722521302672692,0.5722521302672692,0.24983914481994832,0.27151090204218437,0.6616177334859945,0.6616177334859945,0.6793341544925875,0.6793341544925875
5,9,9,1,3,B,A,C,small,0.6718414656386824,0.20929192698078367,0.9416518920091232,0,1,0.9416518920091232,0.9475345593910746,0.7840946420570614,0.7840946420570614,0.0631344141573937,0.0631344141573937,0.1362131705690887,0.1362131705690887
5,9,9,2,4,B,A,D,large,0.9978225505435899,1,0.9499999999999998,1,1,0.9550811584492837,0.9550811584492837,0.9550811584492837,0.9550811584492837,0.9654235147364381,0.9654235147364381,0.982711757368219,0.982711757368219
5,9,9,3,2,A,B,B,large,0.3261638359168345,0.9975216970731156,0.9499999999999998,0.9850025999640107,1,0.9550811584492837,0.9550811584492837,0.9550811584492837,0.9550811584492837,0.8713408803456106,0.8713408803456106,0.9344312887093631,0.9344312887093631
5,9,9,4,1,A,B,A,small,0.0012219398635411934,0.23444623258823208,0.27151090204218437,0,0,0.5722521302672692,0.5722521302672692,0.27151090204218437,0.27448794051717473,0.6793341544925875,0.6793341544925875,0.6793341544925875,0.6793341544925875
5,9,10,1,1,A,B,A,small,-0.024443157060669324,0.8565864469603013,0.17703408932757053,-0.24363462797401045,1,0.5722521302672692,0.5722521302672692,0.27448794051717473,0.1940239425666772,0.6793341544925875,0.6793341544925875,0.7679603007264444,0.7679603007264444
5,9,10,2,4,B,A,D,large,0.9867047627213579,0.922817562762345,0.9499999999999998,0.5661224867070684,1,0.9550811584492837,0.9550811584492837,0.9550811584492837,0.9550811584492837,0.982711757368219,0.982711757368219,0.9527646600652819,0.9527646600652819
5,9,10,3,3,A,B,C,small,0.65846410872551,0.01628612869297832,0.9499999999999998,0.9027921048032365,1,0.9475345593910746,0.9475345593910746,0.7840946420570614,0.9550811584492837,0.1362131705690887,0.1362131705690887,0.0762496496310335,0.0762496496310335
5,9,10,4,2,B,A,B,large,0.3413584363378623,0.864002099723582,0.9499999999999998,0.2776553846447324,1,0.9550811584492837,0.9550811584492837,0.9550811584492837,0.9550811584492837,0.9344312887093631,0.9344312887093631,0.8992166942164725,0.8992166942164725
5,10,1,1,2,B,A,B,large,0.3298374206917118,0.6942923151818928,0.2671625484322727,0,0,0.2671625484322727,0.27010958670594365,0.38174717464977365,0.38174717464977365,0.8992166942164725,0.8992166942164725,0.8992166942164725,0.8992166942164725
5,10,1,2,3,B,A,C,small,0.6571036709618395,0,0.6962374608435064,1,0,0.29623746084350633,0.6994004539559775,0.28885478454437147,0.28885478454437147,0.0762496496310335,0.0762496496310335,0.0762496496310335,0.0762496496310335
5,10,1,3,1,A,B,A,small,0.007933808913905264,1,0,-1,0,0.1475113790813571,0.1475113790813571,0.2275889934105824,0,0.7679603007264444,0.7679603007264444,0.7679603007264444,0.7679603007264444
5,10,1,4,4,A,B,D,large,0.9906424908152259,1,0.6373264295797476,1,1,0.10215252317023964,0.10215252317023964,0.23732642957974753,0.6629076582725834,0.9527646600652819,0.9527646600652819,0.976382330032641,0.976382330032641
5,10,2,1,4,B,A,D,large,1.014223138652364,1,0.5021525231702396,1,1,0.10215252317023964,0.5302405822675405,0.6629076582725834,0.6629076582725834,0.976382330032641,0.976382330032641,0.9881911650163204,0.9881911650163204
5,10,2,2,1,B,A,A,small,0.0010243057127591608,0.9450867407445886,0,-0.6845108738590332,0,0.1475113790813571,0,0,0,0.7679603007264444,0.7679603007264444,0.7679603007264444,0.7679603007264444
5,10,2,3,2,A,B,B,large,0.3264262675672919,1,0.7817471746497737,1,1,0.27010958670594365,0.27010958670594365,0.38174717464977365,0.8003330527210719,0.8992166942164725,0.8992166942164725,0.9496083471082363,0.9496083471082363
5,10,2,4,3,A,B,C,small,0.6798378203913784,0,0.6888547845443714,1,1,0.6994004539559775,0.6994004539559775,0.28885478454437147,0.7124413497347899,0.0762496496310335,0.0762496496310335,0.03812482481551675,0.03812482481551675
5,10,3,1,1,B,A,A,small,0.009958974891343998,0.5184697268420633,0,0,0,0,0,0,0,0.7679603007264444,0.7679603007264444,0.7679603007264444,0.7679603007264444
5,10,3,2,3,B,A,C,small,0.6659441954376591,0.07390655283988556,0.932683994716529,0.5832088519013787,1,0.6994004539559775,0.9394126330929792,0.7124413497347899,0.7124413497347899,0.03812482481551675,0.03812482481551675,0.05601568882770116,0.05601568882770116
5,10,3,3,4,A,B,D,large,0.9885452062434575,0.6980194785494078,0.6629076582725834,0,1,0.5302405822675405,0.5302405822675405,0.6629076582725834,0.6875690547009876,0.9881911650163204,0.9881911650163204,0.8431053217828641,0.8431053217828641
5,10,3,4,2,A,B,B,large,0.32708191614599047,1,0.9499999999999998,1,1,0.27010958670594365,0.27010958670594365,0.8003330527210719,0.9550811584492837,0.9496083471082363,0.9496083471082363,0.9748041735541182,0.9748041735541182
5,10,4,1,1,A,B,A,small,0.012567221807955211,0,0.4,1,0,0,0,0,0.403605340410737,0.7679603007264444,0.7679603007264444,0.7679603007264444,0.7679603007264444
5,10,4,2,3,A,B,C,small,0.6766457979583159,0.10158542154482705,0.8893629369305672,0.4423039679894433,1,0.9394126330929792,0.9394126330929792,0.7124413497347899,0.8999573036223604,0.05601568882770116,0.05601568882770116,0.07880055518626411,0.07880055518626411
5,10,4,3,2,B,A,B,large,0.31340526326737095,1,0.6701095867059436,1,1,0.27010958670594365,0.6944869215497582,0.9550811584492837,0.9550811584492837,0.9748041735541182,0.9748041735541182,0.9874020867770591,0.9874020867770591
5,10,4,4,4,B,A,D,large,0.976031503693151,0.7764543945905479,0.5302405822675405,0,1,0.5302405822675405,0.5581383744611991,0.6875690547009876,0.6875690547009876,0.8431053217828641,0.8431053217828641,0.809779858186706,0.809779858186706
5,10,5,1,1,B,A,A,small,-0.006718738954511927,0.4902442420291519,0,0,0,0,0,0.403605340410737,0.403605340410737,0.7679603007264444,0.7679603007264444,0.7679603007264444,0.7679603007264444
5,10,5,2,3,A,B,C,small,0.6746751909827383,0,0.9499999999999998,1,1,0.9394126330929792,0.9394126330929792,0.8999573036223604,0.9550811584492837,0.07880055518626411,0.07880055518626411,0.039400277593132055,0.039400277593132055
5,10,5,3,2,B,A,B,large,0.32416353448420854,1,0.9499999999999998,1,1,0.6944869215497582,0.9550811584492837,0.9550811584492837,0.9550811584492837,0.9874020867770591,0.9874020867770591,0.9937010433885296,0.9937010433885296
5,10,5,4,4,A,B,D,large,1.0021922092573115,0.36980616933041804,0.6875690547009876,0,1,0.5581383744611991,0.5581383744611991,0.6875690547009876,0.7112122250953257,0.809779858186706,0.809779858186706,0.589793013758562,0.589793013758562
5,10,6,1,1,A,B,A,small,-0.01838254810310937,1,0.003605340410736956,-1,0,0,0,0.403605340410737,0.0036596287484168696,0.7679603007264444,0.7679603007264444,0.7679603007264444,0.7679603007264444
5,10,6,2,4,B,A,D,large,0.9941666115946759,0.6313241538126235,0.5581383744611991,0,1,0.5581383744611991,0.5856739826886816,0.7112122250953257,0.7112122250953257,0.589793013758562,0.589793013758562,0.6105585837855927,0.6105585837855927
5,10,6,3,3,B,A,C,small,0.6554802342081499,0.06912591583798791,0.9499999999999998,0.6083454595126124,1,0.9394126330929792,0.9550811584492837,0.9550811584492837,0.9550811584492837,0.039400277593132055,0.039400277593132055,0.05426309671555998,0.05426309671555998
5,10,6,4,2,A,B,B,large,0.32716616808522575,0.8504683678071988,0.9499999999999998,0.21594412922847214,1,0.9550811584492837,0.9550811584492837,0.9550811584492837,0.9550811584492837,0.9937010433885296,0.9937010433885296,0.9220847055978643,0.9220847055978643
5,10,7,1,4,B,A,D,large,1.0015371057354263,0.7365553625253958,0.5856739826886816,0,0,0.5856739826886816,0.5893091424807886,0.7112122250953257,0.7112122250953257,0.6105585837855927,0.6105585837855927,0.6105585837855927,0.6105585837855927
5,10,7,2,1,A,B,A,small,0.0013995118685807295,1,0,-1,0,0,0,0.0036596287484168696,0,0.7679603007264444,0.7679603007264444,0.7679603007264444,0.7679603007264444
5,10,7,3,2,A,B,B,large,0.31910756669610774,0.9649034005164111,0.9499999999999998,0.7943875585947293,1,0.9550811584492837,0.9550811584492837,0.9550811584492837,0.9550811584492837,0.9220847055978643,0.9220847055978643,0.9434940530571376,0.9434940530571376
5,10,7,4,3,B,A,C,small,0.6647495483961919,0.14751858208220467,0.9499999999999998,0.22501784278374098,0,0.9550811584492837,0.9507077096900849,0.9550811584492837,0.9550811584492837,0.05426309671555998,0.05426309671555998,0.05426309671555998,0.05426309671555998
5,10,8,1,4,A,B,D,large,0.97512423502839,0.7349088715048006,0.7112122250953257,0,1,0.5893091424807886,0.5893091424807886,0.7112122250953257,0.7337590146114328,0.6105585837855927,0.6105585837855927,0.6727337276451966,0.6727337276451966
5,10,8,2,3,A,B,C,small,0.6561697085460094,0.02298725335910477,0.9499999999999998,0.8637051182373927,1,0.9507077096900849,0.9507077096900849,0.9550811584492837,0.9550811584492837,0.05426309671555998,0.05426309671555998,0.03862517503733238,0.03862517503733238
5,10,8,3,1,B,A,A,small,0.006306329821044451,0.5558586180300501,0,0,0,0,0,0,0,0.7679603007264444,0.7679603007264444,0.7679603007264444,0.7679603007264444
5,10,8,4,2,B,A,B,large,0.3272257506143741,0.9730717387960066,0.9499999999999998,0.8409610659120231,1,0.9550811584492837,0.9550811584492837,0.9550811584492837,0.9550811584492837,0.9434940530571376,0.9434940530571376,0.9582828959265721,0.9582828959265721
5,10,9,1,1,B,A,A,small,-0.001865776639268822,1,0,-1,0,0,0,0,0,0.7679603007264444,0.7679603007264444,0.7679603007264444,0.7679603007264444
5,10,9,2,4,B,A,D,large,0.9860299561452167,0.5858119868943207,0.5893091424807886,0,0,0.5893091424807886,0.592934575894967,0.7337590146114328,0.7337590146114328,0.6727337276451966,0.6727337276451966,0.6727337276451966,0.6727337276451966
5,10,9,3,2,A,B,B,large,0.34212474287646083,0.9580375377693227,0.9499999999999998,0.7558246610116852,1,0.9550811584492837,0.9550811584492837,0.9550811584492837,0.9550811584492837,0.9582828959265721,0.9582828959265721,0.9581602168479474,0.9581602168479474
5,10,9,4,3,A,B,C,small,0.6758453490529186,0.12087044579382032,0.9499999999999998,0.34863985859417757,1,0.9507077096900849,0.9507077096900849,0.9550811584492837,0.9550811584492837,0.03862517503733238,0.03862517503733238,0.07974781041557635,0.07974781041557635
5,10,10,1,2,A,B,B,large,0.31858700416214786,0.9013794585480072,0.9499999999999998,0.45702698724891555,1,0.9550811584492837,0.9550811584492837,0.9550811584492837,0.9550811584492837,0.9581602168479474,0.9581602168479474,0.9297698376979773,0.9297698376979773
5,10,10,2,4,B,A,D,large,1.0088309946747354,0.5047996432639871,0.592934575894967,0,0,0.592934575894967,0.5965499157255397,0.7337590146114328,0.7337590146114328,0.6727337276451966,0.6727337276451966,0.6727337276451966,0.6727337276451966
5,10,10,3,3,A,B,C,small,0.6758867107393527,0.16448996711769204,0.9499999999999998,0.14965244459185092,1,0.9507077096900849,0.9507077096900849,0.9550811584492837,0.9550811584492837,0.07974781041557635,0.07974781041557635,0.1221188887666342,0.1221188887666342
5,10,10,4,1,B,A,A,small,3.820723656630548e-4,0.4423262812001249,0,0,0,0,0,0,0,0.7679603007264444,0.7679603007264444,0.7679603007264444,0.7679603007264444
6,1,1,1,3,A,B,C,small,0.6688462101471349,0,0.7442761593273113,1,1,0.19923834992256656,0.19923834992256656,0.34427615932731137,0.7650941374971085,0.1221188887666342,0.1221188887666342,0.0610594443833171,0.0610594443833171
6,1,1,2,4,B,A,D,large,1.000028611764648,0.7766323470258432,0.18210169111354585,0,0,0.18210169111354585,0.18434646314080463,0.18605172638462905,0.18605172638462905,0.6727337276451966,0.6727337276451966,0.6727337276451966,0.6727337276451966
6,1,1,3,1,A,B,A,small,-0.0046803495404738665,1,0,-1,0,0.36471436150525094,0.36471436150525094,0.06192678232018767,0,0.7679603007264444,0.7679603007264444,0.7679603007264444,0.7679603007264444
6,1,1,4,2,B,A,B,large,0.32266294157820136,1,0.9499999999999998,1,1,0.5912642441074547,0.9550811584492837,0.24034344678486788,0.24034344678486788,0.9297698376979773,0.9297698376979773,0.9648849188489886,0.9648849188489886
6,1,2,1,1,B,A,A,small,-0.009120802656512803,1,0,-1,0,0.36471436150525094,0,0,0,0.7679603007264444,0.7679603007264444,0.7679603007264444,0.7679603007264444
6,1,2,2,4,A,B,D,large,1.0131683235571887,0.8750380082025287,0.31774301014826234,0.3292282094090832,0,0.18434646314080463,0.18434646314080463,0.18605172638462905,0.32100359883338997,0.6727337276451966,0.6727337276451966,0.6727337276451966,0.6727337276451966
6,1,2,3,2,B,A,B,large,0.3245017369958937,0.686896662338614,0.9499999999999998,0,1,0.9550811584492837,0.9550811584492837,0.24034344678486788,0.24034344678486788,0.9648849188489886,0.9648849188489886,0.8258907905938013,0.8258907905938013
6,1,2,4,3,A,B,C,small,0.681633685949369,0.2303917041985126,0.7650941374971085,0,0,0.19923834992256656,0.19923834992256656,0.7650941374971085,0.7677792863663728,0.0610594443833171,0.0610594443833171,0.0610594443833171,0.0610594443833171
6,1,3,1,3,A,B,C,small,0.6601243607896503,0.43998480071875523,0.7677792863663728,0,0,0.19923834992256656,0.19923834992256656,0.7677792863663728,0.770442951116056,0.0610594443833171,0.0610594443833171,0.0610594443833171,0.0610594443833171
6,1,3,2,2,A,B,B,large,0.343444358576046,0.7760767545237569,0.24034344678486785,0,0,0.9550811584492837,0.9550811584492837,0.24034344678486788,0.2430927805887261,0.8258907905938013,0.8258907905938013,0.8258907905938013,0.8258907905938013
6,1,3,3,4,B,A,D,large,1.009675501495762,1,0.5843464631408046,1,0,0.18434646314080463,0.5879850764669232,0.32100359883338997,0.32100359883338997,0.6727337276451966,0.6727337276451966,0.6727337276451966,0.6727337276451966
6,1,3,4,1,B,A,A,small,-0.015881950606942426,0.49185055605329736,0,0,0,0,0,0,0,0.7679603007264444,0.7679603007264444,0.7679603007264444,0.7679603007264444
6,1,4,1,4,A,B,D,large,0.9937070819171535,0.85836744785202,0.42170733404035626,0.25175933801741585,0,0.5879850764669232,0.5879850764669232,0.32100359883338997,0.4253696202018085,0.6727337276451966,0.6727337276451966,0.6727337276451966,0.6727337276451966
6,1,4,2,2,B,A,B,large,0.33079775661742,0.8396446429959527,0.9499999999999998,0.1677781418949948,1,0.9550811584492837,0.9550811584492837,0.2430927805887261,0.2430927805887261,0.8258907905938013,0.8258907905938013,0.832767716794877,0.832767716794877
6,1,4,3,1,B,A,A,small,0.009655431839304281,1,0,-1,0,0,0,0,0,0.7679603007264444,0.7679603007264444,0.7679603007264444,0.7679603007264444
6,1,4,4,3,A,B,C,small,0.6527767269715796,0.15424303407211384,0.8483829521121617,0.1948500024902641,1,0.19923834992256656,0.19923834992256656,0.770442951116056,0.8622938701336385,0.0610594443833171,0.0610594443833171,0.10765123922771547,0.10765123922771547
6,1,5,1,4,A,B,D,large,1.0072642678762989,1,0.8253696202018086,1,1,0.5879850764669232,0.5879850764669232,0.4253696202018085,0.8409962863091195,0.6727337276451966,0.6727337276451966,0.8363668638225983,0.8363668638225983
6,1,5,2,3,A,B,C,small,0.6744760654426915,0,0.9499999999999998,1,1,0.19923834992256656,0.19923834992256656,0.8622938701336385,0.9550811584492837,0.10765123922771547,0.10765123922771547,0.053825619613857734,0.053825619613857734
6,1,5,3,2,B,A,B,large,0.3247429958744891,1,0.9499999999999998,1,0,0.9550811584492837,0.9507077096900849,0.2430927805887261,0.2430927805887261,0.832767716794877,0.832767716794877,0.832767716794877,0.832767716794877
6,1,5,4,1,B,A,A,small,0.0010984440345396243,0.6228666183247118,0,0,0,0,0,0,0,0.7679603007264444,0.7679603007264444,0.7679603007264444,0.7679603007264444
6,1,6,1,1,B,A,A,small,0.010461552063721813,1,0,-1,0,0,0,0,0,0.7679603007264444,0.7679603007264444,0.7679603007264444,0.7679603007264444
6,1,6,2,4,A,B,D,large,1.0061111684406672,0.9340980619089507,0.9499999999999998,0.6254333475880561,1,0.5879850764669232,0.5879850764669232,0.8409962863091195,0.9550811584492837,0.8363668638225983,0.8363668638225983,0.8852324628657745,0.8852324628657745
6,1,6,3,2,A,B,B,large,0.33482703896174226,0.7237457784020878,0.2430927805887261,0,0,0.9507077096900849,0.9507077096900849,0.2430927805887261,0.24586338567602697,0.832767716794877,0.832767716794877,0.832767716794877,0.832767716794877
6,1,6,4,3,B,A,C,small,0.6727929163806541,0.019341854831750768,0.5531996996130337,0.8849033742261677,0,0.19923834992256656,0.5569042208416888,0.9550811584492837,0.9550811584492837,0.053825619613857734,0.053825619613857734,0.053825619613857734,0.053825619613857734
6,1,7,1,1,B,A,A,small,-2.8043541478037974e-4,0.12043549076888085,0.1402851141918726,0.35071278547968143,0,0,0.14210397215661064,0,0,0.7679603007264444,0.7679603007264444,0.7679603007264444,0.7679603007264444
6,1,7,2,2,A,B,B,large,0.3379863417423952,0.8438808785664011,0.3204655722477499,0.18650546642930732,0,0.9507077096900849,0.9507077096900849,0.24586338567602697,0.32374084203074016,0.832767716794877,0.832767716794877,0.832767716794877,0.832767716794877
6,1,7,3,3,B,A,C,small,0.6749347380272844,0.1528073094758168,0.6374070439713053,0.20125705782404132,0,0.5569042208416888,0.6408666380791695,0.9550811584492837,0.9550811584492837,0.053825619613857734,0.053825619613857734,0.053825619613857734,0.053825619613857734
6,1,7,4,4,A,B,D,large,0.9933404598941257,0.8936479113264155,0.9499999999999998,0.4188158721138636,1,0.5879850764669232,0.5879850764669232,0.9550811584492837,0.9550811584492837,0.8852324628657745,0.8852324628657745,0.8894401870960951,0.8894401870960951
6,1,8,1,2,A,B,B,large,0.32629034124392153,0.8524927887259152,0.4137685219946145,0.22506919990968582,1,0.9507077096900849,0.9507077096900849,0.32374084203074016,0.44129499662715255,0.832767716794877,0.832767716794877,0.8426302527603962,0.8426302527603962
6,1,8,2,1,A,B,A,small,0.0024851826698079667,0.8187191733982916,0,-0.07756420151829393,0,0.14210397215661064,0.14210397215661064,0,0,0.7679603007264444,0.7679603007264444,0.7679603007264444,0.7679603007264444
6,1,8,3,3,B,A,C,small,0.6677110604147385,0.1655472486646271,0.698883217087019,0.14504144751962356,1,0.6408666380791695,0.7220163498419866,0.9550811584492837,0.9550811584492837,0.053825619613857734,0.053825619613857734,0.10968643413924242,0.10968643413924242
6,1,8,4,4,B,A,D,large,1.0003887200622752,0.8764216525972579,0.7222950398903597,0.33577490855859116,1,0.5879850764669232,0.7442876568214746,0.9550811584492837,0.9550811584492837,0.8894401870960951,0.8894401870960951,0.8829309198466765,0.8829309198466765
6,1,9,1,4,B,A,D,large,0.9933237027080888,1,0.9499999999999998,1,1,0.7442876568214746,0.9550811584492837,0.9550811584492837,0.9550811584492837,0.8829309198466765,0.8829309198466765,0.9414654599233383,0.9414654599233383
6,1,9,2,3,A,B,C,small,0.6726330283648023,0.14373162662068828,0.9499999999999998,0.24218665820912405,1,0.7220163498419866,0.7220163498419866,0.9550811584492837,0.9550811584492837,0.10968643413924242,0.10968643413924242,0.12670903037996534,0.12670903037996534
6,1,9,3,1,B,A,A,small,0.02026536085741596,0.5496011225064914,0.14210397215661064,0,0,0.14210397215661064,0.1439424640178417,0,0,0.7679603007264444,0.7679603007264444,0.7679603007264444,0.7679603007264444
6,1,9,4,2,A,B,B,large,0.32725276585159274,0.8506921010874283,0.528075313131664,0.2169507912612787,0,0.9507077096900849,0.9507077096900849,0.44129499662715255,0.5318118461587994,0.8426302527603962,0.8426302527603962,0.8426302527603962,0.8426302527603962
6,1,10,1,1,A,B,A,small,-8.721830662373123e-4,0.02177335131563655,0.34829875584239733,0.8707468896059933,0,0.1439424640178417,0.1439424640178417,0,0.3517112580585144,0.7679603007264444,0.7679603007264444,0.7679603007264444,0.7679603007264444
6,1,10,2,4,B,A,D,large,1.0071222002991322,0.9805167671260583,0.9499999999999998,0.8840783667233882,1,0.9550811584492837,0.9550811584492837,0.9550811584492837,0.9550811584492837,0.9414654599233383,0.9414654599233383,0.9609911135246982,0.9609911135246982
6,1,10,3,3,A,B,C,small,0.6584504865841208,0.027526795637322295,0.9499999999999998,0.8375225020849234,1,0.7220163498419866,0.7220163498419866,0.9550811584492837,0.9550811584492837,0.12670903037996534,0.12670903037996534,0.07711791300864382,0.07711791300864382
6,1,10,4,2,B,A,B,large,0.3359638855189007,0.8197232184295863,0.9499999999999998,0.08180715475188872,1,0.9507077096900849,0.9550811584492837,0.5318118461587994,0.5318118461587994,0.8426302527603962,0.8426302527603962,0.8311767355949913,0.8311767355949913
6,2,1,1,2,A,B,B,large,0.32554747174110865,1,0.6780147685486047,1,1,0.17440910171457455,0.17440910171457455,0.2780147685486046,0.702067664891855,0.8311767355949913,0.8311767355949913,0.9155883677974956,0.9155883677974956
6,2,1,2,1,B,A,A,small,0.005969877390255002,0.77446648886901015,0.18909282850229062,0,0,0.18909282850229062,0.1914036127267257,0.25308790765756073,0.25308790765756073,0.7679603007264444,0.7679603007264444,0.7679603007264444,0.7679603007264444
6,2,1,3,3,B,A,C,small,0.6472434091758025,0,0.6493971462380099,1,1,0.24939714623801001,0.6745617209895312,0.21232171748166795,0.21232171748166795,0.07711791300864382,0.07711791300864382,0.03855895650432191,0.03855895650432191
6,2,1,4,4,A,B,D,large,0.9913611432650253,0.8752311209047691,0.4749126562870715,0.3301408327234663,0,0.3322942325998577,0.3322942325998577,0.3428563231976851,0.47865455361850845,0.9609911135246982,0.9609911135246982,0.9609911135246982,0.9609911135246982
6,2,2,1,4,A,B,D,large,0.99550361440655,0.7075140102053157,0.47865455361850845,0,0,0.3322942325998577,0.3322942325998577,0.47865455361850845,0.4823988478465117,0.9609911135246982,0.9609911135246982,0.9609911135246982,0.9609911135246982
6,2,2,2,2,B,A,B,large,0.3357818723160417,0.9748576657638708,0.5149073681110758,0.8512456659912531,1,0.17440910171457455,0.5429308199863682,0.702067664891855,0.702067664891855,0.9155883677974956,0.9155883677974956,0.9452230167806832,0.9452230167806832
6,2,2,3,1,A,B,A,small,0.014011357412027558,0.6845687677929562,0.25308790765756073,0,0,0.1914036127267257,0.1914036127267257,0.25308790765756073,0.2559339112656045,0.7679603007264444,0.7679603007264444,0.7679603007264444,0.7679603007264444
6,2,2,4,3,B,A,C,small,0.6872690782876344,0.7128608593637914,0.6745617209895312,0,1,0.6745617209895312,0.6987579596079331,0.21232171748166795,0.21232171748166795,0.03855895650432191,0.03855895650432191,0.3757099079340567,0.3757099079340567
6,2,3,1,2,B,A,B,large,0.3232866839960165,0.9201877916659219,0.7639255779074625,0.5524868948027357,1,0.5429308199863682,0.7836090093506566,0.702067664891855,0.702067664891855,0.9452230167806832,0.9452230167806832,0.9327054042233025,0.9327054042233025
6,2,3,2,1,A,B,A,small,0.007389485059391247,0.8589870785772488,0.15409678691306133,-0.2545928108813579,0,0.1914036127267257,0.1914036127267257,0.2559339112656045,0.15606221227332395,0.7679603007264444,0.7679603007264444,0.7679603007264444,0.7679603007264444
6,2,3,3,3,B,A,C,small,0.6582369996548476,0.3722557179956336,0.6987579596079331,0,1,0.6987579596079331,0.721896886032697,0.21232171748166795,0.21232171748166795,0.3757099079340567,0.3757099079340567,0.37398281296484515,0.37398281296484515
6,2,3,4,4,A,B,D,large,1.002838806659885,0.8372582844206046,0.5453181720732813,0.15729831056692412,1,0.3322942325998577,0.3322942325998577,0.4823988478465117,0.5730415514080276,0.9609911135246982,0.9609911135246982,0.8991246989726513,0.8991246989726513
6,2,4,1,4,B,A,D,large,0.9837400765164891,0.5180899258367465,0.3322942325998577,0,1,0.3322942325998577,0.35770782274317864,0.5730415514080276,0.5730415514080276,0.8991246989726513,0.8991246989726513,0.708607312404699,0.708607312404699
6,2,4,2,3,A,B,C,small,0.6558013814986037,0.37226313404108036,0.21232171748166795,0,0,0.721896886032697,0.721896886032697,0.21232171748166795,0.21484116016295618,0.37398281296484515,0.37398281296484515,0.37398281296484515,0.37398281296484515
6,2,4,3,1,B,A,A,small,0.004396205352306014,0.415256867640372,0.1914036127267257,0,0,0.1914036127267257,0.19373588902372804,0.15606221227332395,0.15606221227332395,0.7679603007264444,0.7679603007264444,0.7679603007264444,0.7679603007264444
6,2,4,4,2,A,B,B,large,0.3363761861817505,1,0.9499999999999998,1,1,0.7836090093506566,0.7836090093506566,0.702067664891855,0.9550811584492837,0.9327054042233025,0.9327054042233025,0.9663527021116513,0.9663527021116513
6,2,5,1,2,B,A,B,large,0.32651663093952904,0.9968654947130199,0.9499999999999998,0.9810440360407606,1,0.7836090093506566,0.9550811584492837,0.9550811584492837,0.9550811584492837,0.9663527021116513,0.9663527021116513,0.9816090984123356,0.9816090984123356
6,2,5,2,1,A,B,A,small,0.0032492671057031343,1,0,-1,0,0.19373588902372804,0.19373588902372804,0.15606221227332395,0,0.7679603007264444,0.7679603007264444,0.7679603007264444,0.7679603007264444
6,2,5,3,4,B,A,D,large,1.006980416041565,0.65800657262976,0.3577078227431787,0,0,0.35770782274317864,0.3611614233380032,0.5730415514080276,0.5730415514080276,0.708607312404699,0.708607312404699,0.708607312404699,0.708607312404699
6,2,5,4,3,A,B,C,small,0.6583162462184642,0.60572985240168975,0.21484116016295618,0,0,0.721896886032697,0.721896886032697,0.21484116016295618,0.21738224826470004,0.37398281296484515,0.37398281296484515,0.37398281296484515,0.37398281296484515
6,2,6,1,3,A,B,C,small,0.6841503883019221,0.3604674524631403,0.21738224826470004,0,0,0.721896886032697,0.721896886032697,0.21738224826470004,0.21994497237978014,0.37398281296484515,0.37398281296484515,0.37398281296484515,0.37398281296484515
6,2,6,2,4,A,B,D,large,0.9989261801730502,0.9671828112447182,0.895964614373893,0.8073076574146634,1,0.3611614233380032,0.3611614233380032,0.5730415514080276,0.9059936387257072,0.708607312404699,0.708607312404699,0.8378950618247085,0.8378950618247085
6,2,6,3,2,B,A,B,large,0.3467809916380392,0.9334948154133977,0.9499999999999998,0.6222276053011029,1,0.9550811584492837,0.9550811584492837,0.9550811584492837,0.9550811584492837,0.9816090984123356,0.9816090984123356,0.9575519569128667,0.9575519569128667
6,2,6,4,1,B,A,A,small,0.009940352332898538,0,0.5937358890237281,1,0,0.19373588902372804,0.5973489449307049,0,0,0.7679603007264444,0.7679603007264444,0.7679603007264444,0.7679603007264444
6,2,7,1,1,B,A,A,small,-0.010192014092142192,1,0.1973489449307049,-1,0,0.5973489449307049,0.19973577089179848,0,0,0.7679603007264444,0.7679603007264444,0.7679603007264444,0.7679603007264444
6,2,7,2,4,A,B,D,large,1.0024541913536467,0.7386117461802584,0.9059936387257072,0,1,0.3611614233380032,0.3611614233380032,0.9059936387257072,0.9151474248454483,0.8378950618247085,0.8378950618247085,0.7882534040024834,0.7882534040024834
6,2,7,3,2,B,A,B,large,0.33474515400921634,1,0.9499999999999998,1,1,0.9550811584492837,0.9550811584492837,0.9550811584492837,0.9550811584492837,0.9575519569128667,0.9575519569128667,0.9787759784564334,0.9787759784564334
6,2,7,4,3,A,B,C,small,0.6829001021659793,0.4064568728947942,0.21994497237978014,0,0,0.721896886032697,0.721896886032697,0.21994497237978014,0.22252931803094117,0.37398281296484515,0.37398281296484515,0.37398281296484515,0.37398281296484515
6,2,8,1,2,B,A,B,large,0.3504073060418026,0.8933204652058936,0.9499999999999998,0.4172105623269354,1,0.9550811584492837,0.9550811584492837,0.9550811584492837,0.9550811584492837,0.9787759784564334,0.9787759784564334,0.9360482218311634,0.9360482218311634
6,2,8,2,3,A,B,C,small,0.670592117524692,0.31849061153710245,0.22252931803094117,0,0,0.721896886032697,0.721896886032697,0.22252931803094117,0.22513526559001792,0.37398281296484515,0.37398281296484515,0.37398281296484515,0.37398281296484515
6,2,8,3,1,A,B,A,small,0.019021778439341042,0.7931970950515586,0,0,0,0.19973577089179848,0.19973577089179848,0,0,0.7679603007264444,0.7679603007264444,0.7679603007264444,0.7679603007264444
6,2,8,4,4,B,A,D,large,1.0107908545976996,0.8812750650400466,0.5047144382409746,0.35888253725742847,1,0.3611614233380032,0.5327924387027904,0.9151474248454483,0.9151474248454483,0.7882534040024834,0.7882534040024834,0.834764234521265,0.834764234521265
6,2,9,1,1,B,A,A,small,-0.007394757501135255,0.0899816874220483,0.3999065800097899,0.5004270227949787,0,0.19973577089179848,0.4035116446729723,0,0,0.7679603007264444,0.7679603007264444,0.7679603007264444,0.7679603007264444
6,2,9,2,2,B,A,B,large,0.334330193122308,0.9638064737953292,0.9499999999999998,0.7881909473655484,1,0.9550811584492837,0.9550811584492837,0.9550811584492837,0.9550811584492837,0.9360482218311634,0.9360482218311634,0.9499273478132464,0.9499273478132464
6,2,9,3,3,A,B,C,small,0.6629878481971696,0.5879083129250738,0.22513526559001792,0,0,0.721896886032697,0.721896886032697,0.22513526559001792,0.22776279019858758,0.37398281296484515,0.37398281296484515,0.37398281296484515,0.37398281296484515
6,2,9,4,4,A,B,D,large,1.0053837147249025,0.9043276456390824,0.9499999999999998,0.4717539365479053,1,0.5327924387027904,0.5327924387027904,0.9151474248454483,0.9550811584492837,0.834764234521265,0.834764234521265,0.8695459400801737,0.8695459400801737
6,2,10,1,4,B,A,D,large,0.9935997245231998,0.6321161947658237,0.5327924387027904,0,0,0.5327924387027904,0.5365244028650931,0.9550811584492837,0.9550811584492837,0.8695459400801737,0.8695459400801737,0.8695459400801737,0.8695459400801737
6,2,10,2,3,B,A,C,small,0.6795381345598345,0.6209695805156318,0.721896886032697,0,1,0.721896886032697,0.7439098549311658,0.22776279019858758,0.22776279019858758,0.37398281296484515,0.37398281296484515,0.49747619674023846,0.49747619674023846
6,2,10,3,2,A,B,B,large,0.3294171328997935,1,0.9499999999999998,1,1,0.9550811584492837,0.9550811584492837,0.9550811584492837,0.9550811584492837,0.9499273478132464,0.9499273478132464,0.9749636739066232,0.9749636739066232
6,2,10,4,1,A,B,A,small,-4.559684421722916e-4,0.6470533669183375,0,0,0,0.4035116446729723,0.4035116446729723,0,0,0.7679603007264444,0.7679603007264444,0.7679603007264444,0.7679603007264444
6,3,1,1,4,B,A,D,large,0.9904323780882638,0.6640756813425355,0.21837123381745085,0,0,0.21837123381745088,0.2209423255815575,0.23970189407661366,0.23970189407661366,0.8695459400801737,0.8695459400801737,0.8695459400801737,0.8695459400801737
6,3,1,2,3,A,B,C,small,0.6765430832919648,0.9201459514622575,0.14607044665166488,-0.5522705287757254,0,0.4284770448531463,0.4284770448531463,0.366978658161955,0.14795140535593215,0.49747619674023846,0.49747619674023846,0.49747619674023846,0.49747619674023846
6,3,1,3,1,A,B,A,small,-0.018173333871271482,0.7504665839833328,0.18606190440163348,0,0,0.24889450971329016,0.24889450971329016,0.18606190440163348,0.18834425242965058,0.7679603007264444,0.7679603007264444,0.7679603007264444,0.7679603007264444
6,3,1,4,2,B,A,B,large,0.31954694107560905,1,0.662881292386779,1,1,0.26288129238677893,0.6875437085467583,0.12863318707968244,0.12863318707968244,0.9749636739066232,0.9749636739066232,0.9874818369533116,0.9874818369533116
6,3,2,1,1,A,B,A,small,-0.001048301289049063,0.7791552426892857,0.18834425242965055,0,0,0.24889450971329016,0.24889450971329016,0.18834425242965058,0.19064803948606035,0.7679603007264444,0.7679603007264444,0.7679603007264444,0.7679603007264444
6,3,2,2,4,B,A,D,large,1.0128210475554107,0.812446733443265,0.2414422284545413,0.051249757182459645,1,0.2209423255815575,0.2626406255057817,0.23970189407661366,0.23970189407661366,0.8695459400801737,0.8695459400801737,0.8409963367617194,0.8409963367617194
6,3,2,3,3,B,A,C,small,0.6655925414373208,0.4380014445726517,0.4284770448531463,0,1,0.4284770448531463,0.45622052611906067,0.14795140535593215,0.14795140535593215,0.49747619674023846,0.49747619674023846,0.4677388206564451,0.4677388206564451
6,3,2,4,2,A,B,B,large,0.3456523869583572,1,0.5286331870796824,1,1,0.6875437085467583,0.6875437085467583,0.12863318707968244,0.5565466035401121,0.9874818369533116,0.9874818369533116,0.9937409184766558,0.9937409184766558
6,3,3,1,3,B,A,C,small,0.6804501834538722,0.8356380385924377,0.3961359810179798,-0.1502113627527021,1,0.45622052611906067,0.42333650895318936,0.14795140535593215,0.14795140535593215,0.4677388206564451,0.4677388206564451,0.6516884296244414,0.6516884296244414
6,3,3,2,2,A,B,B,large,0.3397579305637316,0.9852824811953044,0.921353628085801,0.9120175613642224,1,0.6875437085467583,0.6875437085467583,0.5565466035401121,0.9291287471116539,0.9937409184766558,0.9937409184766558,0.9895116998359801,0.9895116998359801
6,3,3,3,1,B,A,A,small,0.001542448137237171,1,0,-1,0,0.24889450971329016,0,0.19064803948606035,0.19064803948606035,0.7679603007264444,0.7679603007264444,0.7679603007264444,0.7679603007264444
6,3,3,4,4,A,B,D,large,1.0097017378601492,1,0.6397018940766137,1,1,0.2626406255057817,0.2626406255057817,0.23970189407661366,0.6652035873493652,0.8409963367617194,0.8409963367617194,0.9204981683808597,0.9204981683808597
6,3,4,1,3,B,A,C,small,0.6868269998036882,0.3624114983778979,0.4233365089531893,0,1,0.42333650895318936,0.45100980550250613,0.14795140535593215,0.14795140535593215,0.6516884296244414,0.6516884296244414,0.5070499640011696,0.5070499640011696
6,3,4,2,2,B,A,B,large,0.3164711422478088,1,0.9499999999999998,1,1,0.6875437085467583,0.9550811584492837,0.9291287471116539,0.9291287471116539,0.9895116998359801,0.9895116998359801,0.99475584991799,0.99475584991799
6,3,4,3,1,A,B,A,small,-0.010732426625423754,1,0,-1,0,0,0,0.19064803948606035,0,0.7679603007264444,0.7679603007264444,0.7679603007264444,0.7679603007264444
6,3,4,4,4,A,B,D,large,1.0090153396378378,0.8039673606858043,0.6716825500678129,0.016197406796118922,1,0.2626406255057817,0.2626406255057817,0.6652035873493652,0.695996381638206,0.9204981683808597,0.9204981683808597,0.8622327645333321,0.8622327645333321
6,3,5,1,1,B,A,A,small,-0.013211912753747768,1,0,-1,0,0,0,0,0,0.7679603007264444,0.7679603007264444,0.7679603007264444,0.7679603007264444
6,3,5,2,2,A,B,B,large,0.33975671327013074,1,0.9499999999999998,1,1,0.9550811584492837,0.9550811584492837,0.9291287471116539,0.9550811584492837,0.99475584991799,0.99475584991799,0.997377924958995,0.997377924958995
6,3,5,3,3,B,A,C,small,0.6702387792388311,0.47422473705013,0.45100980550250613,0,1,0.45100980550250613,0.4789895047081375,0.14795140535593215,0.14795140535593215,0.5070499640011696,0.5070499640011696,0.49063735052564983,0.49063735052564983
6,3,5,4,4,A,B,D,large,0.997307978500426,1,0.9499999999999998,1,1,0.2626406255057817,0.2626406255057817,0.695996381638206,0.9550811584492837,0.8622327645333321,0.8622327645333321,0.931116382266666,0.931116382266666
6,3,6,1,1,B,A,A,small,0.01685096619035176,0.37273210869013074,0,0,0,0,0,0,0,0.7679603007264444,0.7679603007264444,0.7679603007264444,0.7679603007264444
6,3,6,2,4,A,B,D,large,0.9920586652030557,0.6891342426853998,0.9499999999999998,0,1,0.2626406255057817,0.2626406255057817,0.9550811584492837,0.9550811584492837,0.931116382266666,0.931116382266666,0.8101253124760329,0.8101253124760329
6,3,6,3,2,A,B,B,large,0.3342548519670418,1,0.9499999999999998,1,1,0.9550811584492837,0.9550811584492837,0.9550811584492837,0.9550811584492837,0.997377924958995,0.997377924958995,0.9986889624794975,0.9986889624794975
6,3,6,4,3,B,A,C,small,0.6635602693656629,0.5814817069721155,0.4789895047081375,0,1,0.4789895047081375,0.5071016474620782,0.14795140535593215,0.14795140535593215,0.49063735052564983,0.49063735052564983,0.5360595287488827,0.5360595287488827
6,3,7,1,2,B,A,B,large,0.3324955037517488,1,0.9499999999999998,1,1,0.9550811584492837,0.9550811584492837,0.9550811584492837,0.9550811584492837,0.9986889624794975,0.9986889624794975,0.9993444812397487,0.9993444812397487
6,3,7,2,3,B,A,C,small,0.6490711307992971,1,0.10710164746207816,-1,0,0.5071016474620782,0.1085445876077373,0.14795140535593215,0.14795140535593215,0.5360595287488827,0.5360595287488827,0.5360595287488827,0.5360595287488827
6,3,7,3,1,A,B,A,small,-0.0027882211824432914,1,0,-1,0,0,0,0,0,0.7679603007264444,0.7679603007264444,0.7679603007264444,0.7679603007264444
6,3,7,4,4,A,B,D,large,0.9901675805075082,0.9157420352666225,0.9499999999999998,0.5295977389177262,1,0.2626406255057817,0.2626406255057817,0.9550811584492837,0.9550811584492837,0.8101253124760329,0.8101253124760329,0.8629336738713277,0.8629336738713277
6,3,8,1,1,A,B,A,small,-0.012666020550134967,0.7471455128295355,0,0,0,0,0,0,0,0.7679603007264444,0.7679603007264444,0.7679603007264444,0.7679603007264444
6,3,8,2,2,B,A,B,large,0.3603384028927903,0.8932417453613528,0.9499999999999998,0.4168247937678982,1,0.9550811584492837,0.9550811584492837,0.9550811584492837,0.9550811584492837,0.9993444812397487,0.9993444812397487,0.9462931133005508,0.9462931133005508
6,3,8,3,4,B,A,D,large,0.9795904606386117,0.8009115170697119,0.26412464766665894,0.0037100554021930235,0,0.2626406255057817,0.2670503867276593,0.9550811584492837,0.9550811584492837,0.8629336738713277,0.8629336738713277,0.8629336738713277,0.8629336738713277
6,3,8,4,3,A,B,C,small,0.6651727407283761,0.9003480901942518,0,-0.451895506525699,0,0.1085445876077373,0.1085445876077373,0.14795140535593215,0,0.5360595287488827,0.5360595287488827,0.5360595287488827,0.5360595287488827
6,3,9,1,3,B,A,C,small,0.6628565156567081,0.9322230329335032,0,-0.6154818215922683,0,0.1085445876077373,0,0,0,0.5360595287488827,0.5360595287488827,0.5360595287488827,0.5360595287488827
6,3,9,2,1,B,A,A,small,-2.811088599239144e-4,0.8663735459249807,0,-0.2886417685107813,0,0,0,0,0,0.7679603007264444,0.7679603007264444,0.7679603007264444,0.7679603007264444
6,3,9,3,2,A,B,B,large,0.31912047492552587,0.9050768634027402,0.9499999999999998,0.4755103292765416,1,0.9550811584492837,0.9550811584492837,0.9550811584492837,0.9550811584492837,0.9462931133005508,0.9462931133005508,0.9256849883516455,0.9256849883516455
6,3,9,4,4,A,B,D,large,1.0021646189900473,1,0.9499999999999998,1,1,0.2670503867276593,0.2670503867276593,0.9550811584492837,0.9550811584492837,0.8629336738713277,0.8629336738713277,0.9314668369356638,0.9314668369356638
6,3,10,1,3,A,B,C,small,0.6561009655454482,0.17770797474717534,0.03708057431369065,0.09270143578422664,1,0,0,0,0.04131343212360414,0.5360595287488827,0.5360595287488827,0.35688375174802905,0.35688375174802905
6,3,10,2,1,B,A,A,small,-0.012558912077533003,0.6811620823700765,0,0,0,0,0,0,0,0.7679603007264444,0.7679603007264444,0.7679603007264444,0.7679603007264444
6,3,10,3,2,B,A,B,large,0.3133775503760491,0.9201397104247692,0.9499999999999998,0.552238256381181,1,0.9550811584492837,0.9550811584492837,0.9550811584492837,0.9550811584492837,0.9256849883516455,0.9256849883516455,0.9229123493882073,0.9229123493882073
6,3,10,4,4,A,B,D,large,0.9945522241330642,0.8103964357136846,0.9499999999999998,0.04271958967747082,1,0.2670503867276593,0.2670503867276593,0.9550811584492837,0.9550811584492837,0.9314668369356638,0.9314668369356638,0.8709316363246742,0.8709316363246742
6,4,1,1,3,A,B,C,small,0.6718349778541123,0,0.5668871242537955,1,1,0.08334322471907561,0.08334322471907561,0.16688712425379545,0.5942738538684038,0.35688375174802905,0.35688375174802905,0.17844187587401453,0.17844187587401453
6,4,1,2,1,A,B,A,small,-4.5742312969295965e-4,0,0.7483320653191241,1,1,0.07479730589421492,0.07479730589421492,0.34833206531912414,0.7689223731214017,0.7679603007264444,0.7679603007264444,0.3839801503632222,0.3839801503632222
6,4,1,3,4,B,A,D,large,0.9902290278841961,0.4621230034502694,0.11935130440679755,0,0,0.11935130440679755,0.12093692671056319,0.2504262346592106,0.2504262346592106,0.8709316363246742,0.8709316363246742,0.8709316363246742,0.8709316363246742
6,4,1,4,2,B,A,B,large,0.3347344126424086,0.6721739832010449,0.3437873183464763,0,0,0.3437873183464763,0.3471791664662801,0.3525864214298742,0.3525864214298742,0.9229123493882073,0.9229123493882073,0.9229123493882073,0.9229123493882073
6,4,2,1,2,A,B,B,large,0.34391379563803376,1,0.7525864214298742,1,1,0.3471791664662801,0.3471791664662801,0.3525864214298742,0.7729342725717331,0.9229123493882073,0.9229123493882073,0.9614561746941037,0.9614561746941037
6,4,2,2,1,B,A,A,small,0.0012417485528867182,0.6304515152589062,0.07479730589421493,0,0,0.07479730589421492,0.07584198937380103,0.7689223731214017,0.7689223731214017,0.3839801503632222,0.3839801503632222,0.3839801503632222,0.3839801503632222
6,4,2,3,4,B,A,D,large,1.0075336110522441,1,0.5209369267105632,1,0,0.12093692671056319,0.5246791059754689,0.2504262346592106,0.2504262346592106,0.8709316363246742,0.8709316363246742,0.8709316363246742,0.8709316363246742
6,4,2,4,3,A,B,C,small,0.6574728150393409,0.11582247152500473,0.743397471258675,0.3728090434756774,1,0.08334322471907561,0.08334322471907561,0.5942738538684038,0.7642643251840529,0.17844187587401453,0.17844187587401453,0.14713217369950962,0.14713217369950962
6,4,3,1,1,A,B,A,small,0.011317380209986627,0.5940787010174591,0.7689223731214017,0,0,0.07584198937380103,0.07584198937380103,0.7689223731214017,0.7715768270782366,0.3839801503632222,0.3839801503632222,0.3839801503632222,0.3839801503632222
6,4,3,2,3,A,B,C,small,0.6517854293014921,0.3229458972698178,0.7642643251840529,0,1,0.08334322471907561,0.08334322471907561,0.7642643251840529,0.7839275012309526,0.14713217369950962,0.14713217369950962,0.2350390354846637,0.2350390354846637
6,4,3,3,2,B,A,B,large,0.32882476381939935,0.7199871052881192,0.3471791664662801,0,0,0.3471791664662801,0.3505866003730525,0.7729342725717331,0.7729342725717331,0.9614561746941037,0.9614561746941037,0.9614561746941037,0.9614561746941037
6,4,3,4,4,B,A,D,large,0.9867427556688542,0.771817615990321,0.5246791059754689,0,1,0.5246791059754689,0.5526285165148157,0.2504262346592106,0.2504262346592106,0.8709316363246742,0.8709316363246742,0.8213746261574976,0.8213746261574976
6,4,4,1,3,B,A,C,small,0.6458328376906919,0.36042789016209986,0.08334322471907561,0,1,0.08334322471907561,0.09235061546428355,0.7839275012309526,0.7839275012309526,0.2350390354846637,0.2350390354846637,0.29773346282338176,0.29773346282338176
6,4,4,2,2,A,B,B,large,0.3365525417610682,0.5257797359832868,0.7729342725717331,0,1,0.3505866003730525,0.3505866003730525,0.7729342725717331,0.7920710219471339,0.9614561746941037,0.9614561746941037,0.7436179553386952,0.7436179553386952
6,4,4,3,1,A,B,A,small,0.012877627716752516,0.4196027499542496,0.7715768270782366,0,1,0.07584198937380103,0.07584198937380103,0.7715768270782366,0.790797015350913,0.3839801503632222,0.3839801503632222,0.4017914501587359,0.4017914501587359
6,4,4,4,4,B,A,D,large,0.9956935606197538,1,0.9499999999999998,1,1,0.5526285165148157,0.9550811584492837,0.2504262346592106,0.2504262346592106,0.8213746261574976,0.8213746261574976,0.9106873130787487,0.9106873130787487
6,4,5,1,3,A,B,C,small,0.6610518312148451,0.43312582893359614,0.7839275012309526,0,1,0.09235061546428355,0.09235061546428355,0.7839275012309526,0.8023746456344082,0.29773346282338176,0.29773346282338176,0.3654296458784889,0.3654296458784889
6,4,5,2,4,B,A,D,large,1.007486910623401,0.5631034169733361,0.9499999999999998,0,0,0.9550811584492837,0.9507077096900849,0.2504262346592106,0.2504262346592106,0.9106873130787487,0.9106873130787487,0.9106873130787487,0.9106873130787487
6,4,5,3,1,A,B,A,small,0.009539759338550636,0.3111799696278686,0.790797015350913,0,1,0.07584198937380103,0.07584198937380103,0.790797015350913,0.8088007192309222,0.4017914501587359,0.4017914501587359,0.35648570989330225,0.35648570989330225
6,4,5,4,2,B,A,B,large,0.3460863338580584,0.7925151213629358,0.35058660037305245,0,0,0.3505866003730525,0.3540093417885343,0.7920710219471339,0.7920710219471339,0.7436179553386952,0.7436179553386952,0.7436179553386952,0.7436179553386952
6,4,6,1,4,B,A,D,large,1.0006124385512718,0.8141941515076258,0.9499999999999998,0.058547468732348944,1,0.9507077096900849,0.9550811584492837,0.2504262346592106,0.2504262346592106,0.9106873130787487,0.9106873130787487,0.8624407322931873,0.8624407322931873
6,4,6,2,2,A,B,B,large,0.3515300426566392,0.8327000698573307,0.8470386743319046,0.13741913096192673,1,0.3540093417885343,0.3540093417885343,0.7920710219471339,0.8610527301550611,0.7436179553386952,0.7436179553386952,0.7881590125980129,0.7881590125980129
6,4,6,3,3,B,A,C,small,0.6622836961943375,0.4120481238524025,0.09235061546428355,0,0,0.09235061546428355,0.09361565683419949,0.8023746456344082,0.8023746456344082,0.3654296458784889,0.3654296458784889,0.3654296458784889,0.3654296458784889
6,4,6,4,1,A,B,A,small,0.004174451460916171,1,0.4088007192309222,-1,0,0.07584198937380103,0.07584198937380103,0.8088007192309222,0.4124308575239137,0.35648570989330225,0.35648570989330225,0.35648570989330225,0.35648570989330225
6,4,7,1,4,B,A,D,large,1.002552848426218,1,0.9499999999999998,1,1,0.9550811584492837,0.9550811584492837,0.2504262346592106,0.2504262346592106,0.8624407322931873,0.8624407322931873,0.9312203661465936,0.9312203661465936
6,4,7,2,2,B,A,B,large,0.32990145639391255,0.5685398228291363,0.3540093417885343,0,0,0.3540093417885343,0.35744710646934097,0.8610527301550611,0.8610527301550611,0.7881590125980129,0.7881590125980129,0.7881590125980129,0.7881590125980129
6,4,7,3,3,A,B,C,small,0.6552435787436243,0.5332462842091287,0.8023746456344082,0,0,0.09361565683419949,0.09361565683419949,0.8023746456344082,0.8047424055855946,0.3654296458784889,0.3654296458784889,0.3654296458784889,0.3654296458784889
6,4,7,4,1,A,B,A,small,3.0461802830492437e-4,0.7143326073799796,0.4124308575239137,0,1,0.07584198937380103,0.07584198937380103,0.4124308575239137,0.4399351243990138,0.35648570989330225,0.35648570989330225,0.535409158636641,0.535409158636641
6,4,8,1,1,A,B,A,small,0.007619694793022839,1,0.03993512439901375,-1,0,0.07584198937380103,0.07584198937380103,0.4399351243990138,0.040514214479778723,0.535409158636641,0.535409158636641,0.535409158636641,0.535409158636641
6,4,8,2,4,A,B,D,large,1.0093140478199172,0.9496892361612207,0.5342835482989023,0.7096432840992294,0,0.9550811584492837,0.9550811584492837,0.2504262346592106,0.5380139295686599,0.9312203661465936,0.9312203661465936,0.9312203661465936,0.9312203661465936
6,4,8,3,3,B,A,C,small,0.6702718392898035,0.7340234568918932,0.09361565683419949,0,0,0.09361565683419949,0.09489621529187961,0.8047424055855946,0.8047424055855946,0.3654296458784889,0.3654296458784889,0.3654296458784889,0.3654296458784889
6,4,8,4,2,B,A,B,large,0.33699330038331393,0.6226228722192022,0.35744710646934097,0,1,0.35744710646934097,0.3836789823874396,0.8610527301550611,0.8610527301550611,0.7881590125980129,0.7881590125980129,0.7053909424086076,0.7053909424086076
6,4,9,1,3,A,B,C,small,0.6842334815474678,0.0648955976172014,0.9499999999999998,0.630789807018691,1,0.09489621529187961,0.09489621529187961,0.8047424055855946,0.9550811584492837,0.3654296458784889,0.3654296458784889,0.21516262174784517,0.21516262174784517
6,4,9,2,4,A,B,D,large,1.0098805106351119,1,0.9380139295686599,1,1,0.9550811584492837,0.9550811584492837,0.5380139295686599,0.9442416587500625,0.9312203661465936,0.9312203661465936,0.9656101830732968,0.9656101830732968
6,4,9,3,1,B,A,A,small,-0.0010895784473505053,0.21835000409665845,0.07584198937380103,0,0,0.07584198937380103,0.0769000510455506,0.040514214479778723,0.040514214479778723,0.535409158636641,0.535409158636641,0.535409158636641,0.535409158636641
6,4,9,4,2,B,A,B,large,0.343103916000463,0.7565004822904644,0.3836789823874395,0,1,0.3836789823874396,0.4106057658521487,0.8610527301550611,0.8610527301550611,0.7053909424086076,0.7053909424086076,0.730945712349536,0.730945712349536
6,4,10,1,3,B,A,C,small,0.656014478805825,0.22875738291432993,0.09489621529187961,0,0,0.09489621529187961,0.096192431372749,0.9550811584492837,0.9550811584492837,0.21516262174784517,0.21516262174784517,0.21516262174784517,0.21516262174784517
6,4,10,2,4,A,B,D,large,0.9930473849876614,0.988958998768626,0.9499999999999998,0.9337539953350249,1,0.9550811584492837,0.9550811584492837,0.9442416587500625,0.9550811584492837,0.9656101830732968,0.9656101830732968,0.9772845909209614,0.9772845909209614
6,4,10,3,1,B,A,A,small,0.00670846975532862,0.29191949915785587,0.0769000510455506,0,1,0.0769000510455506,0.08527587129591538,0.040514214479778723,0.040514214479778723,0.535409158636641,0.535409158636641,0.4136643288972484,0.4136643288972484
6,4,10,4,2,A,B,B,large,0.32804805070291554,0.4269930430932583,0.8610527301550611,0,1,0.4106057658521487,0.4106057658521487,0.8610527301550611,0.8739738728823628,0.730945712349536,0.730945712349536,0.5789693777213971,0.5789693777213971
6,5,1,1,3,B,A,C,small,0.6708348798630412,0.06281977737444583,0.4410015273894838,0.6418729114855668,0,0.184252362795257,0.4447025209941056,0.08908969242234537,0.08908969242234537,0.21516262174784517,0.21516262174784517,0.21516262174784517,0.21516262174784517
6,5,1,2,1,A,B,A,small,-0.0031547395802001763,0.36302377924253526,0.40204534316738677,0,0,0.44216044290304984,0.44216044290304984,0.4020453431673868,0.40565665490564823,0.4136643288972484,0.4136643288972484,0.4136643288972484,0.4136643288972484
6,5,1,3,2,B,A,B,large,0.3534355614149912,0.6100575122850226,0.293562094482403,0,0,0.293562094482403,0.29668244923595033,0.2982316989037388,0.2982316989037388,0.5789693777213971,0.5789693777213971,0.5789693777213971,0.5789693777213971
6,5,1,4,4,A,B,D,large,1.0043936545995549,1,0.6962289564883243,1,1,0.49361263754365486,0.49361263754365486,0.29622895648832426,0.7194841556737542,0.9772845909209614,0.9772845909209614,0.9886422954604808,0.9886422954604808
6,5,2,1,1,B,A,A,small,0.0019607377524619956,0.4863976484714555,0.44216044290304984,0,1,0.44216044290304984,0.47006121231589915,0.40565665490564823,0.40565665490564823,0.4136643288972484,0.4136643288972484,0.450030988684352,0.450030988684352
6,5,2,2,4,A,B,D,large,0.9999130993247121,0.9370929525094911,0.9499999999999998,0.6414060365678435,1,0.49361263754365486,0.49361263754365486,0.7194841556737542,0.9550811584492837,0.9886422954604808,0.9886422954604808,0.9628676239849859,0.9628676239849859
6,5,2,3,3,B,A,C,small,0.6783281600252062,0.7494888578402998,0.4447025209941056,0,1,0.4447025209941056,0.47262779319080744,0.08908969242234537,0.08908969242234537,0.21516262174784517,0.21516262174784517,0.4823257397940725,0.4823257397940725
6,5,2,4,2,A,B,B,large,0.33690030688977435,1,0.6982316989037389,1,1,0.29668244923595033,0.29668244923595033,0.2982316989037388,0.7213949310856901,0.5789693777213971,0.5789693777213971,0.7894846888606986,0.7894846888606986
6,5,3,1,3,A,B,C,small,0.6730090598073156,0.5028471850849794,0.08908969242234537,0,0,0.47262779319080744,0.47262779319080744,0.08908969242234537,0.09031450959401716,0.4823257397940725,0.4823257397940725,0.4823257397940725,0.4823257397940725
6,5,3,2,2,B,A,B,large,0.3299462826590724,0.8823895199807762,0.4423705772299018,0.3642203199848788,1,0.29668244923595033,0.4702734280647511,0.7213949310856901,0.7213949310856901,0.7894846888606986,0.7894846888606986,0.8359371044207373,0.8359371044207373
6,5,3,3,1,B,A,A,small,-0.009098732646114516,0.4967220131449071,0.47006121231589915,0,1,0.47006121231589915,0.4981503635005829,0.40565665490564823,0.40565665490564823,0.450030988684352,0.450030988684352,0.47337650091462957,0.47337650091462957
6,5,3,4,4,A,B,D,large,0.9920119637880307,1,0.9499999999999998,1,1,0.49361263754365486,0.49361263754365486,0.9550811584492837,0.9550811584492837,0.9628676239849859,0.9628676239849859,0.981433811992493,0.981433811992493
6,5,4,1,4,B,A,D,large,0.9791963713003814,1,0.8936126375436549,1,1,0.49361263754365486,0.9038440597458793,0.9550811584492837,0.9550811584492837,0.981433811992493,0.981433811992493,0.9907169059962465,0.9907169059962465
6,5,4,2,3,B,A,C,small,0.660538811260005,0.5391805286407051,0.47262779319080744,0,0,0.47262779319080744,0.47636802017022634,0.09031450959401716,0.09031450959401716,0.4823257397940725,0.4823257397940725,0.4823257397940725,0.4823257397940725
6,5,4,3,2,A,B,B,large,0.3462430215203511,0.9512807058317991,0.9499999999999998,0.7183876394261105,1,0.4702734280647511,0.4702734280647511,0.7213949310856901,0.9550811584492837,0.8359371044207373,0.8359371044207373,0.8936089051262682,0.8936089051262682
6,5,4,4,1,A,B,A,small,0.014827950446533775,0.5782095070639708,0.4056566549056482,0,1,0.4981503635005829,0.4981503635005829,0.40565665490564823,0.43304211189342673,0.47337650091462957,0.47337650091462957,0.5257930039893002,0.5257930039893002
6,5,5,1,1,B,A,A,small,-0.009492770663141912,0.9649102704114405,0.18037979952604172,-0.7944264099363528,0,0.4981503635005829,0.18260808473204942,0.43304211189342673,0.43304211189342673,0.5257930039893002,0.5257930039893002,0.5257930039893002,0.5257930039893002
6,5,5,2,2,A,B,B,large,0.3143715065988812,0.8338661227848142,0.9499999999999998,0.14248725638733792,1,0.4702734280647511,0.4702734280647511,0.9550811584492837,0.9550811584492837,0.8936089051262682,0.8936089051262682,0.8637375139555412,0.8637375139555412
6,5,5,3,3,B,A,C,small,0.6580624467993333,0.9956448177567063,0.08689039383758246,-0.9736940658316097,0,0.47636802017022634,0.08808789869529779,0.09031450959401716,0.09031450959401716,0.4823257397940725,0.4823257397940725,0.4823257397940725,0.4823257397940725
6,5,5,4,4,A,B,D,large,0.9852621543229422,0.8769086006073354,0.9499999999999998,0.33808321124757634,1,0.9038440597458793,0.9038440597458793,0.9550811584492837,0.9550811584492837,0.9907169059962465,0.9907169059962465,0.933812753301791,0.933812753301791
6,5,6,1,4,B,A,D,large,0.9939357220331725,0.8869648429383422,0.9499999999999998,0.38625935614748574,1,0.9038440597458793,0.9550811584492837,0.9550811584492837,0.9550811584492837,0.933812753301791,0.933812753301791,0.9103887981200667,0.9103887981200667
6,5,6,2,2,A,B,B,large,0.3391032918607568,0.7269004113814495,0.9499999999999998,0,1,0.4702734280647511,0.4702734280647511,0.9550811584492837,0.9550811584492837,0.8637375139555412,0.8637375139555412,0.7953189626684953,0.7953189626684953
6,5,6,3,3,B,A,C,small,0.6643917857641708,0.7387562618639871,0.08808789869529779,0,0,0.08808789869529779,0.08930029327494958,0.09031450959401716,0.09031450959401716,0.4823257397940725,0.4823257397940725,0.4823257397940725,0.4823257397940725
6,5,6,4,1,A,B,A,small,0.004554274122219993,1,0.03304211189342671,-1,0,0.18260808473204942,0.18260808473204942,0.43304211189342673,0.03352473829834305,0.5257930039893002,0.5257930039893002,0.5257930039893002,0.5257930039893002
6,5,7,1,1,A,B,A,small,0.006719057547718089,0.9703922963955961,0,-0.8255997244720791,0,0.18260808473204942,0.18260808473204942,0.03352473829834305,0,0.5257930039893002,0.5257930039893002,0.5257930039893002,0.5257930039893002
6,5,7,2,4,A,B,D,large,0.9965038236243305,0.8993777013072263,0.9499999999999998,0.44707707875007163,1,0.9550811584492837,0.9550811584492837,0.9550811584492837,0.9550811584492837,0.9103887981200667,0.9103887981200667,0.9048832497136465,0.9048832497136465
6,5,7,3,3,B,A,C,small,0.680564792073736,0.8788954196348182,0,-0.3475247566198918,0,0.08930029327494958,0,0.09031450959401716,0.09031450959401716,0.4823257397940725,0.4823257397940725,0.4823257397940725,0.4823257397940725
6,5,7,4,2,B,A,B,large,0.3485655159039731,0.7518309870523702,0.4702734280647511,0,1,0.4702734280647511,0.4983633348385443,0.9550811584492837,0.9550811584492837,0.7953189626684953,0.7953189626684953,0.7735749748604328,0.7735749748604328
6,5,8,1,3,B,A,C,small,0.6654874574117792,0.635567019517738,0,0,0,0,0,0.09031450959401716,0.09031450959401716,0.4823257397940725,0.4823257397940725,0.4823257397940725,0.4823257397940725
6,5,8,2,2,A,B,B,large,0.3274726288517535,0.7722610123892792,0.9499999999999998,0,1,0.4983633348385443,0.4983633348385443,0.9550811584492837,0.9550811584492837,0.7735749748604328,0.7735749748604328,0.772917993624856,0.772917993624856
6,5,8,3,4,B,A,D,large,0.9887560618897121,0.88305637484154,0.9499999999999998,0.367419975729741,1,0.9550811584492837,0.9550811584492837,0.9550811584492837,0.9550811584492837,0.9048832497136465,0.9048832497136465,0.8939698122775932,0.8939698122775932
6,5,8,4,1,A,B,A,small,-0.011224304881546717,0.773923671189852,0,0,0,0.18260808473204942,0.18260808473204942,0,0,0.5257930039893002,0.5257930039893002,0.5257930039893002,0.5257930039893002
6,5,9,1,1,B,A,A,small,0.022093320080126364,0.012127435929848891,0.5535337221552808,0.9273140935580785,0,0.18260808473204942,0.5572376905068287,0,0,0.5257930039893002,0.5257930039893002,0.5257930039893002,0.5257930039893002
6,5,9,2,3,B,A,C,small,0.6610645861001844,0.4251858043089941,0,0,0,0,0,0.09031450959401716,0.09031450959401716,0.4823257397940725,0.4823257397940725,0.4823257397940725,0.4823257397940725
6,5,9,3,2,A,B,B,large,0.3407011883600891,0.2646445758879821,0.9499999999999998,0,1,0.4983633348385443,0.4983633348385443,0.9550811584492837,0.9550811584492837,0.772917993624856,0.772917993624856,0.518781284756419,0.518781284756419
6,5,9,4,4,A,B,D,large,1.027570416195618,0.9419255505369459,0.9499999999999998,0.6673823921728886,1,0.9550811584492837,0.9550811584492837,0.9550811584492837,0.9550811584492837,0.8939698122775932,0.8939698122775932,0.9179476814072696,0.9179476814072696
6,5,10,1,3,A,B,C,small,0.6636210397913069,0,0.4903145095940171,1,1,0,0,0.09031450959401716,0.5184299444425045,0.4823257397940725,0.4823257397940725,0.24116286989703625,0.24116286989703625
6,5,10,2,2,B,A,B,large,0.3214912473221625,0.5046462984830664,0.4983633348385443,0,0,0.4983633348385443,0.5021133164085236,0.9550811584492837,0.9550811584492837,0.518781284756419,0.518781284756419,0.518781284756419,0.518781284756419
6,5,10,3,1,A,B,A,small,0.017819965916393322,0.8087414863020627,0,-0.03585971665304937,0,0.5572376905068287,0.5572376905068287,0,0,0.5257930039893002,0.5257930039893002,0.5257930039893002,0.5257930039893002
6,5,10,4,4,B,A,D,large,1.0014476641902512,1,0.9499999999999998,1,1,0.9550811584492837,0.9550811584492837,0.9550811584492837,0.9550811584492837,0.9179476814072696,0.9179476814072696,0.9589738407036348,0.9589738407036348
6,6,1,1,1,B,A,A,small,-0.003247200243927132,1,0,-1,0,0.3125757641357866,0,0.21418972864636013,0.21418972864636013,0.5257930039893002,0.5257930039893002,0.5257930039893002,0.5257930039893002
6,6,1,2,3,A,B,C,small,0.6633523634753778,0.1511550368758189,0.3687563888482506,0.20865328400357108,0,0.4954208391868051,0.4954208391868051,0.2852950752468222,0.3722548372055051,0.24116286989703625,0.24116286989703625,0.24116286989703625,0.24116286989703625
6,6,1,3,2,A,B,B,large,0.33665968104562816,0.5915726734535196,0.23441127548842916,0,0,0.19992627005882566,0.19992627005882566,0.23441127548842913,0.2371139311781712,0.518781284756419,0.518781284756419,0.518781284756419,0.518781284756419
6,6,1,4,4,B,A,D,large,1.0129153077990691,1,0.5463866310349349,1,0,0.14638663103493485,0.5501017006411131,0.3329527225459116,0.3329527225459116,0.9589738407036348,0.9589738407036348,0.9589738407036348,0.9589738407036348
6,6,2,1,4,B,A,D,large,1.0016565117245086,1,0.9499999999999998,1,1,0.5501017006411131,0.9550811584492837,0.3329527225459116,0.3329527225459116,0.9589738407036348,0.9589738407036348,0.9794869203518174,0.9794869203518174
6,6,2,2,1,A,B,A,small,-0.014965047594707808,0.3715888329491338,0.21418972864636013,0,1,0,0,0.21418972864636013,0.23373265275353008,0.5257930039893002,0.5257930039893002,0.448690918469217,0.448690918469217
6,6,2,3,2,B,A,B,large,0.3303111411919497,0.3955721826549757,0.19992627005882566,0,0,0.19992627005882566,0.20233640951089416,0.2371139311781712,0.2371139311781712,0.518781284756419,0.518781284756419,0.518781284756419,0.518781284756419
6,6,2,4,3,A,B,C,small,0.6756591875611284,0,0.772254837205505,1,1,0.4954208391868051,0.4954208391868051,0.3722548372055051,0.7914333969779939,0.24116286989703625,0.24116286989703625,0.12058143494851813,0.12058143494851813
6,6,3,1,4,B,A,D,large,1.0100762917797947,1,0.9499999999999998,1,1,0.9550811584492837,0.9550811584492837,0.3329527225459116,0.3329527225459116,0.9794869203518174,0.9794869203518174,0.9897434601759088,0.9897434601759088
6,6,3,2,2,A,B,B,large,0.33783202437096027,0.8916716187941952,0.4007711402859817,0.4091430227695262,1,0.20233640951089416,0.20233640951089416,0.2371139311781712,0.42806432488641355,0.518781284756419,0.518781284756419,0.7052264517753071,0.7052264517753071
6,6,3,3,3,A,B,C,small,0.6636432745440819,0.6559623488206862,0.7914333969779939,0,1,0.4954208391868051,0.4954208391868051,0.7914333969779939,0.809395534957213,0.12058143494851813,0.12058143494851813,0.38827189188460215,0.38827189188460215
6,6,3,4,1,B,A,A,small,0.004790716805251157,0.5467029630722137,0,0,0,0,0,0.23373265275353008,0.23373265275353008,0.448690918469217,0.448690918469217,0.448690918469217,0.448690918469217
6,6,4,1,2,B,A,B,large,0.33007584847056937,0.8951115578105548,0.3727381247870488,0.4260042881903867,0,0.20233640951089416,0.376251832547613,0.42806432488641355,0.42806432488641355,0.7052264517753071,0.7052264517753071,0.7052264517753071,0.7052264517753071
6,6,4,2,4,A,B,D,large,0.9906245167812276,0.9908022220534728,0.710837467820503,0.9447118631864787,1,0.9550811584492837,0.9550811584492837,0.3329527225459116,0.7334025484715737,0.9897434601759088,0.9897434601759088,0.9902728411146908,0.9902728411146908
6,6,4,3,1,A,B,A,small,-0.0033008886586922133,0.9510328594152335,0,-0.7170240129533929,0,0,0,0.23373265275353008,0,0.448690918469217,0.448690918469217,0.448690918469217,0.448690918469217
6,6,4,4,3,B,A,C,small,0.6701084394700954,0.5051247970626379,0.4954208391868051,0,1,0.4954208391868051,0.5235283215741682,0.809395534957213,0.809395534957213,0.38827189188460215,0.38827189188460215,0.44669834447362,0.44669834447362
6,6,5,1,3,B,A,C,small,0.6652550053240607,0.3721770381858841,0.5235283215741682,0,1,0.5235283215741682,0.5514875552654869,0.809395534957213,0.809395534957213,0.44669834447362,0.44669834447362,0.40943769132975205,0.40943769132975205
6,6,5,2,1,B,A,A,small,0.012380872887363652,0.9863124123688184,0,-0.918090649081861,0,0,0,0,0,0.448690918469217,0.448690918469217,0.448690918469217,0.448690918469217
6,6,5,3,4,A,B,D,large,0.9958940854374685,1,0.9499999999999998,1,0,0.9550811584492837,0.9550811584492837,0.7334025484715737,0.9507077096900849,0.9902728411146908,0.9902728411146908,0.9902728411146908,0.9902728411146908
6,6,5,4,2,A,B,B,large,0.34861324659449283,0.9128903887671147,0.6340734046783715,0.5150226994798948,1,0.376251832547613,0.376251832547613,0.42806432488641355,0.6597615920656257,0.7052264517753071,0.7052264517753071,0.8090584202712109,0.8090584202712109
6,6,6,1,1,A,B,A,small,-0.0029707982528273343,0,0.4,1,0,0,0,0,0.403605340410737,0.448690918469217,0.448690918469217,0.448690918469217,0.448690918469217
6,6,6,2,4,B,A,D,large,1.0073550439268208,1,0.9499999999999998,1,1,0.9550811584492837,0.9550811584492837,0.9507077096900849,0.9507077096900849,0.9902728411146908,0.9902728411146908,0.9951364205573454,0.9951364205573454
6,6,6,3,2,B,A,B,large,0.36330270545808757,0.7259657896239071,0.376251832547613,0,1,0.376251832547613,0.4029982025330112,0.6597615920656257,0.6597615920656257,0.8090584202712109,0.8090584202712109,0.7675121049475591,0.7675121049475591
6,6,6,4,3,A,B,C,small,0.6573553170071934,0.5782448756570174,0.809395534957213,0,0,0.5514875552654869,0.5514875552654869,0.809395534957213,0.8116989179668942,0.40943769132975205,0.40943769132975205,0.40943769132975205,0.40943769132975205
6,6,7,1,3,A,B,C,small,0.6516980193285428,0.3990841220947779,0.8116989179668942,0,1,0.5514875552654869,0.5514875552654869,0.8116989179668942,0.8282944048925125,0.40943769132975205,0.40943769132975205,0.404260906712265,0.404260906712265
6,6,7,2,1,A,B,A,small,-0.0018212190118105682,0.37754359459921527,0.403605340410737,0,1,0,0,0.403605340410737,0.4309527273573228,0.448690918469217,0.448690918469217,0.41311725653421616,0.41311725653421616
6,6,7,3,2,B,A,B,large,0.3251436520957889,0.8475836915101446,0.48420025296347413,0.20300512607615712,1,0.4029982025330112,0.5123174983124319,0.6597615920656257,0.6597615920656257,0.7675121049475591,0.7675121049475591,0.8075478982288518,0.8075478982288518
6,6,7,4,4,B,A,D,large,1.01065574056964,0.8142428436830615,0.9499999999999998,0.05875118648211705,1,0.9550811584492837,0.9550811584492837,0.9507077096900849,0.9507077096900849,0.9951364205573454,0.9951364205573454,0.9046896321202035,0.9046896321202035
6,6,8,1,4,A,B,D,large,0.9914555353608576,0.888406784148143,0.9499999999999998,0.39324699251278433,1,0.9550811584492837,0.9550811584492837,0.9507077096900849,0.9550811584492837,0.9046896321202035,0.9046896321202035,0.8965482081341732,0.8965482081341732
6,6,8,2,2,A,B,B,large,0.31885359795345797,0.8239885498139424,0.6997324430105718,0.09992712736236538,0,0.5123174983124319,0.5123174983124319,0.6597615920656257,0.7028745745797427,0.8075478982288518,0.8075478982288518,0.8075478982288518,0.8075478982288518
6,6,8,3,1,B,A,A,small,0.0032400398838533296,0.515203552142366,0,0,0,0,0,0.4309527273573228,0.4309527273573228,0.41311725653421616,0.41311725653421616,0.41311725653421616,0.41311725653421616
6,6,8,4,3,B,A,C,small,0.6651306481342663,0.6581460057850189,0.5514875552654869,0,1,0.5514875552654869,0.5791250922221346,0.8282944048925125,0.8282944048925125,0.404260906712265,0.404260906712265,0.531203456248642,0.531203456248642
6,6,9,1,2,A,B,B,large,0.33710370348863977,0.8638360880477639,0.8136298702550825,0.2768882391883498,1,0.5123174983124319,0.5123174983124319,0.7028745745797427,0.8300908001128099,0.8075478982288518,0.8075478982288518,0.8356919931383078,0.8356919931383078
6,6,9,2,3,B,A,C,small,0.6757534661480809,0.23124580917457108,0.5791250922221346,0,1,0.5791250922221346,0.6062754445092405,0.8282944048925125,0.8282944048925125,0.531203456248642,0.531203456248642,0.3812246327116065,0.3812246327116065
6,6,9,3,1,A,B,A,small,0.01716927905655904,0,0.8309527273573228,1,0,0,0,0.4309527273573228,0.8330493342633061,0.41311725653421616,0.41311725653421616,0.41311725653421616,0.41311725653421616
6,6,9,4,4,B,A,D,large,0.999871665483207,0.8979557025833926,0.9499999999999998,0.4400330710273439,1,0.9550811584492837,0.9550811584492837,0.9550811584492837,0.9550811584492837,0.8965482081341732,0.8965482081341732,0.897251955358783,0.897251955358783
6,6,10,1,2,A,B,B,large,0.3150777995572826,0.998238173811411,0.9499999999999998,0.9893307082911472,1,0.5123174983124319,0.5123174983124319,0.8300908001128099,0.9550811584492837,0.8356919931383078,0.8356919931383078,0.9169650834748594,0.9169650834748594
6,6,10,2,1,B,A,A,small,-0.012033383708015509,0.19374923574062314,0.010231287161707956,0.025578217904269885,0,0,0.010384307580661127,0.8330493342633061,0.8330493342633061,0.41311725653421616,0.41311725653421616,0.41311725653421616,0.41311725653421616
6,6,10,3,3,A,B,C,small,0.6796831277878007,0.1444776307300547,0.9238120957710662,0.23879422719638438,1,0.6062754445092405,0.6062754445092405,0.8282944048925125,0.9313622726329829,0.3812246327116065,0.3812246327116065,0.26285113172083063,0.26285113172083063
6,6,10,4,4,B,A,D,large,0.9918602858767056,0.9838188592789227,0.9499999999999998,0.9034086666488335,1,0.9550811584492837,0.9550811584492837,0.9550811584492837,0.9550811584492837,0.897251955358783,0.897251955358783,0.9405354073188528,0.9405354073188528
6,7,1,1,1,A,B,A,small,-0.00891647538083244,0.42982923063299866,0.17891800676339248,0,0,0.07392287946950182,0.07392287946950182,0.17891800676339248,0.18113222473404145,0.41311725653421616,0.41311725653421616,0.41311725653421616,0.41311725653421616
6,7,1,2,4,A,B,D,large,1.0044913974689387,0.38042308986015266,0.1595451480576183,0,0,0.17912497953454967,0.17912497953454967,0.1595451480576183,0.16156679173475658,0.9405354073188528,0.9405354073188528,0.9405354073188528,0.9405354073188528
6,7,1,3,2,B,A,B,large,0.35638601565394573,0.7538002491927582,0.35147830426670723,0,0,0.35147830426670723,0.3549049936707851,0.17680915846386072,0.17680915846386072,0.9169650834748594,0.9169650834748594,0.9169650834748594,0.9169650834748594
6,7,1,4,3,B,A,C,small,0.6623762553492453,0.08793114491022738,0.6293572590048807,0.5108391622284563,1,0.4250215941134982,0.655196485840386,0.30422517944231026,0.30422517944231026,0.26285113172083063,0.26285113172083063,0.175391138315529,0.175391138315529
6,7,2,1,1,B,A,A,small,-0.018536888177865415,0.45433880376431857,0.07392287946950182,0,0,0.07392287946950182,0.07495633940712335,0.18113222473404145,0.18113222473404145,0.41311725653421616,0.41311725653421616,0.41311725653421616,0.41311725653421616
6,7,2,2,3,B,A,C,small,0.6695170310848846,0,0.9499999999999998,1,1,0.655196485840386,0.9550811584492837,0.30422517944231026,0.30422517944231026,0.175391138315529,0.175391138315529,0.0876955691577645,0.0876955691577645
6,7,2,3,4,A,B,D,large,0.9853367058957805,1,0.5615667917347567,1,1,0.17912497953454967,0.17912497953454967,0.16156679173475658,0.5890460592853023,0.9405354073188528,0.9405354073188528,0.9702677036594264,0.9702677036594264
6,7,2,4,2,A,B,B,large,0.3175865413688126,1,0.5768091584638606,1,1,0.3549049936707851,0.3549049936707851,0.17680915846386072,0.6040067540328659,0.9169650834748594,0.9169650834748594,0.9584825417374296,0.9584825417374296
6,7,3,1,1,A,B,A,small,-0.008392341643461072,0.44332975770072364,0.18113222473404145,0,0,0.07495633940712335,0.07495633940712335,0.18113222473404145,0.1833677253837974,0.41311725653421616,0.41311725653421616,0.41311725653421616,0.41311725653421616
6,7,3,2,2,B,A,B,large,0.3407674641132601,1,0.7549049936707852,1,1,0.3549049936707851,0.7751191387977759,0.6040067540328659,0.6040067540328659,0.9584825417374296,0.9584825417374296,0.9792412708687148,0.9792412708687148
6,7,3,3,4,B,A,D,large,0.9953369755046776,0.9861891195222906,0.5460701722181844,0.9173629817090869,0,0.17912497953454967,0.5497856980171122,0.5890460592853023,0.5890460592853023,0.9702677036594264,0.9702677036594264,0.9702677036594264,0.9702677036594264
6,7,3,4,3,A,B,C,small,0.6580246376377233,0.17742645127426113,0.3417846915854936,0.09389878035795841,1,0.9550811584492837,0.9550811584492837,0.30422517944231026,0.3675245905114804,0.0876955691577645,0.0876955691577645,0.1325610102160128,0.1325610102160128
6,7,4,1,1,A,B,A,small,0.00653577441200137,0,0.5833677253837974,1,1,0.07495633940712335,0.07495633940712335,0.1833677253837974,0.6104284963327765,0.41311725653421616,0.41311725653421616,0.20655862826710808,0.20655862826710808
6,7,4,2,3,B,A,C,small,0.6609584125986955,0.3225037854693137,0.9499999999999998,0,1,0.9550811584492837,0.9550811584492837,0.3675245905114804,0.3675245905114804,0.1325610102160128,0.1325610102160128,0.22753239784266324,0.22753239784266324
6,7,4,3,4,B,A,D,large,0.9847153491672533,0.9046856192371212,0.7392049082236225,0.4735480255162757,1,0.5497856980171122,0.7603027699916348,0.5890460592853023,0.5890460592853023,0.9702677036594264,0.9702677036594264,0.9374766614482738,0.9374766614482738
6,7,4,4,2,A,B,B,large,0.3250248331775992,1,0.9499999999999998,1,1,0.7751191387977759,0.7751191387977759,0.6040067540328659,0.9550811584492837,0.9792412708687148,0.9792412708687148,0.9896206354343574,0.9896206354343574
6,7,5,1,4,B,A,D,large,1.0015225651417607,0.6527739503418658,0.7603027699916348,0,1,0.7603027699916348,0.7802013539142997,0.5890460592853023,0.5890460592853023,0.9374766614482738,0.9374766614482738,0.7951253058950698,0.7951253058950698
6,7,5,2,1,A,B,A,small,-0.009429119081580332,0,0.9499999999999998,1,1,0.07495633940712335,0.07495633940712335,0.6104284963327765,0.9550811584492837,0.20655862826710808,0.20655862826710808,0.10327931413355404,0.10327931413355404
6,7,5,3,3,B,A,C,small,0.659576800741116,0.3314756380697585,0.9499999999999998,0,1,0.9550811584492837,0.9550811584492837,0.3675245905114804,0.3675245905114804,0.22753239784266324,0.22753239784266324,0.2795040179562109,0.2795040179562109
6,7,5,4,2,A,B,B,large,0.3444548970163403,0.9504257473482931,0.9499999999999998,0.7136865968038992,1,0.7751191387977759,0.7751191387977759,0.9550811584492837,0.9550811584492837,0.9896206354343574,0.9896206354343574,0.9700231913913253,0.9700231913913253
6,7,6,1,1,B,A,A,small,0.016699539560457544,0.028047369294380158,0.4087704057416626,0.834535165836348,1,0.07495633940712335,0.43621179035496727,0.9550811584492837,0.9550811584492837,0.10327931413355404,0.10327931413355404,0.0656633417139671,0.0656633417139671
6,7,6,2,2,B,A,B,large,0.34137040860435175,1,0.9499999999999998,1,0,0.7751191387977759,0.9507077096900849,0.9550811584492837,0.9550811584492837,0.9700231913913253,0.9700231913913253,0.9700231913913253,0.9700231913913253
6,7,6,3,3,A,B,C,small,0.6774359940016719,0.3148731658292333,0.36752459051148045,0,0,0.9550811584492837,0.9550811584492837,0.3675245905114804,0.37101822129689516,0.2795040179562109,0.2795040179562109,0.2795040179562109,0.2795040179562109
6,7,6,4,4,A,B,D,large,0.9968846972425717,0.7631509846270963,0.5890460592853023,0,1,0.7802013539142997,0.7802013539142997,0.5890460592853023,0.6159807988202829,0.7951253058950698,0.7951253058950698,0.779138145261083,0.779138145261083
6,7,7,1,2,A,B,B,large,0.3304903415348856,0.9898055180300943,0.9499999999999998,0.9387814932350002,1,0.9507077096900849,0.9507077096900849,0.9550811584492837,0.9550811584492837,0.9700231913913253,0.9700231913913253,0.9799143547107099,0.9799143547107099
6,7,7,2,3,B,A,C,small,0.6524769579988677,0.4652070711115046,0.9499999999999998,0,1,0.9550811584492837,0.9550811584492837,0.37101822129689516,0.37101822129689516,0.2795040179562109,0.2795040179562109,0.3723555445338578,0.3723555445338578
6,7,7,3,4,A,B,D,large,1.0105495276228191,0.7893945179037118,0.6159807988202829,0,0,0.7802013539142997,0.7802013539142997,0.6159807988202829,0.6195227971656754,0.779138145261083,0.779138145261083,0.779138145261083,0.779138145261083
6,7,7,4,1,B,A,A,small,-0.0030670271683593655,0,0.8362117903549673,1,1,0.43621179035496727,0.8510433483236891,0.9550811584492837,0.9550811584492837,0.0656633417139671,0.0656633417139671,0.03283167085698355,0.03283167085698355
6,7,8,1,1,A,B,A,small,0.002062580546367885,0.1574551996097488,0.9499999999999998,0.1805818646230437,1,0.8510433483236891,0.8510433483236891,0.9550811584492837,0.9550811584492837,0.03283167085698355,0.03283167085698355,0.09514343523336617,0.09514343523336617
6,7,8,2,4,B,A,D,large,1.0045547964893058,0.23290563066724865,0.7802013539142997,0,0,0.7802013539142997,0.7827628478942182,0.6195227971656754,0.6195227971656754,0.779138145261083,0.779138145261083,0.779138145261083,0.779138145261083
6,7,8,3,3,A,B,C,small,0.6650310147359844,0.36382365608371237,0.37101822129689516,0,0,0.9550811584492837,0.9550811584492837,0.37101822129689516,0.3745253964744352,0.3723555445338578,0.3723555445338578,0.3723555445338578,0.3723555445338578
6,7,8,4,2,B,A,B,large,0.33589413921808065,1,0.9499999999999998,1,1,0.9507077096900849,0.9550811584492837,0.9550811584492837,0.9550811584492837,0.9799143547107099,0.9799143547107099,0.9899571773553549,0.9899571773553549
6,7,9,1,3,B,A,C,small,0.6730395278872857,1,0.5550811584492836,-1,0,0.9550811584492837,0.5587825219079301,0.3745253964744352,0.3745253964744352,0.3723555445338578,0.3723555445338578,0.3723555445338578,0.3723555445338578
6,7,9,2,4,B,A,D,large,0.9957669646314034,0.9293147467710126,0.9499999999999998,0.6001200315271199,1,0.7827628478942182,0.9550811584492837,0.6195227971656754,0.6195227971656754,0.779138145261083,0.779138145261083,0.8542264460160478,0.8542264460160478
6,7,9,3,2,A,B,B,large,0.3146212943909879,0.9593124580981837,0.9499999999999998,0.7629454182140083,1,0.9550811584492837,0.9550811584492837,0.9550811584492837,0.9550811584492837,0.9899571773553549,0.9899571773553549,0.9746348177267693,0.9746348177267693
6,7,9,4,1,A,B,A,small,-0.013973783536153004,0.3346592416954209,0.9499999999999998,0,1,0.8510433483236891,0.8510433483236891,0.9550811584492837,0.9550811584492837,0.09514343523336617,0.09514343523336617,0.21490133846439352,0.21490133846439352
6,7,10,1,4,A,B,D,large,0.9908396091190669,0.8973165992637999,0.7942722893379244,0.4368737304306226,1,0.9550811584492837,0.9550811584492837,0.6195227971656754,0.8120479990769213,0.8542264460160478,0.8542264460160478,0.8757715226399239,0.8757715226399239
6,7,10,2,1,B,A,A,small,-0.005410336306133965,0.24146864787941488,0.8510433483236891,0,1,0.8510433483236891,0.8647490877311916,0.9550811584492837,0.9550811584492837,0.21490133846439352,0.21490133846439352,0.22818499317190422,0.22818499317190422
6,7,10,3,3,B,A,C,small,0.6706824079322458,0.6779024760548226,0.5587825219079301,0,0,0.5587825219079301,0.5624773639746523,0.3745253964744352,0.3745253964744352,0.3723555445338578,0.3723555445338578,0.3723555445338578,0.3723555445338578
6,7,10,4,2,A,B,B,large,0.3225849210204642,0.9915148886983095,0.9499999999999998,0.948959470336493,1,0.9550811584492837,0.9550811584492837,0.9550811584492837,0.9550811584492837,0.9746348177267693,0.9746348177267693,0.9830748532125394,0.9830748532125394
6,8,1,1,2,A,B,B,large,0.3370158676984099,0.07781036302786118,0,-0.5628601161703138,0,0.17942727365836061,0.17942727365836061,0.03521614565167923,0,0.9830748532125394,0.9830748532125394,0.9830748532125394,0.9830748532125394
6,8,1,2,3,B,A,C,small,0.6661179890244878,0.7338990658453662,0.3079686882595367,0,1,0.3079686882595367,0.3324481656703713,0.3431199574697592,0.3431199574697592,0.3723555445338578,0.3723555445338578,0.553127305189612,0.553127305189612
6,8,1,3,4,A,B,D,large,0.9981679923022647,0.5178802704009386,0.4630059966700079,0,0,0.3295850806259043,0.3295850806259043,0.46300599667000797,0.46673746899242136,0.8757715226399239,0.8757715226399239,0.8757715226399239,0.8757715226399239
6,8,1,4,1,B,A,A,small,-0.006663860897881713,0.43061699504062706,0.27103519371214185,0,1,0.27103519371214185,0.29382540554518927,0.14141884056166062,0.14141884056166062,0.22818499317190422,0.22818499317190422,0.32940099410626567,0.32940099410626567
6,8,2,1,2,A,B,B,large,0.33295000583700957,1,0.4,1,1,0.17942727365836061,0.17942727365836061,0,0.42727811497338447,0.9830748532125394,0.9830748532125394,0.9915374266062698,0.9915374266062698
6,8,2,2,4,B,A,D,large,0.9775700565612191,0.8407464658460995,0.3986385864931278,0.1726337646680586,0,0.3295850806259043,0.4022398824135351,0.46673746899242136,0.46673746899242136,0.8757715226399239,0.8757715226399239,0.8757715226399239,0.8757715226399239
6,8,2,3,3,B,A,C,small,0.6698847235915936,0.5256103634228573,0.3324481656703713,0,0,0.3324481656703713,0.33578538620123527,0.3431199574697592,0.3431199574697592,0.553127305189612,0.553127305189612,0.553127305189612,0.553127305189612
6,8,2,4,1,A,B,A,small,0.003794823467693459,0.897066623124182,0,-0.43563909770492953,0,0.29382540554518927,0.29382540554518927,0.14141884056166062,0,0.32940099410626567,0.32940099410626567,0.32940099410626567,0.32940099410626567
6,8,3,1,1,B,A,A,small,-0.007662249379079495,0.8896233169739204,0.1341622078195196,-0.3991579943141742,1,0.29382540554518927,0.14777647595504567,0,0,0.32940099410626567,0.32940099410626567,0.6095121555400931,0.6095121555400931
6,8,3,2,2,A,B,B,large,0.33205686039307764,1,0.8272781149733845,1,1,0.17942727365836061,0.17942727365836061,0.42727811497338447,0.8427665346260592,0.9915374266062698,0.9915374266062698,0.9957687133031349,0.9957687133031349
6,8,3,3,3,B,A,C,small,0.6622716366192225,0,0.7357853862012353,1,1,0.33578538620123527,0.7570689689667173,0.3431199574697592,0.3431199574697592,0.553127305189612,0.553127305189612,0.276563652594806,0.276563652594806
6,8,3,4,4,A,B,D,large,1.0017553948326827,0.9213132179486718,0.6900628892292666,0.5583135505921131,1,0.4022398824135351,0.4022398824135351,0.46673746899242136,0.7135959498115839,0.8757715226399239,0.8757715226399239,0.8985423702942978,0.8985423702942978
6,8,4,1,1,A,B,A,small,0.007158887368739161,0.9700248767027482,0,-0.8234997046145,0,0.14777647595504567,0.14777647595504567,0,0,0.6095121555400931,0.6095121555400931,0.6095121555400931,0.6095121555400931
6,8,4,2,2,B,A,B,large,0.34024263063515064,1,0.5794272736583607,1,0,0.17942727365836061,0.5830782250495379,0.8427665346260592,0.8427665346260592,0.9957687133031349,0.9957687133031349,0.9957687133031349,0.9957687133031349
6,8,4,3,4,B,A,D,large,1.0035829436192993,0.9671212041353492,0.7250229554241253,0.8069576825264755,0,0.4022398824135351,0.7280033098632106,0.7135959498115839,0.7135959498115839,0.8985423702942978,0.8985423702942978,0.8985423702942978,0.8985423702942978
6,8,4,4,3,A,B,C,small,0.6658588477377682,0.1426351506478285,0.44199277560284195,0.24718204533270666,0,0.7570689689667173,0.7570689689667173,0.3431199574697592,0.4456954553392383,0.276563652594806,0.276563652594806,0.276563652594806,0.276563652594806
6,8,5,1,1,A,B,A,small,-0.004584340780748336,0.5715846037043404,0,0,0,0.14777647595504567,0.14777647595504567,0,0,0.6095121555400931,0.6095121555400931,0.6095121555400931,0.6095121555400931
6,8,5,2,4,B,A,D,large,1.0127887665168434,0.9618892115135634,0.9499999999999998,0.7773927988717143,1,0.7280033098632106,0.9550811584492837,0.7135959498115839,0.7135959498115839,0.8985423702942978,0.8985423702942978,0.9302157909039306,0.9302157909039306
6,8,5,3,2,A,B,B,large,0.31578026313992597,0.909610493242788,0.9499999999999998,0.49836130464762085,1,0.5830782250495379,0.5830782250495379,0.8427665346260592,0.9550811584492837,0.9957687133031349,0.9957687133031349,0.9526896032729615,0.9526896032729615
6,8,5,4,3,B,A,C,small,0.6777152332613053,0.008044423679651956,0.9499999999999998,0.9515890699988309,1,0.7570689689667173,0.9550811584492837,0.4456954553392383,0.4456954553392383,0.276563652594806,0.276563652594806,0.14230403813722897,0.14230403813722897
6,8,6,1,3,B,A,C,small,0.6491682173022545,0.23508842992873616,0.9499999999999998,0,1,0.9550811584492837,0.9550811584492837,0.4456954553392383,0.4456954553392383,0.14230403813722897,0.14230403813722897,0.18869623403298258,0.18869623403298258
6,8,6,2,1,B,A,A,small,0.012642240690464693,0.805807886050413,0.1382743121069577,-0.023755409620219912,0,0.14777647595504567,0.1400713468177115,0,0,0.6095121555400931,0.6095121555400931,0.6095121555400931,0.6095121555400931
6,8,6,3,4,A,B,D,large,0.9966062356446909,0.9647977493697992,0.9499999999999998,0.793790136517378,1,0.9550811584492837,0.9550811584492837,0.7135959498115839,0.9550811584492837,0.9302157909039306,0.9302157909039306,0.9475067701368649,0.9475067701368649
6,8,6,4,2,A,B,B,large,0.33056268044875525,1,0.9499999999999998,1,1,0.5830782250495379,0.5830782250495379,0.9550811584492837,0.9550811584492837,0.9526896032729615,0.9526896032729615,0.9763448016364807,0.9763448016364807
6,8,7,1,1,B,A,A,small,0.00201196641883001,0.9761102880020206,0,-0.858481079207545,0,0.1400713468177115,0,0,0,0.6095121555400931,0.6095121555400931,0.6095121555400931,0.6095121555400931
6,8,7,2,4,A,B,D,large,1.0069446555264105,1,0.9499999999999998,1,1,0.9550811584492837,0.9550811584492837,0.9550811584492837,0.9550811584492837,0.9475067701368649,0.9475067701368649,0.9737533850684325,0.9737533850684325
6,8,7,3,3,B,A,C,small,0.6846991288826959,0.6516560100202604,0.9499999999999998,0,0,0.9550811584492837,0.9507077096900849,0.4456954553392383,0.4456954553392383,0.18869623403298258,0.18869623403298258,0.18869623403298258,0.18869623403298258
6,8,7,4,2,A,B,B,large,0.33713119272618275,0.9592549319683407,0.9499999999999998,0.7626237287189009,1,0.5830782250495379,0.5830782250495379,0.9550811584492837,0.9550811584492837,0.9763448016364807,0.9763448016364807,0.9677998668024107,0.9677998668024107
6,8,8,1,1,A,B,A,small,0.006640865462739295,0,0.4,1,0,0,0,0,0.403605340410737,0.6095121555400931,0.6095121555400931,0.6095121555400931,0.6095121555400931
6,8,8,2,2,A,B,B,large,0.34339444056412494,1,0.9499999999999998,1,1,0.5830782250495379,0.5830782250495379,0.9550811584492837,0.9550811584492837,0.9677998668024107,0.9677998668024107,0.9838999334012053,0.9838999334012053
6,8,8,3,4,B,A,D,large,1.0274278163060342,0.9396728648757635,0.9499999999999998,0.6552424320005517,1,0.9550811584492837,0.9550811584492837,0.9550811584492837,0.9550811584492837,0.9737533850684325,0.9737533850684325,0.9567131249720979,0.9567131249720979
6,8,8,4,3,B,A,C,small,0.6690728839864334,0.28467139268982367,0.9499999999999998,0,1,0.9507077096900849,0.9550811584492837,0.4456954553392383,0.4456954553392383,0.18869623403298258,0.18869623403298258,0.23668381336140312,0.23668381336140312
6,8,9,1,3,A,B,C,small,0.6659454023305048,0.250542542002516,0.4456954553392383,0,0,0.9550811584492837,0.9550811584492837,0.4456954553392383,0.44940417205008243,0.23668381336140312,0.23668381336140312,0.23668381336140312,0.23668381336140312
6,8,9,2,2,A,B,B,large,0.3158107721429829,1,0.9499999999999998,1,1,0.5830782250495379,0.5830782250495379,0.9550811584492837,0.9550811584492837,0.9838999334012053,0.9838999334012053,0.9919499667006026,0.9919499667006026
6,8,9,3,1,B,A,A,small,0.006143568238155102,1,0,-1,0,0,0,0.403605340410737,0.403605340410737,0.6095121555400931,0.6095121555400931,0.6095121555400931,0.6095121555400931
6,8,9,4,4,B,A,D,large,0.997886104697888,0.9234053148221956,0.9499999999999998,0.5691798502593882,0,0.9550811584492837,0.9507077096900849,0.9550811584492837,0.9550811584492837,0.9567131249720979,0.9567131249720979,0.9567131249720979,0.9567131249720979
6,8,10,1,3,A,B,C,small,0.6704369048473765,0.2845598198055729,0.4494041720500825,0,0,0.9550811584492837,0.9550811584492837,0.44940417205008243,0.4531185222985792,0.23668381336140312,0.23668381336140312,0.23668381336140312,0.23668381336140312
6,8,10,2,4,B,A,D,large,1.0057538816018063,0.9613114247124543,0.9499999999999998,0.7741467761484804,1,0.9507077096900849,0.9550811584492837,0.9550811584492837,0.9550811584492837,0.9567131249720979,0.9567131249720979,0.9590122748422761,0.9590122748422761
6,8,10,3,2,A,B,B,large,0.32142097804614467,1,0.9499999999999998,1,1,0.5830782250495379,0.5830782250495379,0.9550811584492837,0.9550811584492837,0.9919499667006026,0.9919499667006026,0.9959749833503013,0.9959749833503013
6,8,10,4,1,B,A,A,small,-0.005379777741769643,0.3670776918831943,0,0,0,0,0,0.403605340410737,0.403605340410737,0.6095121555400931,0.6095121555400931,0.6095121555400931,0.6095121555400931
6,9,1,1,4,A,B,D,large,1.000590467236534,1,0.708886341263564,1,0,0.20639871841290128,0.20639871841290128,0.30888634126356396,0.7119721122209992,0.9590122748422761,0.9590122748422761,0.9590122748422761,0.9590122748422761
6,9,1,2,1,A,B,A,small,-0.006320454129765395,1,0,-1,0,0.08302711001063438,0.08302711001063438,0.3001732093114222,0,0.6095121555400931,0.6095121555400931,0.6095121555400931,0.6095121555400931
6,9,1,3,2,B,A,B,large,0.31871682129001144,1,0.6129449770156666,1,0,0.2129449770156666,0.6164975432201794,0.28048999460088325,0.28048999460088325,0.9959749833503013,0.9959749833503013,0.9959749833503013,0.9959749833503013
6,9,1,4,3,B,A,C,small,0.6745219801523641,0.7219417054058497,0.26508126166986146,0,1,0.26508126166986146,0.28756832959240297,0.042653582533160476,0.042653582533160476,0.23668381336140312,0.23668381336140312,0.4793127593836264,0.4793127593836264
6,9,2,1,3,B,A,C,small,0.6618443793978195,0.20268121508506423,0.28756832959240297,0,0,0.28756832959240297,0.2906511870184502,0.042653582533160476,0.042653582533160476,0.4793127593836264,0.4793127593836264,0.4793127593836264,0.4793127593836264
6,9,2,2,1,B,A,A,small,7.863764161822542e-4,0.9268147510419872,0,-0.5869860921096718,0,0.08302711001063438,0,0,0,0.6095121555400931,0.6095121555400931,0.6095121555400931,0.6095121555400931
6,9,2,3,2,A,B,B,large,0.33160283158766524,0.8471586117946807,0.3609319006194909,0.2011047650465191,0,0.6164975432201794,0.6164975432201794,0.28048999460088325,0.3643989689472654,0.9959749833503013,0.9959749833503013,0.9959749833503013,0.9959749833503013
6,9,2,4,4,A,B,D,large,0.9954390905340236,1,0.9499999999999998,1,1,0.20639871841290128,0.20639871841290128,0.7119721122209992,0.9550811584492837,0.9590122748422761,0.9590122748422761,0.979506137421138,0.979506137421138
6,9,3,1,1,A,B,A,small,0.01538404036624509,0.7063892554753033,0,0,0,0,0,0,0,0.6095121555400931,0.6095121555400931,0.6095121555400931,0.6095121555400931
6,9,3,2,2,B,A,B,large,0.31976882078328006,1,0.9499999999999998,1,1,0.6164975432201794,0.9550811584492837,0.3643989689472654,0.3643989689472654,0.9959749833503013,0.9959749833503013,0.9979874916751507,0.9979874916751507
6,9,3,3,3,A,B,C,small,0.6594398915317858,0.4086216230188462,0.04265358253316048,0,0,0.2906511870184502,0.2906511870184502,0.042653582533160476,0.04327031569645222,0.4793127593836264,0.4793127593836264,0.4793127593836264,0.4793127593836264
6,9,3,4,4,B,A,D,large,0.9833218632483616,0.8354630183805807,0.266177597849184,0.1494471985907068,1,0.20639871841290128,0.28872113156900675,0.9550811584492837,0.9550811584492837,0.979506137421138,0.979506137421138,0.9074845779008593,0.9074845779008593
6,9,4,1,4,A,B,D,large,0.9917944081917575,0.6755072541389013,0.9499999999999998,0,1,0.28872113156900675,0.28872113156900675,0.9550811584492837,0.9550811584492837,0.9074845779008593,0.9074845779008593,0.7914959160198803,0.7914959160198803
6,9,4,2,1,B,A,A,small,-0.003280862750741906,1,0,-1,0,0,0,0,0,0.6095121555400931,0.6095121555400931,0.6095121555400931,0.6095121555400931
6,9,4,3,2,B,A,B,large,0.3164299799991895,1,0.9499999999999998,1,1,0.9550811584492837,0.9550811584492837,0.3643989689472654,0.3643989689472654,0.9979874916751507,0.9979874916751507,0.9989937458375753,0.9989937458375753
6,9,4,4,3,A,B,C,small,0.6648245137758684,0.601828245469397,0.04327031569645222,0,0,0.2906511870184502,0.2906511870184502,0.04327031569645222,0.04389555740205613,0.4793127593836264,0.4793127593836264,0.4793127593836264,0.4793127593836264
6,9,5,1,1,A,B,A,small,0.02021875895343733,0,0.4,1,1,0,0,0,0.42727811497338447,0.6095121555400931,0.6095121555400931,0.30475607777004654,0.30475607777004654
6,9,5,2,3,B,A,C,small,0.6907151618044237,0.7006732603288943,0.2906511870184502,0,1,0.2906511870184502,0.3143794798618668,0.04389555740205613,0.04389555740205613,0.4793127593836264,0.4793127593836264,0.5899930098562604,0.5899930098562604
6,9,5,3,2,A,B,B,large,0.3272055937436134,1,0.7643989689472656,1,1,0.9550811584492837,0.9550811584492837,0.3643989689472654,0.7840540874287513,0.9989937458375753,0.9989937458375753,0.9994968729187876,0.9994968729187876
6,9,5,4,4,B,A,D,large,0.9986029841261337,0.803359392726587,0.2942039039141129,0.013706930862765332,0,0.28872113156900675,0.29732820938417287,0.9550811584492837,0.9550811584492837,0.7914959160198803,0.7914959160198803,0.7914959160198803,0.7914959160198803
6,9,6,1,4,B,A,D,large,1.0115635145518738,0.8741489603074707,0.4273407048014443,0.3250312385431786,1,0.29732820938417287,0.45506919399909757,0.9550811584492837,0.9550811584492837,0.7914959160198803,0.7914959160198803,0.8328224381636755,0.8328224381636755
6,9,6,2,2,B,A,B,large,0.32283001091766395,1,0.9499999999999998,1,1,0.9550811584492837,0.9550811584492837,0.7840540874287513,0.7840540874287513,0.9994968729187876,0.9994968729187876,0.9997484364593938,0.9997484364593938
6,9,6,3,1,A,B,A,small,-0.002895275797802805,0.46150471366360013,0.4272781149733844,0,1,0,0,0.42727811497338447,0.4550057697901748,0.30475607777004654,0.30475607777004654,0.38313039571682334,0.38313039571682334
6,9,6,4,3,A,B,C,small,0.6681007952724963,0.9007124746707631,0,-0.4537072597062264,0,0.3143794798618668,0.3143794798618668,0.04389555740205613,0,0.5899930098562604,0.5899930098562604,0.5899930098562604,0.5899930098562604
6,9,7,1,4,B,A,D,large,1.0079470820446923,0.9137103723887785,0.6627512753285165,0.5192052033235475,1,0.45506919399909757,0.6874187178936434,0.9550811584492837,0.9550811584492837,0.8328224381636755,0.8328224381636755,0.873266405276227,0.873266405276227
6,9,7,2,2,A,B,B,large,0.3299233966125623,1,0.9499999999999998,1,1,0.9550811584492837,0.9550811584492837,0.7840540874287513,0.9550811584492837,0.9997484364593938,0.9997484364593938,0.9998742182296969,0.9998742182296969
6,9,7,3,1,A,B,A,small,7.557769895844479e-4,0,0.8550057697901748,1,1,0,0,0.4550057697901748,0.8684032967697933,0.38313039571682334,0.38313039571682334,0.19156519785841167,0.19156519785841167
6,9,7,4,3,B,A,C,small,0.6788380194486857,0.299676194145525,0.3143794798618668,0,1,0.3143794798618668,0.3391188227098725,0,0,0.5899930098562604,0.5899930098562604,0.44483460200089264,0.44483460200089264
6,9,8,1,2,B,A,B,large,0.3208439033164428,0.852737556678002,0.9499999999999998,0.22617499632803217,1,0.9550811584492837,0.9550811584492837,0.9550811584492837,0.9550811584492837,0.9998742182296969,0.9998742182296969,0.9263058874538495,0.9263058874538495
6,9,8,2,3,A,B,C,small,0.674257700065511,0.33939432001299485,0,0,0,0.3391188227098725,0.3391188227098725,0,0,0.44483460200089264,0.44483460200089264,0.44483460200089264,0.44483460200089264
6,9,8,3,1,B,A,A,small,0.005860024151496131,0.004526935596254218,0.38906453582301453,0.9726613395575363,0,0,0.39263581142040727,0.8684032967697933,0.8684032967697933,0.19156519785841167,0.19156519785841167,0.19156519785841167,0.19156519785841167
6,9,8,4,4,A,B,D,large,1.006448848968061,0.8589772155816304,0.9499999999999998,0.25454768146216844,1,0.6874187178936434,0.6874187178936434,0.9550811584492837,0.9550811584492837,0.873266405276227,0.873266405276227,0.8661218104289288,0.8661218104289288
6,9,9,1,1,A,B,A,small,-0.002238689460326457,0.16524148952119036,0.9269528634721842,0.14637391675597705,1,0.39263581142040727,0.39263581142040727,0.8684032967697933,0.9342139565412035,0.19156519785841167,0.19156519785841167,0.17840334368980101,0.17840334368980101
6,9,9,2,2,B,A,B,large,0.32971510545820726,0.9895363444021712,0.9499999999999998,0.9371819416413129,1,0.9550811584492837,0.9550811584492837,0.9550811584492837,0.9550811584492837,0.9263058874538495,0.9263058874538495,0.9579211159280103,0.9579211159280103
6,9,9,3,3,B,A,C,small,0.6727811254985091,0.2274273183365787,0.3391188227098725,0,0,0.3391188227098725,0.34248865035533016,0,0,0.44483460200089264,0.44483460200089264,0.44483460200089264,0.44483460200089264
6,9,9,4,4,A,B,D,large,1.0165847187362493,1,0.9499999999999998,1,1,0.6874187178936434,0.6874187178936434,0.9550811584492837,0.9550811584492837,0.8661218104289288,0.8661218104289288,0.9330609052144644,0.9330609052144644
6,9,10,1,3,A,B,C,small,0.6651758632023388,0.26977986892652667,0,0,0,0.34248865035533016,0.34248865035533016,0,0,0.44483460200089264,0.44483460200089264,0.44483460200089264,0.44483460200089264
6,9,10,2,1,B,A,A,small,-0.003796759991811526,0.31651711295255197,0.39263581142040727,0,0,0.39263581142040727,0.3962186081693668,0.9342139565412035,0.9342139565412035,0.17840334368980101,0.17840334368980101,0.17840334368980101,0.17840334368980101
6,9,10,3,4,B,A,D,large,1.0142139094658695,1,0.9499999999999998,1,0,0.6874187178936434,0.9507077096900849,0.9550811584492837,0.9550811584492837,0.9330609052144644,0.9330609052144644,0.9330609052144644,0.9330609052144644
6,9,10,4,2,A,B,B,large,0.3346656790851282,1,0.9499999999999998,1,0,0.9550811584492837,0.9550811584492837,0.9550811584492837,0.9507077096900849,0.9579211159280103,0.9579211159280103,0.9579211159280103,0.9579211159280103
6,10,1,1,3,A,B,C,small,0.6689639992461988,0.7919072110512313,0.17458448205778399,0,0,0.11939026591803915,0.11939026591803915,0.17458448205778396,0.1767566151277979,0.44483460200089264,0.44483460200089264,0.44483460200089264,0.44483460200089264
6,10,1,2,1,B,A,A,small,-6.198984423093277e-4,0.31103193790023764,0.14763953486464562,0,0,0.14763953486464562,0.14953716054746521,0.2706699579454555,0.2706699579454555,0.17840334368980101,0.17840334368980101,0.17840334368980101,0.17840334368980101
6,10,1,3,2,B,A,B,large,0.32675002892198857,0.5621582959535442,0.1794255420349357,0,0,0.1794255420349357,0.18164465152763662,0.1790830848246585,0.1790830848246585,0.9579211159280103,0.9579211159280103,0.9579211159280103,0.9579211159280103
6,10,1,4,4,A,B,D,large,0.9896661248886658,0.9388224480477149,0.6578276595601534,0.6506736489348661,1,0.18458917244386897,0.18458917244386897,0.39755819998620684,0.6826828057135212,0.9330609052144644,0.9330609052144644,0.9359416766310896,0.9359416766310896
6,10,2,1,4,A,B,D,large,0.9966099597552747,0.7672176502872413,0.6826828057135212,0,1,0.18458917244386897,0.18458917244386897,0.6826828057135212,0.7065379220292695,0.9359416766310896,0.9359416766310896,0.8515796634591655,0.8515796634591655
6,10,2,2,3,A,B,C,small,0.6808359360588575,0.32754574226001126,0.17675661512779794,0,0,0.11939026591803915,0.11939026591803915,0.1767566151277979,0.17894991425715806,0.44483460200089264,0.44483460200089264,0.44483460200089264,0.44483460200089264
6,10,2,3,2,B,A,B,large,0.3316231991926628,1,0.5816446515276367,1,0,0.18164465152763662,0.5852901309298765,0.1790830848246585,0.1790830848246585,0.9579211159280103,0.9579211159280103,0.9579211159280103,0.9579211159280103
6,10,2,4,1,B,A,A,small,0.006125381093407995,0.1472433169040436,0.2400417314255266,0.2262614271951535,1,0.14953716054746521,0.2611595001601033,0.2706699579454555,0.2706699579454555,0.17840334368980101,0.17840334368980101,0.1628233302969223,0.1628233302969223
6,10,3,1,4,B,A,D,large,1.0178114714902498,0.5075564012544498,0.18458917244386897,0,0,0.18458917244386897,0.1868576023692731,0.7065379220292695,0.7065379220292695,0.8515796634591655,0.8515796634591655,0.8515796634591655,0.8515796634591655
6,10,3,2,1,A,B,A,small,-0.0077356023260209865,0.6603307357552102,0.2706699579454555,0,1,0.2611595001601033,0.2611595001601033,0.2706699579454555,0.29344182128157176,0.1628233302969223,0.1628233302969223,0.41157703302606624,0.41157703302606624
6,10,3,3,2,A,B,B,large,0.32938293072134267,1,0.5790830848246585,1,1,0.5852901309298765,0.5852901309298765,0.1790830848246585,0.6062343044538817,0.9579211159280103,0.9579211159280103,0.9789605579640052,0.9789605579640052
6,10,3,4,3,B,A,C,small,0.6695756232448736,0.6068164994624387,0.11939026591803918,0,0,0.11939026591803915,0.1209763347326377,0.17894991425715806,0.17894991425715806,0.44483460200089264,0.44483460200089264,0.44483460200089264,0.44483460200089264
6,10,4,1,4,A,B,D,large,0.9999155708885541,0.05252950067669634,0.42753841964858735,-0.6974987559517052,1,0.1868576023692731,0.1868576023692731,0.7065379220292695,0.45526953866074493,0.8515796634591655,0.8515796634591655,0.4520545820679309,0.4520545820679309
6,10,4,2,3,A,B,C,small,0.6711333976990285,0.15527416208402123,0.25505384836783146,0.19025983527668328,0,0.1209763347326377,0.1209763347326377,0.17894991425715806,0.2579143254187787,0.44483460200089264,0.44483460200089264,0.44483460200089264,0.44483460200089264
6,10,4,3,2,B,A,B,large,0.31647049390873555,0.8682350433176806,0.7042110315269632,0.2973022514927168,1,0.5852901309298765,0.7270946869793056,0.6062343044538817,0.6062343044538817,0.9789605579640052,0.9789605579640052,0.923597800640843,0.923597800640843
6,10,4,4,1,B,A,A,small,-0.010217887589895005,0.28560869997658284,0.2611595001601033,0,0,0.2611595001601033,0.26406418026080597,0.29344182128157176,0.29344182128157176,0.41157703302606624,0.41157703302606624,0.41157703302606624,0.41157703302606624
6,10,5,1,1,A,B,A,small,0.0165393937969881,0.6016718501954663,0.29344182128157176,0,0,0.26406418026080597,0.26406418026080597,0.29344182128157176,0.2965614342948499,0.41157703302606624,0.41157703302606624,0.41157703302606624,0.41157703302606624
6,10,5,2,2,B,A,B,large,0.33561464990537115,1,0.9499999999999998,1,1,0.7270946869793056,0.9550811584492837,0.6062343044538817,0.6062343044538817,0.923597800640843,0.923597800640843,0.9617989003204215,0.9617989003204215
6,10,5,3,4,B,A,D,large,1.0056190138114038,0.3631332547425876,0.18685760236927312,0,0,0.1868576023692731,0.1891474427084289,0.45526953866074493,0.45526953866074493,0.4520545820679309,0.4520545820679309,0.4520545820679309,0.4520545820679309
6,10,5,4,3,A,B,C,small,0.6493197811962849,0,0.6579143254187788,1,0,0.1209763347326377,0.1209763347326377,0.2579143254187787,0.6612822306509633,0.44483460200089264,0.44483460200089264,0.44483460200089264,0.44483460200089264
6,10,6,1,4,A,B,D,large,0.9941302887292902,0.5345879292800623,0.45526953866074493,0,0,0.1891474427084289,0.1891474427084289,0.45526953866074493,0.45899195423362843,0.4520545820679309,0.4520545820679309,0.4520545820679309,0.4520545820679309
6,10,6,2,3,A,B,C,small,0.6531368392712074,1,0.26128223065096323,-1,1,0.1209763347326377,0.1209763347326377,0.6612822306509633,0.2835713746773307,0.44483460200089264,0.44483460200089264,0.7224173010004463,0.7224173010004463
6,10,6,3,2,B,A,B,large,0.32834191562622106,1,0.9499999999999998,1,1,0.9550811584492837,0.9550811584492837,0.6062343044538817,0.6062343044538817,0.9617989003204215,0.9617989003204215,0.9808994501602107,0.9808994501602107
6,10,6,4,1,B,A,A,small,-0.0015734957286100929,0.546030711423893,0.26406418026080597,0,1,0.26406418026080597,0.2864986034048204,0.2965614342948499,0.2965614342948499,0.41157703302606624,0.41157703302606624,0.47880387222497967,0.47880387222497967
6,10,7,1,2,A,B,B,large,0.3227884734725175,1,0.9499999999999998,1,1,0.9550811584492837,0.9550811584492837,0.6062343044538817,0.9550811584492837,0.9808994501602107,0.9808994501602107,0.9904497250801054,0.9904497250801054
6,10,7,2,3,A,B,C,small,0.664025454214589,1,0,-1,0,0.1209763347326377,0.1209763347326377,0.2835713746773307,0,0.7224173010004463,0.7224173010004463,0.7224173010004463,0.7224173010004463
6,10,7,3,1,B,A,A,small,0.005009405466477661,0.19853966514212387,0.2888774502101789,0.005947117013396198,0,0.2864986034048204,0.2919685904271363,0.2965614342948499,0.2965614342948499,0.47880387222497967,0.47880387222497967,0.47880387222497967,0.47880387222497967
6,10,7,4,4,B,A,D,large,1.0072899011614138,0.8675594602921629,0.3068096114622356,0.2941554218845168,1,0.1891474427084289,0.33124105619014416,0.45899195423362843,0.45899195423362843,0.4520545820679309,0.4520545820679309,0.6598070211800469,0.6598070211800469
6,10,8,1,1,A,B,A,small,0.01764029458818059,0.7102869673590795,0.2965614342948499,0,0,0.2919685904271363,0.2919685904271363,0.2965614342948499,0.2997001447151989,0.47880387222497967,0.47880387222497967,0.47880387222497967,0.47880387222497967
6,10,8,2,4,B,A,D,large,1.0152449068794145,0.9033897230713958,0.5180647967589715,0.46705935142206834,0,0.33124105619014416,0.5218088169811609,0.45899195423362843,0.45899195423362843,0.6598070211800469,0.6598070211800469,0.6598070211800469,0.6598070211800469
6,10,8,3,3,B,A,C,small,0.668644081034637,0.5336259952298987,0.1209763347326377,0,0,0.1209763347326377,0.12258054105378667,0,0,0.7224173010004463,0.7224173010004463,0.7224173010004463,0.7224173010004463
6,10,8,4,2,A,B,B,large,0.32431523228641274,1,0.9499999999999998,1,1,0.9550811584492837,0.9550811584492837,0.9550811584492837,0.9550811584492837,0.9904497250801054,0.9904497250801054,0.9952248625400527,0.9952248625400527
6,10,9,1,4,A,B,D,large,0.9886272592263237,0.46403466129787274,0.45899195423362843,0,0,0.5218088169811609,0.5218088169811609,0.45899195423362843,0.46271895200884866,0.6598070211800469,0.6598070211800469,0.6598070211800469,0.6598070211800469
6,10,9,2,3,B,A,C,small,0.6608005854321667,0.9873796963187824,0,-0.9243972034440333,0,0.12258054105378667,0,0,0,0.7224173010004463,0.7224173010004463,0.7224173010004463,0.7224173010004463
6,10,9,3,1,A,B,A,small,-0.01853986000805511,0.24988234810427573,0.2997001447151989,0,0,0.2919685904271363,0.2919685904271363,0.2997001447151989,0.30285777211416637,0.47880387222497967,0.47880387222497967,0.47880387222497967,0.47880387222497967
6,10,9,4,2,B,A,B,large,0.3341193354145903,1,0.9499999999999998,1,1,0.9550811584492837,0.9550811584492837,0.9550811584492837,0.9550811584492837,0.9952248625400527,0.9952248625400527,0.9976124312700263,0.9976124312700263
6,10,10,1,2,B,A,B,large,0.3268897164738063,0.9121329114556939,0.9499999999999998,0.5111651126513057,1,0.9550811584492837,0.9550811584492837,0.9550811584492837,0.9550811584492837,0.9976124312700263,0.9976124312700263,0.9548726713628601,0.9548726713628601
6,10,10,2,4,A,B,D,large,0.9798128620930051,0.31143247461115925,0.46271895200884866,0,0,0.5218088169811609,0.5218088169811609,0.46271895200884866,0.4664501204296477,0.6598070211800469,0.6598070211800469,0.6598070211800469,0.6598070211800469
6,10,10,3,3,B,A,C,small,0.6621942665067315,0.7408099403056457,0,0,0,0,0,0,0,0.7224173010004463,0.7224173010004463,0.7224173010004463,0.7224173010004463
6,10,10,4,1,A,B,A,small,6.203366569778556e-4,0.10216986724961023,0.47862257645142786,0.4394120108431537,0,0.2919685904271363,0.2919685904271363,0.30285777211416637,0.4823668519774184,0.47880387222497967,0.47880387222497967,0.47880387222497967,0.47880387222497967
7,1,1,1,2,A,B,B,large,0.3152692738935552,1,0.7963493913212074,1,1,0.19299861559447137,0.19299861559447137,0.3963493913212074,0.8139876614899453,0.9548726713628601,0.9548726713628601,0.9774363356814301,0.9774363356814301
7,1,1,2,3,B,A,C,small,0.67712269420107285,0.7669831068493853,0.29456947621882235,0,0,0.29456947621882235,0.29769602642741533,0.14636605130827143,0.14636605130827143,0.7224173010004463,0.7224173010004463,0.7224173010004463,0.7224173010004463
7,1,1,3,1,B,A,A,small,0.022293012685241916,0.6843170637732712,0.3769151077522293,0,0,0.37691510775222936,0.38044430908995325,0.028513175431269924,0.028513175431269924,0.47880387222497967,0.47880387222497967,0.47880387222497967,0.47880387222497967
7,1,1,4,4,A,B,D,large,0.999952064102311,0.841956210629919,0.09063145742191611,0.17797732653788545,0,0.11218868942043266,0.11218868942043266,0.019440526806761966,0.09187533309813795,0.6598070211800469,0.6598070211800469,0.6598070211800469,0.6598070211800469
7,1,2,1,3,B,A,C,small,0.6805064249982199,0.701130540849581,0.29769602642741533,0,0,0.29769602642741533,0.30084160944124966,0.14636605130827143,0.14636605130827143,0.7224173010004463,0.7224173010004463,0.7224173010004463,0.7224173010004463
7,1,2,2,2,A,B,B,large,0.31169223742348884,1,0.9499999999999998,1,1,0.19299861559447137,0.19299861559447137,0.8139876614899453,0.9550811584492837,0.9774363356814301,0.9774363356814301,0.9887181678407151,0.9887181678407151
7,1,2,3,1,B,A,A,small,-0.011103996023953183,0.6863621376033854,0.38044430908995325,0,0,0.38044430908995325,0.38398619101358905,0.028513175431269924,0.028513175431269924,0.47880387222497967,0.47880387222497967,0.47880387222497967,0.47880387222497967
7,1,2,4,4,A,B,D,large,1.0136643801089649,0,0,-1,0,0.11218868942043266,0.11218868942043266,0.09187533309813795,0,0.6598070211800469,0.6598070211800469,0.6598070211800469,0.6598070211800469
7,1,3,1,3,B,A,C,small,0.6540600339342344,0.27512362451826167,0.30084160944124966,0,0,0.30084160944124966,0.30400604249130236,0.14636605130827143,0.14636605130827143,0.7224173010004463,0.7224173010004463,0.7224173010004463,0.7224173010004463
7,1,3,2,1,B,A,A,small,0.007971746264763128,1,0,-1,0,0.38398619101358905,0,0.028513175431269924,0.028513175431269924,0.47880387222497967,0.47880387222497967,0.47880387222497967,0.47880387222497967
7,1,3,3,4,A,B,D,large,0.9973750315688374,0.9810278733960631,0.3548248062923588,0.8870620157308969,0,0.11218868942043266,0.11218868942043266,0,0.35826609806836196,0.6598070211800469,0.6598070211800469,0.6598070211800469,0.6598070211800469
7,1,3,4,2,A,B,B,large,0.3360953294806013,1,0.9499999999999998,1,1,0.19299861559447137,0.19299861559447137,0.9550811584492837,0.9550811584492837,0.9887181678407151,0.9887181678407151,0.9943590839203575,0.9943590839203575
7,1,4,1,1,A,B,A,small,-0.003221023728157684,1,0,-1,0,0,0,0.028513175431269924,0,0.47880387222497967,0.47880387222497967,0.47880387222497967,0.47880387222497967
7,1,4,2,2,A,B,B,large,0.3192952617034577,0.9945737008302442,0.9499999999999998,0.9672593943850292,1,0.19299861559447137,0.19299861559447137,0.9550811584492837,0.9550811584492837,0.9943590839203575,0.9943590839203575,0.9944663923753009,0.9944663923753009
7,1,4,3,3,B,A,C,small,0.653873962751494,8.47469675631751e-4,0.7019513179229496,0.9948631885791182,1,0.30400604249130236,0.7249415116584658,0.14636605130827143,0.14636605130827143,0.7224173010004463,0.7224173010004463,0.36163238533803904,0.36163238533803904
7,1,4,4,4,B,A,D,large,1.0007980725185934,0.7747588986855292,0.11218868942043267,0,0,0.11218868942043266,0.11369143880289809,0.35826609806836196,0.35826609806836196,0.6598070211800469,0.6598070211800469,0.6598070211800469,0.6598070211800469
7,1,5,1,2,B,A,B,large,0.32389387809600795,1,0.5929986155944714,1,1,0.19299861559447137,0.6198414878211473,0.9550811584492837,0.9550811584492837,0.9944663923753009,0.9944663923753009,0.9972331961876504,0.9972331961876504
7,1,5,2,3,A,B,C,small,0.662612489924402,0.5952299607072686,0.14636605130827143,0,0,0.7249415116584658,0.7249415116584658,0.14636605130827143,0.14825015568549724,0.36163238533803904,0.36163238533803904,0.36163238533803904,0.36163238533803904
7,1,5,3,4,B,A,D,large,0.9982417992272178,0.5829455632529661,0.11369143880289809,0,0,0.11369143880289809,0.11521170510954247,0.35826609806836196,0.35826609806836196,0.6598070211800469,0.6598070211800469,0.6598070211800469,0.6598070211800469
7,1,5,4,1,A,B,A,small,1.4756669607794134e-4,0.01537508670535778,0.363258674933187,0.9081466873329673,0,0,0,0,0.3667352678063425,0.47880387222497967,0.47880387222497967,0.47880387222497967,0.47880387222497967
7,1,6,1,1,B,A,A,small,0.0046534043650992875,0.2315809850348555,0,0,0,0,0,0.3667352678063425,0.3667352678063425,0.47880387222497967,0.47880387222497967,0.47880387222497967,0.47880387222497967
7,1,6,2,4,B,A,D,large,1.0047894524440444,0.6162525878085242,0.11521170510954247,0,0,0.11521170510954247,0.11674962238391648,0.35826609806836196,0.35826609806836196,0.6598070211800469,0.6598070211800469,0.6598070211800469,0.6598070211800469
7,1,6,3,3,A,B,C,small,0.6750741812488932,0.5763191184321426,0.14825015568549724,0,0,0.7249415116584658,0.7249415116584658,0.14825015568549724,0.1501542471474164,0.36163238533803904,0.36163238533803904,0.36163238533803904,0.36163238533803904
7,1,6,4,2,A,B,B,large,0.3249262245733994,0.829728204281513,0.9499999999999998,0.12455555493345209,1,0.6198414878211473,0.6198414878211473,0.9550811584492837,0.9550811584492837,0.9972331961876504,0.9972331961876504,0.9134807002345817,0.9134807002345817
7,1,7,1,2,B,A,B,large,0.3274159091419393,0.8757794538854555,0.7529351274187248,0.33273409899394335,0,0.6198414878211473,0.7557148861388185,0.9550811584492837,0.9550811584492837,0.9134807002345817,0.9134807002345817,0.9134807002345817,0.9134807002345817
7,1,7,2,1,B,A,A,small,-0.005170643607341668,0.2623068907882145,0,0,0,0,0,0.3667352678063425,0.3667352678063425,0.47880387222497967,0.47880387222497967,0.47880387222497967,0.47880387222497967
7,1,7,3,3,A,B,C,small,0.6663147872161461,0.2862692673556582,0.1501542471474164,0,0,0.7249415116584658,0.7249415116584658,0.1501542471474164,0.1520784278037848,0.36163238533803904,0.36163238533803904,0.36163238533803904,0.36163238533803904
7,1,7,4,4,A,B,D,large,1.0098500438697924,1,0.7582660980683621,1,0,0.11674962238391648,0.11674962238391648,0.35826609806836196,0.7610049158976372,0.6598070211800469,0.6598070211800469,0.6598070211800469,0.6598070211800469
7,1,8,1,3,A,B,C,small,0.6713072973163923,0.4918418769202882,0.1520784278037848,0,0,0.7249415116584658,0.7249415116584658,0.1520784278037848,0.15402279736270802,0.36163238533803904,0.36163238533803904,0.36163238533803904,0.36163238533803904
7,1,8,2,4,A,B,D,large,0.9889060039913045,0.40096463136586835,0.7610049158976372,0,1,0.11674962238391648,0.11674962238391648,0.7610049158976372,0.7808620111538189,0.6598070211800469,0.6598070211800469,0.5303858262729576,0.5303858262729576
7,1,8,3,2,B,A,B,large,0.3210812750634844,0.9197426488170628,0.9499999999999998,0.5501858793055681,1,0.7557148861388185,0.9550811584492837,0.9550811584492837,0.9550811584492837,0.9134807002345817,0.9134807002345817,0.9166116745258223,0.9166116745258223
7,1,8,4,1,B,A,A,small,-0.004955142919104228,0.38673997573287033,0,0,0,0,0,0.3667352678063425,0.3667352678063425,0.47880387222497967,0.47880387222497967,0.47880387222497967,0.47880387222497967
7,1,9,1,1,B,A,A,small,-0.007553549466154047,0.6192580717330335,0,0,0,0,0,0.3667352678063425,0.3667352678063425,0.47880387222497967,0.47880387222497967,0.47880387222497967,0.47880387222497967
7,1,9,2,2,B,A,B,large,0.31188048990786893,0.9425831456739503,0.9499999999999998,0.6709365674617894,1,0.9550811584492837,0.9550811584492837,0.9550811584492837,0.9550811584492837,0.9166116745258223,0.9166116745258223,0.9295974100998863,0.9295974100998863
7,1,9,3,4,A,B,D,large,1.0197114425367793,0.07367969370426965,0.5471035095244415,-0.5843962540734435,0,0.11674962238391648,0.11674962238391648,0.7808620111538189,0.55081753462334,0.5303858262729576,0.5303858262729576,0.5303858262729576,0.5303858262729576
7,1,9,4,3,A,B,C,small,0.6439653126399817,0.4831096097234784,0.15402279736270802,0,0,0.7249415116584658,0.7249415116584658,0.15402279736270802,0.15598745304554057,0.36163238533803904,0.36163238533803904,0.36163238533803904,0.36163238533803904
7,1,10,1,2,A,B,B,large,0.3472350700874736,0.7581114506026108,0.9499999999999998,0,1,0.9550811584492837,0.9550811584492837,0.9550811584492837,0.9550811584492837,0.9295974100998863,0.9295974100998863,0.8438544303512485,0.8438544303512485
7,1,10,2,4,B,A,D,large,0.9945001899784376,0.7810026390843208,0.11674962238391648,0,0,0.11674962238391648,0.11830532378270976,0.55081753462334,0.55081753462334,0.5303858262729576,0.5303858262729576,0.5303858262729576,0.5303858262729576
7,1,10,3,3,A,B,C,small,0.6663223942209242,0.33739863034895023,0.15598745304554057,0,0,0.7249415116584658,0.7249415116584658,0.15598745304554057,0.1579724895010179,0.36163238533803904,0.36163238533803904,0.36163238533803904,0.36163238533803904
7,1,10,4,1,B,A,A,small,0.01481347631231379,0.6666800507460817,0,0,0,0,0,0.3667352678063425,0.3667352678063425,0.47880387222497967,0.47880387222497967,0.47880387222497967,0.47880387222497967
7,2,1,1,1,A,B,A,small,-0.005694334544784356,0.9861292646655644,0,-0.9170097864400901,0,0.40768172092101757,0.40768172092101757,0.2687943280277139,0,0.47880387222497967,0.47880387222497967,0.47880387222497967,0.47880387222497967
7,2,1,2,2,A,B,B,large,0.33134030043983864,0.36582816333355495,0.2303569322205959,0,0,0.26647230025583035,0.26647230025583035,0.23035693222059592,0.23302707116249147,0.8438544303512485,0.8438544303512485,0.8438544303512485,0.8438544303512485
7,2,1,3,3,B,A,C,small,0.6766665852757369,0.38125213557118554,0.19810830415380273,0,0,0.19810830415380273,0.20050201997541742,0.24195929104254008,0.24195929104254008,0.36163238533803904,0.36163238533803904,0.36163238533803904,0.36163238533803904
7,2,1,4,4,B,A,D,large,0.9879080242360272,0.5533816136690691,0.36379862007673625,0,0,0.36379862007673625,0.36727739983050917,0.3228200471248842,0.3228200471248842,0.5303858262729576,0.5303858262729576,0.5303858262729576,0.5303858262729576
7,2,2,1,3,A,B,C,small,0.666101824486544,0,0.6419592910425401,1,0,0.20050201997541742,0.20050201997541742,0.24195929104254008,0.6453996141445965,0.36163238533803904,0.36163238533803904,0.36163238533803904,0.36163238533803904
7,2,2,2,2,B,A,B,large,0.3439043604264741,1,0.6664723002558304,1,1,0.26647230025583035,0.690994472450171,0.23302707116249147,0.23302707116249147,0.8438544303512485,0.8438544303512485,0.9219272151756243,0.9219272151756243
7,2,2,3,4,B,A,D,large,0.9791149559745644,0.8028610333232704,0.37194448464141644,0.011667712027268153,1,0.36727739983050917,0.39858032129369375,0.3228200471248842,0.3228200471248842,0.5303858262729576,0.5303858262729576,0.666623429798114,0.666623429798114
7,2,2,4,1,A,B,A,small,-0.01692231712146643,0,0.4,1,0,0.40768172092101757,0.40768172092101757,0,0.403605340410737,0.47880387222497967,0.47880387222497967,0.47880387222497967,0.47880387222497967
7,2,3,1,3,A,B,C,small,0.6429181067369109,0.23406381094524728,0.6453996141445965,0,0,0.20050201997541742,0.20050201997541742,0.6453996141445965,0.6488249635354393,0.36163238533803904,0.36163238533803904,0.36163238533803904,0.36163238533803904
7,2,3,2,2,A,B,B,large,0.3564682624511346,0.8618952279950283,0.3402024036231613,0.2679383311516746,1,0.690994472450171,0.690994472450171,0.23302707116249147,0.3658893802000721,0.9219272151756243,0.9219272151756243,0.8919112215853262,0.8919112215853262
7,2,3,3,1,B,A,A,small,-0.010938669512149266,0.502904587277287,0.4076817209210175,0,1,0.40768172092101757,0.4351038059825918,0.403605340410737,0.403605340410737,0.47880387222497967,0.47880387222497967,0.49085422975113335,0.49085422975113335
7,2,3,4,4,B,A,D,large,0.9776860969222372,0.8849455581040288,0.5491834111732127,0.37650772469879723,1,0.39858032129369375,0.5768539901065823,0.3228200471248842,0.3228200471248842,0.666623429798114,0.666623429798114,0.7757844939510714,0.7757844939510714
7,2,4,1,3,B,A,C,small,0.65197480543256,0.554930099508485,0.20050201997541742,0,1,0.20050201997541742,0.21914434592253565,0.6488249635354393,0.6488249635354393,0.36163238533803904,0.36163238533803904,0.45828124242326207,0.45828124242326207
7,2,4,2,4,B,A,D,large,0.9896016264926277,0.9792791447101694,0.9276004730226106,0.8768662072900705,1,0.5768539901065823,0.934801719695421,0.3228200471248842,0.3228200471248842,0.7757844939510714,0.7757844939510714,0.8775318193306204,0.8775318193306204
7,2,4,3,1,A,B,A,small,-3.415481265210854e-4,0.3201746119789975,0.403605340410737,0,0,0.4351038059825918,0.4351038059825918,0.403605340410737,0.4072211217893575,0.49085422975113335,0.49085422975113335,0.49085422975113335,0.49085422975113335
7,2,4,4,2,A,B,B,large,0.3297684271455156,0.7352832904432931,0.3658893802000721,0,1,0.690994472450171,0.690994472450171,0.3658893802000721,0.39236249025064934,0.8919112215853262,0.8919112215853262,0.8135972560143097,0.8135972560143097
7,2,5,1,1,B,A,A,small,0.008454512682282936,0.6698153290315346,0.4351038059825918,0,1,0.4351038059825918,0.46292881536754277,0.4072211217893575,0.4072211217893575,0.49085422975113335,0.49085422975113335,0.580334779391334,0.580334779391334
7,2,5,2,4,A,B,D,large,1.0113165057902882,0.8708237947660014,0.44658002969861915,0.3093999564343372,0,0.934801719695421,0.934801719695421,0.3228200471248842,0.45029012763596316,0.8775318193306204,0.8775318193306204,0.8775318193306204,0.8775318193306204
7,2,5,3,3,B,A,C,small,0.6398160512722055,0.25311283065772655,0.21914434592253565,0,0,0.21914434592253565,0.2217219581706867,0.6488249635354393,0.6488249635354393,0.45828124242326207,0.45828124242326207,0.45828124242326207,0.45828124242326207
7,2,5,4,2,A,B,B,large,0.3243981153546263,0.6308417165769489,0.39236249025064934,0,0,0.690994472450171,0.690994472450171,0.39236249025064934,0.3959444188352588,0.8135972560143097,0.8135972560143097,0.8135972560143097,0.8135972560143097
7,2,6,1,3,B,A,C,small,0.66785704321356,0.7417269039556722,0.2217219581706867,0,0,0.2217219581706867,0.22432117899824616,0.6488249635354393,0.6488249635354393,0.45828124242326207,0.45828124242326207,0.45828124242326207,0.45828124242326207
7,2,6,2,1,A,B,A,small,0.010614469817361687,0.8749964880315979,0.2756083069935631,-0.329032036989486,1,0.46292881536754277,0.46292881536754277,0.4072211217893575,0.2986255257287223,0.580334779391334,0.580334779391334,0.727665633711466,0.727665633711466
7,2,6,3,2,A,B,B,large,0.33470510319997665,0.8460628323789322,0.47442978617901893,0.19621341835940023,0,0.690994472450171,0.690994472450171,0.3959444188352588,0.47817134357389735,0.8135972560143097,0.8135972560143097,0.8135972560143097,0.8135972560143097
7,2,6,4,4,B,A,D,large,0.9879822071675803,0.8258439067353895,0.9499999999999998,0.10785742232270018,1,0.934801719695421,0.9550811584492837,0.45029012763596316,0.45029012763596316,0.8775318193306204,0.8775318193306204,0.8516878630330049,0.8516878630330049
7,2,7,1,2,A,B,B,large,0.33524422596569625,0.5415113776358157,0.47817134357389735,0,0,0.690994472450171,0.690994472450171,0.47817134357389735,0.4819153519204614,0.8135972560143097,0.8135972560143097,0.8135972560143097,0.8135972560143097
7,2,7,2,1,A,B,A,small,0.006704729884028383,0.04471408113119006,0.5948326879740917,0.7405179056134236,1,0.46292881536754277,0.46292881536754277,0.2986255257287223,0.6216317790560161,0.727665633711466,0.727665633711466,0.386189857421328,0.386189857421328
7,2,7,3,3,B,A,C,small,0.6571902226946743,0.6570743983960079,0.22432117899824616,0,0,0.22432117899824616,0.2269419851844731,0.6488249635354393,0.6488249635354393,0.45828124242326207,0.45828124242326207,0.45828124242326207,0.45828124242326207
7,2,7,4,4,B,A,D,large,0.993846419867713,0.7533083485769003,0.9499999999999998,0,1,0.9550811584492837,0.9550811584492837,0.45029012763596316,0.45029012763596316,0.8516878630330049,0.8516878630330049,0.8024981058049526,0.8024981058049526
7,2,8,1,2,B,A,B,large,0.3283181102459735,0.5329255566545145,0.6909944724501709,0,0,0.690994472450171,0.6941880798223306,0.4819153519204614,0.4819153519204614,0.8135972560143097,0.8135972560143097,0.8135972560143097,0.8135972560143097
7,2,8,2,3,A,B,C,small,0.6753702384846039,1,0.24882496353543923,-1,0,0.2269419851844731,0.2269419851844731,0.6488249635354393,0.25163918019952836,0.45828124242326207,0.45828124242326207,0.45828124242326207,0.45828124242326207
7,2,8,3,1,A,B,A,small,-0.01180137946877343,0.5962496752869099,0.6216317790560161,0,1,0.46292881536754277,0.46292881536754277,0.6216317790560161,0.647708107489722,0.386189857421328,0.386189857421328,0.4912197663541189,0.4912197663541189
7,2,8,4,4,B,A,D,large,0.9942427309399616,0.583255487181775,0.9499999999999998,0,1,0.9550811584492837,0.9550811584492837,0.45029012763596316,0.45029012763596316,0.8024981058049526,0.8024981058049526,0.6928767964933638,0.6928767964933638
7,2,9,1,4,A,B,D,large,1.0158575552114142,0.6322420419747111,0.45029012763596316,0,0,0.9550811584492837,0.9550811584492837,0.45029012763596316,0.45400576245290236,0.6928767964933638,0.6928767964933638,0.6928767964933638,0.6928767964933638
7,2,9,2,2,B,A,B,large,0.32633751816258755,0.43152417030127815,0.6941880798223306,0,1,0.6941880798223306,0.7175361312108034,0.4819153519204614,0.4819153519204614,0.8135972560143097,0.8135972560143097,0.6225607131577939,0.6225607131577939
7,2,9,3,3,A,B,C,small,0.6818625685758788,0.442832094839177,0.25163918019952836,0,0,0.2269419851844731,0.2269419851844731,0.25163918019952836,0.2544744431096794,0.45828124242326207,0.45828124242326207,0.45828124242326207,0.45828124242326207
7,2,9,4,1,B,A,A,small,-7.580759666306078e-4,0.1497827107285351,0.5488548020251381,0.21481496664398844,1,0.46292881536754277,0.576529997983233,0.647708107489722,0.647708107489722,0.4912197663541189,0.4912197663541189,0.320501238541327,0.320501238541327
7,2,10,1,2,A,B,B,large,0.32409100134657054,0.6943324879117958,0.4819153519204614,0,0,0.7175361312108034,0.7175361312108034,0.4819153519204614,0.48566139205229214,0.6225607131577939,0.6225607131577939,0.6225607131577939,0.6225607131577939
7,2,10,2,3,B,A,C,small,0.6656649818183129,0.5760611721920108,0.2269419851844731,0,0,0.2269419851844731,0.22958434822461934,0.2544744431096794,0.2544744431096794,0.45828124242326207,0.45828124242326207,0.45828124242326207,0.45828124242326207
7,2,10,3,1,A,B,A,small,9.231514240007146e-4,0,0.9499999999999998,1,1,0.576529997983233,0.576529997983233,0.647708107489722,0.9550811584492837,0.320501238541327,0.320501238541327,0.1602506192706635,0.1602506192706635
7,2,10,4,4,B,A,D,large,0.9854179391995288,0.7008778235275259,0.9499999999999998,0,1,0.9550811584492837,0.9550811584492837,0.45400576245290236,0.45400576245290236,0.6928767964933638,0.6928767964933638,0.6968773100104448,0.6968773100104448
7,3,1,1,3,A,B,C,small,0.6745923426302758,0.6721446908992592,0.11412738684024802,0,0,0.12124346013370736,0.12124346013370736,0.11412738684024804,0.11565272191197272,0.45828124242326207,0.45828124242326207,0.45828124242326207,0.45828124242326207
7,3,1,2,1,B,A,A,small,-0.0022346396061501653,0.474499176629598,0.517234878160088,0,1,0.517234878160088,0.545242622972685,0.5053087516381294,0.5053087516381294,0.1602506192706635,0.1602506192706635,0.31737489795013074,0.31737489795013074
7,3,1,3,2,A,B,B,large,0.32019736849270136,0,0,-1,0,0.03907384460545823,0.03907384460545823,0.20350921989744147,0,0.6225607131577939,0.6225607131577939,0.6225607131577939,0.6225607131577939
7,3,1,4,4,B,A,D,large,1.0058864485215326,0.7160447106619016,0.4564733588572963,0,1,0.4564733588572963,0.48449287880036274,0.27902279013319087,0.27902279013319087,0.6968773100104448,0.6968773100104448,0.7064610103361733,0.7064610103361733
7,3,2,1,4,B,A,D,large,1.023138834769112,0.9686739198507226,0.8108094571013367,0.8157914457524349,1,0.48449287880036274,0.8274666720613558,0.27902279013319087,0.27902279013319087,0.7064610103361733,0.7064610103361733,0.8375674650934479,0.8375674650934479
7,3,2,2,1,A,B,A,small,0.002982397515360627,0.21197281162302875,0.5053087516381294,0,1,0.545242622972685,0.545242622972685,0.5053087516381294,0.533384208845253,0.31737489795013074,0.31737489795013074,0.26467385478657973,0.26467385478657973
7,3,2,3,3,A,B,C,small,0.6579893741478897,0.21307142446434407,0.11565272191197272,0,0,0.12124346013370736,0.12124346013370736,0.11565272191197272,0.11719574638661999,0.45828124242326207,0.45828124242326207,0.45828124242326207,0.45828124242326207
7,3,2,4,2,B,A,B,large,0.31022930270024474,0.6504077353287174,0.03907384460545822,0,0,0.03907384460545823,0.03964096114384661,0,0,0.6225607131577939,0.6225607131577939,0.6225607131577939,0.6225607131577939
7,3,3,1,2,A,B,B,large,0.3299624259835671,0.7764583398042556,0,0,0,0.03964096114384661,0.03964096114384661,0,0,0.6225607131577939,0.6225607131577939,0.6225607131577939,0.6225607131577939
7,3,3,2,3,A,B,C,small,0.6588701042817532,0,0.51719574638662,1,0,0.12124346013370736,0.12124346013370736,0.11719574638661999,0.5209402749221209,0.45828124242326207,0.45828124242326207,0.45828124242326207,0.45828124242326207
7,3,3,3,1,B,A,A,small,-0.007626729024665493,0,0.9452426229726849,1,1,0.545242622972685,0.950782193965022,0.533384208845253,0.533384208845253,0.26467385478657973,0.26467385478657973,0.13233692739328987,0.13233692739328987
7,3,3,4,4,B,A,D,large,1.0132390036371681,0.4644121529091879,0.8274666720613558,0,1,0.8274666720613558,0.8429413933680882,0.27902279013319087,0.27902279013319087,0.8375674650934479,0.8375674650934479,0.650989809001318,0.650989809001318
7,3,4,1,1,B,A,A,small,0.004538064893977597,0,0.9499999999999998,1,1,0.950782193965022,0.9550811584492837,0.533384208845253,0.533384208845253,0.13233692739328987,0.13233692739328987,0.06616846369664493,0.06616846369664493
7,3,4,2,4,A,B,D,large,1.0051162656815036,0.5758103469796978,0.27902279013319087,0,0,0.8429413933680882,0.8429413933680882,0.27902279013319087,0.28205030463390707,0.650989809001318,0.650989809001318,0.650989809001318,0.650989809001318
7,3,4,3,3,A,B,C,small,0.6786666243040448,0.369729934193906,0.5209402749221209,0,0,0.12124346013370736,0.12124346013370736,0.5209402749221209,0.5246824518966386,0.45828124242326207,0.45828124242326207,0.45828124242326207,0.45828124242326207
7,3,4,4,2,B,A,B,large,0.32517780888751235,1,0.4396409611438466,1,0,0.03964096114384661,0.44333959227850384,0,0,0.6225607131577939,0.6225607131577939,0.6225607131577939,0.6225607131577939
7,3,5,1,4,B,A,D,large,1.001294544481855,0.5219224089954082,0.8429413933680882,0,1,0.8429413933680882,0.857267579725078,0.28205030463390707,0.28205030463390707,0.650989809001318,0.650989809001318,0.5864561089983631,0.5864561089983631
7,3,5,2,3,B,A,C,small,0.6642472954138187,0.6439941942005492,0.12124346013370739,0,1,0.12124346013370736,0.1337492898568373,0.5246824518966386,0.5246824518966386,0.45828124242326207,0.45828124242326207,0.5511377183119056,0.5511377183119056
7,3,5,3,1,A,B,A,small,-0.006866568321950103,0,0.933384208845253,1,1,0.9550811584492837,0.9550811584492837,0.533384208845253,0.9400473555954326,0.06616846369664493,0.06616846369664493,0.033084231848322466,0.033084231848322466
7,3,5,4,2,A,B,B,large,0.31317097792771137,0.7753525934560266,0,0,0,0.44333959227850384,0.44333959227850384,0,0,0.6225607131577939,0.6225607131577939,0.6225607131577939,0.6225607131577939
7,3,6,1,2,B,A,B,large,0.3472709576186641,0.6928028516242443,0.44333959227850384,0,1,0.44333959227850384,0.4712519108871779,0,0,0.6225607131577939,0.6225607131577939,0.657681782391019,0.657681782391019
7,3,6,2,3,B,A,C,small,0.6712852181223905,0.4849388510099727,0.1337492898568373,0,0,0.1337492898568373,0.13549676355386012,0.5246824518966386,0.5246824518966386,0.5511377183119056,0.5511377183119056,0.5511377183119056,0.5511377183119056
7,3,6,3,1,A,B,A,small,-3.0708532043735245e-5,0.06066940752697185,0.9499999999999998,0.6534026718148072,1,0.9550811584492837,0.9550811584492837,0.9400473555954326,0.9550811584492837,0.033084231848322466,0.033084231848322466,0.04687681968764716,0.04687681968764716
7,3,6,4,4,A,B,D,large,1.0068007348545005,0.6345387417429789,0.28205030463390707,0,0,0.857267579725078,0.857267579725078,0.28205030463390707,0.28509767906513245,0.5864561089983631,0.5864561089983631,0.5864561089983631,0.5864561089983631
7,3,7,1,3,B,A,C,small,0.673128228159343,0.5991314253268298,0.1354967635538601,0,0,0.13549676355386012,0.13726345073583826,0.5246824518966386,0.5246824518966386,0.5511377183119056,0.5511377183119056,0.5511377183119056,0.5511377183119056
7,3,7,2,2,B,A,B,large,0.3263966011965738,1,0.8712519108871778,1,1,0.4712519108871779,0.8833530869365964,0,0,0.657681782391019,0.657681782391019,0.8288408911955095,0.8288408911955095
7,3,7,3,4,A,B,D,large,1.0007144264089471,0.5724465329603836,0.28509767906513245,0,1,0.857267579725078,0.857267579725078,0.28509767906513245,0.3085698145123165,0.5864561089983631,0.5864561089983631,0.5794513209793734,0.5794513209793734
7,3,7,4,1,A,B,A,small,0.008988396487885532,0.042342060152758904,0.9499999999999998,0.7537080146579049,1,0.9550811584492837,0.9550811584492837,0.9550811584492837,0.9550811584492837,0.04687681968764716,0.04687681968764716,0.04460943992020303,0.04460943992020303
7,3,8,1,4,B,A,D,large,1.012948025013032,0.6302920517618421,0.857267579725078,0,0,0.857267579725078,0.8590931603312593,0.3085698145123165,0.3085698145123165,0.5794513209793734,0.5794513209793734,0.5794513209793734,0.5794513209793734
7,3,8,2,1,A,B,A,small,0.00454606512662136,0,0.9499999999999998,1,1,0.9550811584492837,0.9550811584492837,0.9550811584492837,0.9550811584492837,0.04460943992020303,0.04460943992020303,0.022304719960101516,0.022304719960101516
7,3,8,3,2,B,A,B,large,0.324798260789448,0.8588670974382543,0.9499999999999998,0.2540438820247127,1,0.8833530869365964,0.9550811584492837,0,0,0.8288408911955095,0.8288408911955095,0.8438539943168819,0.8438539943168819
7,3,8,4,3,A,B,C,small,0.6610775874490882,0.15108903095282872,0.6082621561532419,0.20894926064150812,1,0.13726345073583826,0.13726345073583826,0.5246824518966386,0.6347184564688141,0.5511377183119056,0.5511377183119056,0.35111337463236714,0.35111337463236714
7,3,9,1,1,B,A,A,small,-2.901453298249167e-4,0.017501753501127287,0.9499999999999998,0.8956625366412609,1,0.9550811584492837,0.9550811584492837,0.9550811584492837,0.9550811584492837,0.022304719960101516,0.022304719960101516,0.0199032367306144,0.0199032367306144
7,3,9,2,3,A,B,C,small,0.6802013076942727,0.8012047236118415,0.63275649539940515,-0.0049049026735223464,0,0.13726345073583826,0.13726345073583826,0.6347184564688141,0.6362351386816637,0.35111337463236714,0.35111337463236714,0.35111337463236714,0.35111337463236714
7,3,9,3,2,B,A,B,large,0.33301754362999453,1,0.9499999999999998,1,1,0.9550811584492837,0.9550811584492837,0,0,0.8438539943168819,0.8438539943168819,0.921926997158441,0.921926997158441
7,3,9,4,4,A,B,D,large,1.0141969328071285,0.6704923404953148,0.3085698145123166,0,0,0.8590931603312593,0.8590931603312593,0.3085698145123165,0.31177928744617267,0.5794513209793734,0.5794513209793734,0.5794513209793734,0.5794513209793734
7,3,10,1,3,A,B,C,small,0.6538007698234243,0,0.9499999999999998,1,1,0.13726345073583826,0.13726345073583826,0.6362351386816637,0.9550811584492837,0.35111337463236714,0.35111337463236714,0.17555668731618357,0.17555668731618357
7,3,10,2,2,B,A,B,large,0.3322294568310775,0.728234685887286,0.9499999999999998,0,1,0.9550811584492837,0.9550811584492837,0,0,0.921926997158441,0.921926997158441,0.8250808415228634,0.8250808415228634
7,3,10,3,4,B,A,D,large,1.0015863092805297,0.4545942374557053,0.8590931603312593,0,1,0.8590931603312593,0.8721694765423361,0.31177928744617267,0.31177928744617267,0.5794513209793734,0.5794513209793734,0.5170227792175394,0.5170227792175394
7,3,10,4,1,A,B,A,small,-9.020589757563469e-4,0.14338778832352325,0.9499999999999998,0.24375195730045407,1,0.9550811584492837,0.9550811584492837,0.9550811584492837,0.9550811584492837,0.0199032367306144,0.0199032367306144,0.08164551252706882,0.08164551252706882
7,4,1,1,3,A,B,C,small,0.6849626065412946,0.541302989751046,0.4068229153194807,0,0,0.39447752136279896,0.39447752136279896,0.4068229153194808,0.4104476839993529,0.17555668731618357,0.17555668731618357,0.17555668731618357,0.17555668731618357
7,4,1,2,2,B,A,B,large,0.3197384433702607,1,0.6145195780482301,1,1,0.21451957804822994,0.6408028366079379,0.08966564307334489,0.08966564307334489,0.8250808415228634,0.8250808415228634,0.9125404207614317,0.9125404207614317
7,4,1,3,4,A,B,D,large,1.001642584781504,1,0.5634039092481372,1,1,0.3175281685513177,0.3175281685513177,0.16340390924813722,0.5908519249630648,0.5170227792175394,0.5170227792175394,0.7585113896087696,0.7585113896087696
7,4,1,4,1,B,A,A,small,0.002238996354627418,0.3360178126686758,0.3105612882919804,0,0,0.31056128829198043,0.3137820746443179,0.4575498687743744,0.4575498687743744,0.08164551252706882,0.08164551252706882,0.08164551252706882,0.08164551252706882
7,4,2,1,4,A,B,D,large,1.002436516847037,0.20376837331207515,0.5908519249630648,0,0,0.3175281685513177,0.3175281685513177,0.5908519249630648,0.5944731111060607,0.7585113896087696,0.7585113896087696,0.7585113896087696,0.7585113896087696
7,4,2,2,1,A,B,A,small,0.010155957631827804,0,0.8575498687743744,1,1,0.3137820746443179,0.3137820746443179,0.4575498687743744,0.8707478566152558,0.08164551252706882,0.08164551252706882,0.04082275626353441,0.04082275626353441
7,4,2,3,2,B,A,B,large,0.33925549264547455,0.9726069751045106,0.9499999999999998,0.8382906541749846,1,0.6408028366079379,0.9550811584492837,0.08966564307334489,0.08966564307334489,0.9125404207614317,0.9125404207614317,0.9425736979329711,0.9425736979329711
7,4,2,4,3,B,A,C,small,0.6665097324450415,0.5597584336110452,0.3944775213627989,0,1,0.39447752136279896,0.4216436859368794,0.4104476839993529,0.4104476839993529,0.17555668731618357,0.17555668731618357,0.36765756046361436,0.36765756046361436
7,4,3,1,2,A,B,B,large,0.31788523175843736,0.935600594042649,0.3430395881714151,0.6334348627451755,0,0.9550811584492837,0.9550811584492837,0.08966564307334489,0.3464279536652294,0.9425736979329711,0.9425736979329711,0.9425736979329711,0.9425736979329711
7,4,3,2,4,B,A,D,large,1.013670679211374,0.7194464642777127,0.3175281685513177,0,0,0.3175281685513177,0.32078758918511413,0.5944731111060607,0.5944731111060607,0.7585113896087696,0.7585113896087696,0.7585113896087696,0.7585113896087696
7,4,3,3,1,A,B,A,small,0.0018906453526736666,0.34965562353130347,0.8707478566152558,0,0,0.3137820746443179,0.3137820746443179,0.8707478566152558,0.8724266792413238,0.04082275626353441,0.04082275626353441,0.04082275626353441,0.04082275626353441
7,4,3,4,3,B,A,C,small,0.6659454601024847,0.3055613742467165,0.4216436859368794,0,1,0.4216436859368794,0.4492925406031913,0.4104476839993529,0.4104476839993529,0.36765756046361436,0.36765756046361436,0.3366094673551654,0.3366094673551654
7,4,4,1,1,A,B,A,small,0.006786549291183372,0,0.9499999999999998,1,1,0.3137820746443179,0.3137820746443179,0.8724266792413238,0.9550811584492837,0.04082275626353441,0.04082275626353441,0.020411378131767206,0.020411378131767206
7,4,4,2,3,B,A,C,small,0.6613594247310935,0,0.8492925406031914,1,1,0.4492925406031913,0.8631334670595575,0.4104476839993529,0.4104476839993529,0.3366094673551654,0.3366094673551654,0.1683047336775827,0.1683047336775827
7,4,4,3,2,A,B,B,large,0.3257170827105115,0.9227403378731995,0.5727163720695394,0.5657210460107749,1,0.9550811584492837,0.9550811584492837,0.3464279536652294,0.5999945931827355,0.9425736979329711,0.9425736979329711,0.9326570179030853,0.9326570179030853
7,4,4,4,4,B,A,D,large,0.9934293599453055,0.8770254028071863,0.45624248062823275,0.33863722860779655,1,0.32078758918511413,0.4842604552656949,0.5944731111060607,0.5944731111060607,0.7585113896087696,0.7585113896087696,0.817768396207978,0.817768396207978
7,4,5,1,1,A,B,A,small,0.0026535613580977993,0.39112837333300304,0.9499999999999998,0,1,0.3137820746443179,0.3137820746443179,0.9550811584492837,0.9550811584492837,0.020411378131767206,0.020411378131767206,0.20576987573238512,0.20576987573238512
7,4,5,2,2,B,A,B,large,0.3195486761513531,1,0.9499999999999998,1,1,0.9550811584492837,0.9550811584492837,0.5999945931827355,0.5999945931827355,0.9326570179030853,0.9326570179030853,0.9663285089515427,0.9663285089515427
7,4,5,3,4,A,B,D,large,0.985460514984583,0.6446302839152189,0.5944731111060607,0,0,0.4842604552656949,0.4842604552656949,0.5944731111060607,0.5980840488226002,0.817768396207978,0.817768396207978,0.817768396207978,0.817768396207978
7,4,5,4,3,B,A,C,small,0.6619032649821436,0.8920170533621349,0.6988010766068385,-0.4108309761317974,1,0.8631334670595575,0.72193800906568,0.4104476839993529,0.4104476839993529,0.1683047336775827,0.1683047336775827,0.5301608935198587,0.5301608935198587
7,4,6,1,1,B,A,A,small,0.002375694137116324,0.26429855079573356,0.3137820746443179,0,0,0.3137820746443179,0.31702090410217,0.9550811584492837,0.9550811584492837,0.20576987573238512,0.20576987573238512,0.20576987573238512,0.20576987573238512
7,4,6,2,3,B,A,C,small,0.6632837973943276,0.6620405609464944,0.72193800906568,0,1,0.72193800906568,0.7439488774534975,0.4104476839993529,0.4104476839993529,0.5301608935198587,0.5301608935198587,0.5961007272331766,0.5961007272331766
7,4,6,3,4,A,B,D,large,1.0042251146808516,0.5725269689572438,0.5980840488226002,0,1,0.4842604552656949,0.4842604552656949,0.5980840488226002,0.624803732615868,0.817768396207978,0.817768396207978,0.6951476825826108,0.6951476825826108
7,4,6,4,2,A,B,B,large,0.31953622811898985,1,0.9499999999999998,1,1,0.9550811584492837,0.9550811584492837,0.5999945931827355,0.9550811584492837,0.9663285089515427,0.9663285089515427,0.9831642544757713,0.9831642544757713
7,4,7,1,3,B,A,C,small,0.6420936308058319,0.7175410214978443,0.7439488774534975,0,1,0.7439488774534975,0.7647850788469354,0.4104476839993529,0.4104476839993529,0.5961007272331766,0.5961007272331766,0.6568208743655104,0.6568208743655104
7,4,7,2,1,B,A,A,small,-7.067365366558097e-4,0.22687225534454836,0.31702090410217,0,1,0.31702090410217,0.3418644639767538,0.9550811584492837,0.9550811584492837,0.20576987573238512,0.20576987573238512,0.21632106553846675,0.21632106553846675
7,4,7,3,4,A,B,D,large,1.0001831442732845,0.8808823200541744,0.7676054458193668,0.3570042830087472,1,0.4842604552656949,0.4842604552656949,0.624803732615868,0.7870675783601238,0.6951476825826108,0.6951476825826108,0.7880150013183926,0.7880150013183926
7,4,7,4,2,A,B,B,large,0.3284715711094938,1,0.9499999999999998,1,1,0.9550811584492837,0.9550811584492837,0.9550811584492837,0.9550811584492837,0.9831642544757713,0.9831642544757713,0.9915821272378856,0.9915821272378856
7,4,8,1,4,A,B,D,large,1.0062718702770315,0.8275539107520914,0.8331445963603356,0.11519254500052949,1,0.4842604552656949,0.4842604552656949,0.7870675783601238,0.8482034801599854,0.7880150013183926,0.7880150013183926,0.8077844560352421,0.8077844560352421
7,4,8,2,1,A,B,A,small,-0.014704522348917627,0.4075144442831724,0.9499999999999998,0,1,0.3418644639767538,0.3418644639767538,0.9550811584492837,0.9550811584492837,0.21632106553846675,0.21632106553846675,0.3119177549108196,0.3119177549108196
7,4,8,3,3,B,A,C,small,0.6494642000370788,0.8128078866058155,0.7436827009783605,-0.05275594467143724,0,0.7647850788469354,0.746531515579397,0.4104476839993529,0.4104476839993529,0.6568208743655104,0.6568208743655104,0.6568208743655104,0.6568208743655104
7,4,8,4,2,B,A,B,large,0.3291302323438037,0.8945033448052698,0.9499999999999998,0.42301461238363536,1,0.9550811584492837,0.9550811584492837,0.9550811584492837,0.9550811584492837,0.9915821272378856,0.9915821272378856,0.9430427360215777,0.9430427360215777
7,4,9,1,2,A,B,B,large,0.3213873465024348,0.9881835461265074,0.9499999999999998,0.9291560276811572,1,0.9550811584492837,0.9550811584492837,0.9550811584492837,0.9550811584492837,0.9430427360215777,0.9430427360215777,0.9656131410740425,0.9656131410740425
7,4,9,2,4,B,A,D,large,1.0039415483111942,0.6808995061381158,0.4842604552656949,0,1,0.4842604552656949,0.5123777238079602,0.8482034801599854,0.8482034801599854,0.8077844560352421,0.8077844560352421,0.7443419810866789,0.7443419810866789
7,4,9,3,1,B,A,A,small,-0.006907387451273838,0.41737463422269255,0.3418644639767538,0,1,0.3418644639767538,0.3676070153506632,0.9550811584492837,0.9550811584492837,0.3119177549108196,0.3119177549108196,0.36464619456675607,0.36464619456675607
7,4,9,4,3,A,B,C,small,0.6710313653668859,0.5637416286772693,0.4104476839993529,0,0,0.746531515579397,0.746531515579397,0.4104476839993529,0.4140822037878153,0.6568208743655104,0.6568208743655104,0.6568208743655104,0.6568208743655104
7,4,10,1,4,A,B,D,large,0.9792892940519056,0.8979887175432779,0.9499999999999998,0.4401963867573338,1,0.5123777238079602,0.5123777238079602,0.8482034801599854,0.9550811584492837,0.7443419810866789,0.7443419810866789,0.8211653493149784,0.8211653493149784
7,4,10,2,1,A,B,A,small,-0.0015232179869232444,0.7100910237241547,0.9499999999999998,0,1,0.3676070153506632,0.3676070153506632,0.9550811584492837,0.9550811584492837,0.36464619456675607,0.36464619456675607,0.5373686091454554,0.5373686091454554
7,4,10,3,2,B,A,B,large,0.3536911856007728,0.8665927659549406,0.9499999999999998,0.28965999978937196,0,0.9550811584492837,0.9507077096900849,0.9550811584492837,0.9550811584492837,0.9656131410740425,0.9656131410740425,0.9656131410740425,0.9656131410740425
7,4,10,4,3,B,A,C,small,0.6757610986479017,0.410287070596817,0.746531515579397,0,1,0.746531515579397,0.7672233128655539,0.4140822037878153,0.4140822037878153,0.6568208743655104,0.6568208743655104,0.5335539724811638,0.5335539724811638
7,5,1,1,3,A,B,C,small,0.6680229384351694,0.8195018567641923,0.23541111425524514,-0.08087097916246316,0,0.07488189263835511,0.07488189263835511,0.2677595059202304,0.23812171216604391,0.5335539724811638,0.5335539724811638,0.5335539724811638,0.5335539724811638
7,5,1,2,4,B,A,D,large,0.9999585115761311,0.6361830599388503,0.0852781411417492,0,0,0.08527814114174923,0.08645553009660578,0.5601695537497514,0.5601695537497514,0.8211653493149784,0.8211653493149784,0.8211653493149784,0.8211653493149784
7,5,1,3,2,B,A,B,large,0.33676531267896326,1,0.6396162847580495,1,1,0.23961628475804947,0.6651208653701708,0.350228489623453,0.350228489623453,0.9656131410740425,0.9656131410740425,0.9828065705370213,0.9828065705370213
7,5,1,4,1,A,B,A,small,-0.013203769383248406,0.15499062726975857,0.4210232297530943,0.19152107478537989,1,0.2026868381572305,0.2026868381572305,0.3444147998389424,0.44866296084749197,0.5373686091454554,0.5373686091454554,0.34617961820760695,0.34617961820760695
7,5,2,1,3,B,A,C,small,0.6676784919277581,1,0,-1,0,0.07488189263835511,0,0.23812171216604391,0.23812171216604391,0.5335539724811638,0.5335539724811638,0.5335539724811638,0.5335539724811638
7,5,2,2,4,A,B,D,large,1.0073647588464523,0.4152844366448821,0.5601695537497513,0,0,0.08645553009660578,0.08645553009660578,0.5601695537497514,0.5638618464374964,0.8211653493149784,0.8211653493149784,0.8211653493149784,0.8211653493149784
7,5,2,3,2,B,A,B,large,0.33500325728993297,1,0.9499999999999998,1,1,0.6651208653701708,0.9550811584492837,0.350228489623453,0.350228489623453,0.9828065705370213,0.9828065705370213,0.9914032852685106,0.9914032852685106
7,5,2,4,1,A,B,A,small,0.0018754364830010292,0.06730887449623531,0.6958480333156278,0.6179626811703395,0,0.2026868381572305,0.2026868381572305,0.44866296084749197,0.6990133284319122,0.34617961820760695,0.34617961820760695,0.34617961820760695,0.34617961820760695
7,5,3,1,4,B,A,D,large,1.0032317621147298,0.9273278109431686,0.3223259872234806,0.589676142817187,0,0.08645553009660578,0.32561116015233155,0.5638618464374964,0.5638618464374964,0.8211653493149784,0.8211653493149784,0.8211653493149784,0.8211653493149784
7,5,3,2,3,A,B,C,small,0.6628080308106264,1,0,-1,0,0,0,0.23812171216604391,0,0.5335539724811638,0.5335539724811638,0.5335539724811638,0.5335539724811638
7,5,3,3,1,A,B,A,small,0.00930469401813983,0.14906362607347057,0.7862334816967655,0.2180503831621332,1,0.2026868381572305,0.2026868381572305,0.6990133284319122,0.8045328423858775,0.34617961820760695,0.34617961820760695,0.24762162214053876,0.24762162214053876
7,5,3,4,2,B,A,B,large,0.3501609671802311,1,0.9499999999999998,1,1,0.9550811584492837,0.9550811584492837,0.350228489623453,0.350228489623453,0.9914032852685106,0.9914032852685106,0.9957016426342553,0.9957016426342553
7,5,4,1,3,B,A,C,small,0.6686725104972255,0.04205710505624166,0.3021187120591549,0.7552967801478871,0,0,0.3052907127162393,0,0,0.5335539724811638,0.5335539724811638,0.5335539724811638,0.5335539724811638
7,5,4,2,1,B,A,A,small,0.013015245582808768,0.047821609445767584,0.4920197475943897,0.7233322735928982,0,0.2026868381572305,0.4957691708466994,0.8045328423858775,0.8045328423858775,0.24762162214053876,0.24762162214053876,0.24762162214053876,0.24762162214053876
7,5,4,3,4,A,B,D,large,1.0256201574589232,0.8200209057302207,0.5970885575942293,0.08306677789183217,1,0.32561116015233155,0.32561116015233155,0.5638618464374964,0.6238327976101028,0.8211653493149784,0.8211653493149784,0.8205931275225995,0.8205931275225995
7,5,4,4,2,A,B,B,large,0.318577173719924,0.948765133530843,0.6320599079138838,0.7045785457260769,0,0.9550811584492837,0.9550811584492837,0.350228489623453,0.6355413489661639,0.9957016426342553,0.9957016426342553,0.9957016426342553,0.9957016426342553
7,5,5,1,2,A,B,B,large,0.34356034910038163,0.9724624396123406,0.9499999999999998,0.8374606965640743,1,0.9550811584492837,0.9550811584492837,0.6355413489661639,0.9550811584492837,0.9957016426342553,0.9957016426342553,0.984082041123298,0.984082041123298
7,5,5,2,3,A,B,C,small,0.6626470389205282,0.6790059542459747,0,0,0,0.3052907127162393,0.3052907127162393,0,0,0.5335539724811638,0.5335539724811638,0.5335539724811638,0.5335539724811638
7,5,5,3,1,B,A,A,small,-0.009003918200302335,0.26519578452793263,0.4957691708466993,0,1,0.4957691708466994,0.5238758974544272,0.8045328423858775,0.8045328423858775,0.24762162214053876,0.24762162214053876,0.2564087033342357,0.2564087033342357
7,5,5,4,4,B,A,D,large,0.9933670665010321,0.9829569891794369,0.6849515598939153,0.8983509993539592,1,0.32561116015233155,0.7087088921598393,0.6238327976101028,0.6238327976101028,0.8205931275225995,0.8205931275225995,0.9017750583510182,0.9017750583510182
7,5,6,1,1,B,A,A,small,7.675717443641329e-4,0.3662669704944543,0.5238758974544272,0,1,0.5238758974544272,0.551832195244174,0.8045328423858775,0.8045328423858775,0.2564087033342357,0.2564087033342357,0.311337836914345,0.311337836914345
7,5,6,2,2,A,B,B,large,0.32030919066540475,0.9837399842920792,0.9499999999999998,0.902945446182095,1,0.9550811584492837,0.9550811584492837,0.9550811584492837,0.9550811584492837,0.984082041123298,0.984082041123298,0.9839110127076887,0.9839110127076887
7,5,6,3,3,A,B,C,small,0.6726458736515553,0.2891971171489896,0,0,0,0.3052907127162393,0.3052907127162393,0,0,0.5335539724811638,0.5335539724811638,0.5335539724811638,0.5335539724811638
7,5,6,4,4,B,A,D,large,1.0002802997288853,0.7563421395268899,0.7087088921598393,0,1,0.7087088921598393,0.7313773076817548,0.6238327976101028,0.6238327976101028,0.9017750583510182,0.9017750583510182,0.8290585989389541,0.8290585989389541
7,5,7,1,3,A,B,C,small,0.6814763424424896,0,0.4,1,1,0.3052907127162393,0.3052907127162393,0,0.42727811497338447,0.5335539724811638,0.5335539724811638,0.2667769862405819,0.2667769862405819
7,5,7,2,2,B,A,B,large,0.33304186527003304,1,0.9499999999999998,1,1,0.9550811584492837,0.9550811584492837,0.9550811584492837,0.9550811584492837,0.9839110127076887,0.9839110127076887,0.9919555063538443,0.9919555063538443
7,5,7,3,4,A,B,D,large,1.001152612846646,0.9346889520866652,0.8752636689963332,0.6285771784655764,1,0.7313773076817548,0.7313773076817548,0.6238327976101028,0.8870366649058696,0.8290585989389541,0.8290585989389541,0.8818737755128097,0.8818737755128097
7,5,7,4,1,B,A,A,small,-0.009623549451208422,0.30939828697927074,0.551832195244174,0,1,0.551832195244174,0.5794646894475032,0.8045328423858775,0.8045328423858775,0.311337836914345,0.311337836914345,0.3103680619468079,0.3103680619468079
7,5,8,1,3,B,A,C,small,0.6675019472327948,0.8786903085733203,0.16667138768476852,-0.34654831257867696,0,0.3052907127162393,0.16876519787181626,0.42727811497338447,0.42727811497338447,0.2667769862405819,0.2667769862405819,0.2667769862405819,0.2667769862405819
7,5,8,2,2,A,B,B,large,0.3355545556438063,0.9293917510192319,0.9499999999999998,0.6005256233140716,1,0.9550811584492837,0.9550811584492837,0.9550811584492837,0.9550811584492837,0.9919555063538443,0.9919555063538443,0.960673628686538,0.960673628686538
7,5,8,3,1,A,B,A,small,0.003511645345002883,0.8058685235653068,0.7949308873830332,-0.02400488750711073,1,0.5794646894475032,0.5794646894475032,0.8045328423858775,0.8126631133056051,0.3103680619468079,0.3103680619468079,0.5581182927560573,0.5581182927560573
7,5,8,4,4,B,A,D,large,0.9882568730440758,0.885135658538899,0.8823469432368705,0.377424088887789,1,0.7313773076817548,0.8935327195816468,0.8870366649058696,0.8870366649058696,0.8818737755128097,0.8818737755128097,0.8835047170258543,0.8835047170258543
7,5,9,1,1,A,B,A,small,-0.005249260041421407,0.02496392656610136,0.9499999999999998,0.852275080075687,0,0.5794646894475032,0.5794646894475032,0.8126631133056051,0.9507077096900849,0.5581182927560573,0.5581182927560573,0.5581182927560573,0.5581182927560573
7,5,9,2,2,B,A,B,large,0.33330874992773774,0.9973365330345999,0.9499999999999998,0.9838850651551773,1,0.9550811584492837,0.9550811584492837,0.9550811584492837,0.9550811584492837,0.960673628686538,0.960673628686538,0.979005080860569,0.979005080860569
7,5,9,3,3,A,B,C,small,0.6739895117479896,0.6789205738715767,0.4272781149733844,0,1,0.16876519787181626,0.16876519787181626,0.42727811497338447,0.4550057697901748,0.2667769862405819,0.2667769862405819,0.4728487800560793,0.4728487800560793
7,5,9,4,4,B,A,D,large,0.9999854569143841,0.9342488306620932,0.9499999999999998,0.6262351596433101,1,0.8935327195816468,0.9550811584492837,0.8870366649058696,0.8870366649058696,0.8835047170258543,0.8835047170258543,0.9088767738439738,0.9088767738439738
7,5,10,1,2,A,B,B,large,0.3261281380643038,1,0.9499999999999998,1,1,0.9550811584492837,0.9550811584492837,0.9550811584492837,0.9550811584492837,0.979005080860569,0.979005080860569,0.9895025404302845,0.9895025404302845
7,5,10,2,3,B,A,C,small,0.6547437663524965,0.9079244380919974,0,-0.48983882712720306,0,0.16876519787181626,0,0.4550057697901748,0.4550057697901748,0.4728487800560793,0.4728487800560793,0.4728487800560793,0.4728487800560793
7,5,10,3,4,B,A,D,large,1.0000105454690995,1,0.9499999999999998,1,1,0.9550811584492837,0.9550811584492837,0.8870366649058696,0.8870366649058696,0.9088767738439738,0.9088767738439738,0.9544383869219869,0.9544383869219869
7,5,10,4,1,A,B,A,small,-4.050684539075296e-4,0.41288724976075714,0.9499999999999998,0,1,0.5794646894475032,0.5794646894475032,0.9507077096900849,0.9550811584492837,0.5581182927560573,0.5581182927560573,0.48550277125840724,0.48550277125840724
7,6,1,1,1,B,A,A,small,-0.013357013279750942,0.6836349628532316,0.3133411632424272,0,0,0.3133411632424273,0.31657754121869774,0.34613444348160677,0.34613444348160677,0.48550277125840724,0.48550277125840724,0.48550277125840724,0.48550277125840724
7,6,1,2,4,B,A,D,large,1.0074056552693,1,0.5808462205859177,1,1,0.18084622058591776,0.6079607051230734,0.39501048215309625,0.39501048215309625,0.9544383869219869,0.9544383869219869,0.9772191934609935,0.9772191934609935
7,6,1,3,3,A,B,C,small,0.6711479649455152,0.6183564482572816,0.18332967754895513,0,0,0.35418451323241057,0.35418451323241057,0.18332967754895513,0.18558615222182884,0.4728487800560793,0.4728487800560793,0.4728487800560793,0.4728487800560793
7,6,1,4,2,A,B,B,large,0.350621431240219,1,0.6977521583247313,1,1,0.14831054929196472,0.14831054929196472,0.2977521583247313,0.7209374878821254,0.9895025404302845,0.9895025404302845,0.9947512702151422,0.9947512702151422
7,6,2,1,4,A,B,D,large,1.0053763112358538,0.7565192359980828,0.39501048215309625,0,0,0.6079607051230734,0.6079607051230734,0.39501048215309625,0.39860072692440573,0.9772191934609935,0.9772191934609935,0.9772191934609935,0.9772191934609935
7,6,2,2,3,B,A,C,small,0.6688582592694021,0,0.7541845132324105,1,0,0.35418451323241057,0.7569547525102752,0.18558615222182884,0.18558615222182884,0.4728487800560793,0.4728487800560793,0.4728487800560793,0.4728487800560793
7,6,2,3,2,B,A,B,large,0.32911950775538207,1,0.5483105492919648,1,0,0.14831054929196472,0.5520227809510306,0.7209374878821254,0.7209374878821254,0.9947512702151422,0.9947512702151422,0.9947512702151422,0.9947512702151422
7,6,2,4,1,A,B,A,small,-0.014710975071639288,0.9395431243559239,0.08431647906408046,-0.6545449110438157,0,0.31657754121869774,0.31657754121869774,0.34613444348160677,0.0854818316380526,0.48550277125840724,0.48550277125840724,0.48550277125840724,0.48550277125840724
7,6,3,1,4,B,A,D,large,0.9788333041072459,0.9390869963475109,0.8687983358385716,0.6520940767887453,1,0.6079607051230734,0.8810986537856742,0.39860072692440573,0.39860072692440573,0.9772191934609935,0.9772191934609935,0.9581530949042523,0.9581530949042523
7,6,3,2,3,B,A,C,small,0.6581042560957963,0,0.9499999999999998,1,1,0.7569547525102752,0.9550811584492837,0.18558615222182884,0.18558615222182884,0.4728487800560793,0.4728487800560793,0.23642439002803964,0.23642439002803964
7,6,3,3,1,A,B,A,small,-0.00798550678272698,0.5469808879611989,0.08548183163805259,0,0,0.31657754121869774,0.31657754121869774,0.0854818316380526,0.0866617664017823,0.48550277125840724,0.48550277125840724,0.48550277125840724,0.48550277125840724
7,6,3,4,2,A,B,B,large,0.34977556101119583,0.90067264635973,0.9023411540410184,0.45350916539723257,0,0.5520227809510306,0.5520227809510306,0.7209374878821254,0.9036550239832911,0.9947512702151422,0.9947512702151422,0.9947512702151422,0.9947512702151422
7,6,4,1,4,B,A,D,large,0.9930453572816657,0.9133051081328883,0.9499999999999998,0.5171372080335642,1,0.8810986537856742,0.9550811584492837,0.39860072692440573,0.39860072692440573,0.9581530949042523,0.9581530949042523,0.9357291015185702,0.9357291015185702
7,6,4,2,1,A,B,A,small,0.003999166023730753,0.31392320364161647,0.0866617664017823,0,1,0.31657754121869774,0.31657754121869774,0.0866617664017823,0.09599025392228785,0.48550277125840724,0.48550277125840724,0.3997129874500118,0.3997129874500118
7,6,4,3,2,A,B,B,large,0.32153751408436954,1,0.9499999999999998,1,1,0.5520227809510306,0.5520227809510306,0.9036550239832911,0.9550811584492837,0.9947512702151422,0.9947512702151422,0.9973756351075711,0.9973756351075711
7,6,4,4,3,B,A,C,small,0.678258958645261,0.2631603079043416,0.9499999999999998,0,1,0.9550811584492837,0.9550811584492837,0.18558615222182884,0.18558615222182884,0.23642439002803964,0.23642439002803964,0.24979234896619062,0.24979234896619062
7,6,5,1,4,B,A,D,large,1.0059836710189847,1,0.9499999999999998,1,1,0.9550811584492837,0.9550811584492837,0.39860072692440573,0.39860072692440573,0.9357291015185702,0.9357291015185702,0.9678645507592851,0.9678645507592851
7,6,5,2,1,B,A,A,small,-0.006517604287657673,0.38742606889805503,0.31657754121869774,0,1,0.31657754121869774,0.34140372450955175,0.09599025392228785,0.09599025392228785,0.3997129874500118,0.3997129874500118,0.39356952817403346,0.39356952817403346
7,6,5,3,2,A,B,B,large,0.3379862907990317,1,0.9499999999999998,1,1,0.5520227809510306,0.5520227809510306,0.9550811584492837,0.9550811584492837,0.9973756351075711,0.9973756351075711,0.9986878175537856,0.9986878175537856
7,6,5,4,3,A,B,C,small,0.6509120343481447,0.2594052891468232,0.18558615222182884,0,0,0.9550811584492837,0.9550811584492837,0.18558615222182884,0.18786401135382597,0.24979234896619062,0.24979234896619062,0.24979234896619062,0.24979234896619062
7,6,6,1,2,A,B,B,large,0.35596159607194106,0.6014328984179875,0.9499999999999998,0,1,0.5520227809510306,0.5520227809510306,0.9550811584492837,0.9550811584492837,0.9986878175537856,0.9986878175537856,0.8000603579858865,0.8000603579858865
7,6,6,2,3,B,A,C,small,0.6618116827750445,0,0.9499999999999998,1,0,0.9550811584492837,0.9507077096900849,0.18786401135382597,0.18786401135382597,0.24979234896619062,0.24979234896619062,0.24979234896619062,0.24979234896619062
7,6,6,3,1,B,A,A,small,-0.008028211559942601,0.7035878030115773,0.3414037245095518,0,0,0.34140372450955175,0.34478441190936227,0.09599025392228785,0.09599025392228785,0.39356952817403346,0.39356952817403346,0.39356952817403346,0.39356952817403346
7,6,6,4,4,A,B,D,large,0.9994900959729598,0.9719478201527145,0.7324037568263092,0.8345075747547589,1,0.9550811584492837,0.9550811584492837,0.39860072692440573,0.7538686204981142,0.9678645507592851,0.9678645507592851,0.9699061854559998,0.9699061854559998
7,6,7,1,2,B,A,B,large,0.330356927761711,0.7572821024619691,0.5520227809510306,0,1,0.5520227809510306,0.5796524752844842,0.9550811584492837,0.9550811584492837,0.8000603579858865,0.8000603579858865,0.7786712302239278,0.7786712302239278
7,6,7,2,3,B,A,C,small,0.663738893048745,1,0.5507077096900849,-1,0,0.9507077096900849,0.5544162503038667,0.18786401135382597,0.18786401135382597,0.24979234896619062,0.24979234896619062,0.24979234896619062,0.24979234896619062
7,6,7,3,1,A,B,A,small,-0.012222074119137023,0.8246594743315618,0.054873676586047415,-0.1027914433406011,0,0.34478441190936227,0.34478441190936227,0.09599025392228785,0.055656829273193785,0.39356952817403346,0.39356952817403346,0.39356952817403346,0.39356952817403346
7,6,7,4,4,A,B,D,large,1.004667931397773,1,0.9499999999999998,1,1,0.9550811584492837,0.9550811584492837,0.7538686204981142,0.9550811584492837,0.9699061854559998,0.9699061854559998,0.9849530927279999,0.9849530927279999
7,6,8,1,4,A,B,D,large,0.9932902751564605,1,0.9499999999999998,1,1,0.9550811584492837,0.9550811584492837,0.9550811584492837,0.9550811584492837,0.9849530927279999,0.9849530927279999,0.992476546364,0.992476546364
7,6,8,2,3,B,A,C,small,0.6600573997390523,0.31876954511189165,0.5544162503038667,0,1,0.5544162503038667,0.5820101018001207,0.18786401135382597,0.18786401135382597,0.24979234896619062,0.24979234896619062,0.28428094703904117,0.28428094703904117
7,6,8,3,2,B,A,B,large,0.33479945304255476,0.8001667071260462,0.579923685609953,6.780258136720708e-4,0,0.5796524752844842,0.5835734247357421,0.9550811584492837,0.9550811584492837,0.7786712302239278,0.7786712302239278,0.7786712302239278,0.7786712302239278
7,6,8,4,1,A,B,A,small,0.003687840990944623,0.5165931006496839,0.055656829273193785,0,0,0.34478441190936227,0.34478441190936227,0.055656829273193785,0.056450491467146376,0.39356952817403346,0.39356952817403346,0.39356952817403346,0.39356952817403346
7,6,9,1,2,A,B,B,large,0.32108483417103906,0.6673714295889727,0.9499999999999998,0,1,0.5835734247357421,0.5835734247357421,0.9550811584492837,0.9550811584492837,0.7786712302239278,0.7786712302239278,0.7230213299064503,0.7230213299064503
7,6,9,2,4,B,A,D,large,1.006487429223494,0.9614060828109837,0.9499999999999998,0.7746783111543766,1,0.9550811584492837,0.9550811584492837,0.9550811584492837,0.9550811584492837,0.992476546364,0.992476546364,0.9769413145874919,0.9769413145874919
7,6,9,3,1,A,B,A,small,8.786115507573692e-4,0,0.4564504914671464,1,0,0.34478441190936227,0.34478441190936227,0.056450491467146376,0.4601744058682412,0.39356952817403346,0.39356952817403346,0.39356952817403346,0.39356952817403346
7,6,9,4,3,B,A,C,small,0.6589773679249383,0.7136835663302828,0.5820101018001207,0,1,0.5820101018001207,0.6090999653176585,0.18786401135382597,0.18786401135382597,0.28428094703904117,0.28428094703904117,0.498982256684662,0.498982256684662
7,6,10,1,3,A,B,C,small,0.6653546356947717,0.7700726034668215,0.18786401135382597,0,0,0.6090999653176585,0.6090999653176585,0.18786401135382597,0.1901633004744374,0.498982256684662,0.498982256684662,0.498982256684662,0.498982256684662
7,6,10,2,2,B,A,B,large,0.3317667152076112,0.6984489558263797,0.5835734247357423,0,1,0.5835734247357421,0.6106297527097676,0.9550811584492837,0.9550811584492837,0.7230213299064503,0.7230213299064503,0.710735142866415,0.710735142866415
7,6,10,3,4,A,B,D,large,0.9981115500574974,0.906035275420936,0.9499999999999998,0.4803237831729779,1,0.9550811584492837,0.9550811584492837,0.9550811584492837,0.9550811584492837,0.9769413145874919,0.9769413145874919,0.9414882950042139,0.9414882950042139
7,6,10,4,1,B,A,A,small,-0.010346995872878406,0.18529656811354164,0.36905608058217676,0.06067917168203607,0,0.34478441190936227,0.3725556941108601,0.4601744058682412,0.4601744058682412,0.39356952817403346,0.39356952817403346,0.39356952817403346,0.39356952817403346
7,7,1,1,1,A,B,A,small,0.0041339929992922075,0.22121677730128755,0.312366241703657,0,0,0.2549860082778316,0.2549860082778316,0.312366241703657,0.3155971782064211,0.39356952817403346,0.39356952817403346,0.39356952817403346,0.39356952817403346
7,7,1,2,4,B,A,D,large,1.003092413565822,1,0.6108577329289725,1,1,0.21085773292897245,0.6372432813976386,0.26895736798385883,0.26895736798385883,0.9414882950042139,0.9414882950042139,0.970744147502107,0.970744147502107
7,7,1,3,3,A,B,C,small,0.6832494663941897,0.8681877229442531,0.12011811010261318,-0.2970816972177872,0,0.11913965780335077,0.11913965780335077,0.23895078898972807,0.121712511718099,0.498982256684662,0.498982256684662,0.498982256684662,0.498982256684662
7,7,1,4,2,B,A,B,large,0.3426687171382986,0.47674303917037036,0.19256451079662346,0,0,0.19256451079662346,0.1949075230417195,0.22658034384268272,0.22658034384268272,0.710735142866415,0.710735142866415,0.710735142866415,0.710735142866415
7,7,2,1,1,B,A,A,small,-0.006305049735332674,0.6130867458972961,0.2549860082778316,0,0,0.2549860082778316,0.2578459878364399,0.3155971782064211,0.3155971782064211,0.39356952817403346,0.39356952817403346,0.39356952817403346,0.39356952817403346
7,7,2,2,2,B,A,B,large,0.3387473418374209,0.9416988890419034,0.4613708883365876,0.6661584132371705,0,0.1949075230417195,0.4651005964104499,0.22658034384268272,0.22658034384268272,0.710735142866415,0.710735142866415,0.710735142866415,0.710735142866415
7,7,2,3,4,A,B,D,large,1.0036881833438176,0.9456947230227187,0.5440843993515112,0.687817578419131,0,0.6372432813976386,0.6372432813976386,0.26895736798385883,0.5478027193207439,0.970744147502107,0.970744147502107,0.970744147502107,0.970744147502107
7,7,2,4,3,A,B,C,small,0.6762255072328884,0.10149471896111881,0.2988137461420069,0.4427530860597697,1,0.11913965780335077,0.11913965780335077,0.121712511718099,0.3229050728701752,0.498982256684662,0.498982256684662,0.3002384878228904,0.3002384878228904
7,7,3,1,1,B,A,A,small,-0.00340781359042135,0.3703961871815296,0.2578459878364399,0,1,0.2578459878364399,0.2799530868477531,0.3155971782064211,0.3155971782064211,0.39356952817403346,0.39356952817403346,0.3819828576777815,0.3819828576777815
7,7,3,2,4,A,B,D,large,1.0084526611180988,0.6438796145956467,0.5478027193207439,0,1,0.6372432813976386,0.6372432813976386,0.5478027193207439,0.5754925371608457,0.970744147502107,0.970744147502107,0.8073118810488769,0.8073118810488769
7,7,3,3,2,A,B,B,large,0.33174636443946043,0.5811504313112483,0.22658034384268272,0,0,0.4651005964104499,0.4651005964104499,0.22658034384268272,0.22921974468958492,0.710735142866415,0.710735142866415,0.710735142866415,0.710735142866415
7,7,3,4,3,B,A,C,small,0.6722066132227261,0.10256612678975224,0.2941209215922006,0.4374531594721245,1,0.11913965780335077,0.3180054891555298,0.3229050728701752,0.3229050728701752,0.3002384878228904,0.3002384878228904,0.20140230730632133,0.20140230730632133
7,7,4,1,2,B,A,B,large,0.3394472384860891,0.06838620533325515,0.22019804607186116,-0.6122563758464717,0,0.4651005964104499,0.22278451606476743,0.22921974468958492,0.22921974468958492,0.710735142866415,0.710735142866415,0.710735142866415,0.710735142866415
7,7,4,2,4,A,B,D,large,0.9907604135943991,0.6322307173914754,0.5754925371608457,0,0,0.6372432813976386,0.6372432813976386,0.5754925371608457,0.5791528368033783,0.8073118810488769,0.8073118810488769,0.8073118810488769,0.8073118810488769
7,7,4,3,1,A,B,A,small,0.002437261290466962,0,0.7155971782064211,1,1,0.2799530868477531,0.2799530868477531,0.3155971782064211,0.7379277688745762,0.3819828576777815,0.3819828576777815,0.19099142883889075,0.19099142883889075
7,7,4,4,3,B,A,C,small,0.6540608099301088,0.3015002565434447,0.3180054891555298,0,0,0.3180054891555298,0.3212675029925264,0.3229050728701752,0.3229050728701752,0.20140230730632133,0.20140230730632133,0.20140230730632133,0.20140230730632133
7,7,5,1,1,B,A,A,small,-0.013121653820799146,0.32511621115832434,0.2799530868477531,0,0,0.2799530868477531,0.28298673347591646,0.7379277688745762,0.7379277688745762,0.19099142883889075,0.19099142883889075,0.19099142883889075,0.19099142883889075
7,7,5,2,2,B,A,B,large,0.33924424065622566,0.265827246696768,0.22278451606476743,0,0,0.22278451606476743,0.22539258575516283,0.22921974468958492,0.22921974468958492,0.710735142866415,0.710735142866415,0.710735142866415,0.710735142866415
7,7,5,3,4,A,B,D,large,0.99505434127216,0.7275404123233069,0.5791528368033783,0,0,0.6372432813976386,0.6372432813976386,0.5791528368033783,0.582804455222827,0.8073118810488769,0.8073118810488769,0.8073118810488769,0.8073118810488769
7,7,5,4,3,A,B,C,small,0.6625609116384298,0,0.7229050728701752,1,1,0.3212675029925264,0.3212675029925264,0.3229050728701752,0.7448664434735431,0.20140230730632133,0.20140230730632133,0.10070115365316067,0.10070115365316067
7,7,6,1,3,A,B,C,small,0.661877920147822,0.2205459215883986,0.7448664434735431,0,1,0.3212675029925264,0.3212675029925264,0.7448664434735431,0.7656514983774242,0.10070115365316067,0.10070115365316067,0.16062353762077963,0.16062353762077963
7,7,6,2,4,B,A,D,large,1.0000215373985974,0.6365930189327216,0.6372432813976386,0,1,0.6372432813976386,0.6628272721944694,0.582804455222827,0.582804455222827,0.8073118810488769,0.8073118810488769,0.7219524499907992,0.7219524499907992
7,7,6,3,1,B,A,A,small,0.027454075502297975,0.11543416005914006,0.4328580798105762,0.3746783658366493,0,0.28298673347591646,0.4365441024357641,0.7379277688745762,0.7379277688745762,0.19099142883889075,0.19099142883889075,0.19099142883889075,0.19099142883889075
7,7,6,4,2,A,B,B,large,0.32563804855492573,0.9898048580537077,0.6047307728108913,0.9387775703032657,1,0.22539258575516283,0.22539258575516283,0.22921974468958492,0.6312809960084679,0.710735142866415,0.710735142866415,0.8502700004600614,0.8502700004600614
7,7,7,1,1,A,B,A,small,-0.009261867658615896,0.32664174970155435,0.7379277688745762,0,0,0.4365441024357641,0.4365441024357641,0.7379277688745762,0.7408182544284688,0.19099142883889075,0.19099142883889075,0.19099142883889075,0.19099142883889075
7,7,7,2,4,B,A,D,large,1.0086798860049795,0.9358492234357946,0.9167317611437767,0.6347612223732688,1,0.6628272721944694,0.9249265750033431,0.582804455222827,0.582804455222827,0.7219524499907992,0.7219524499907992,0.8289008367132968,0.8289008367132968
7,7,7,3,3,A,B,C,small,0.6688993106180009,0.8904087202676171,0.6044587659431435,-0.40298183108570174,1,0.3212675029925264,0.3212675029925264,0.7656514983774242,0.6310161117469352,0.16062353762077963,0.16062353762077963,0.5255161289441983,0.5255161289441983
7,7,7,4,2,B,A,B,large,0.32981009820043544,0.9071108683188353,0.4196872882489626,0.4857367562344996,0,0.22539258575516283,0.423344873953852,0.6312809960084679,0.6312809960084679,0.8502700004600614,0.8502700004600614,0.8502700004600614,0.8502700004600614
7,7,8,1,2,A,B,B,large,0.34032820717663526,1,0.9499999999999998,1,1,0.423344873953852,0.423344873953852,0.6312809960084679,0.9550811584492837,0.8502700004600614,0.8502700004600614,0.9251350002300307,0.9251350002300307
7,7,8,2,1,B,A,A,small,-0.018657155316369366,0.21957325462201277,0.4365441024357641,0,0,0.4365441024357641,0.44023714861076946,0.7408182544284688,0.7408182544284688,0.19099142883889075,0.19099142883889075,0.19099142883889075,0.19099142883889075
7,7,8,3,3,A,B,C,small,0.6608217732319132,0.23543613408181482,0.6310161117469352,0,1,0.3212675029925264,0.3212675029925264,0.6310161117469352,0.6568027558010627,0.5255161289441983,0.5255161289441983,0.3804761315130066,0.3804761315130066
7,7,8,4,4,B,A,D,large,0.9912157193992236,0.9251022807838398,0.9499999999999998,0.5780273076371785,1,0.9249265750033431,0.9550811584492837,0.582804455222827,0.582804455222827,0.8289008367132968,0.8289008367132968,0.8770015587485683,0.8770015587485683
7,7,9,1,2,B,A,B,large,0.34017042968563516,1,0.823344873953852,1,1,0.423344873953852,0.8391174064272785,0.9550811584492837,0.9550811584492837,0.9251350002300307,0.9251350002300307,0.9625675001150154,0.9625675001150154
7,7,9,2,4,A,B,D,large,0.9954273220865276,0.8111589738752771,0.6011596589087334,0.045888009214766046,1,0.9550811584492837,0.9550811584492837,0.582804455222827,0.6278021182625636,0.8770015587485683,0.8770015587485683,0.8440802663119227,0.8440802663119227
7,7,9,3,1,A,B,A,small,0.00722561513410315,0,0.9499999999999998,1,1,0.44023714861076946,0.44023714861076946,0.7408182544284688,0.9550811584492837,0.19099142883889075,0.19099142883889075,0.09549571441944538,0.09549571441944538
7,7,9,4,3,B,A,C,small,0.6797335778221246,0.21015048806281256,0.3212675029925264,0,0,0.3212675029925264,0.32454705435493203,0.6568027558010627,0.6568027558010627,0.3804761315130066,0.3804761315130066,0.3804761315130066,0.3804761315130066
7,7,10,1,2,A,B,B,large,0.3316671297030233,0.9882957256284465,0.9499999999999998,0.9298207435405481,1,0.8391174064272785,0.8391174064272785,0.9550811584492837,0.9550811584492837,0.9625675001150154,0.9625675001150154,0.9754316128717309,0.9754316128717309
7,7,10,2,3,B,A,C,small,0.6832994157763124,0.5077130268247467,0.32454705435493203,0,0,0.32454705435493203,0.3278439131508352,0.6568027558010627,0.6568027558010627,0.3804761315130066,0.3804761315130066,0.3804761315130066,0.3804761315130066
7,7,10,3,1,B,A,A,small,8.150743383841082e-4,0.086362654732404745,0.6477701223698524,0.5188324343977075,1,0.44023714861076946,0.6729926718887218,0.9550811584492837,0.9550811584492837,0.09549571441944538,0.09549571441944538,0.09092918457592505,0.09092918457592505
7,7,10,4,4,A,B,D,large,0.9896747626272475,0.8885063766404913,0.7852942628137688,0.39373036137801276,1,0.9550811584492837,0.9550811584492837,0.6278021182625636,0.8036539461866391,0.8440802663119227,0.8440802663119227,0.866293321476207,0.866293321476207
7,8,1,1,2,A,B,B,large,0.3413528793381823,0.9789430484241508,0.4122572883613713,0.874910709608594,0,0.3919577099427075,0.3919577099427075,0.06229300451793378,0.41589652812567446,0.9754316128717309,0.9754316128717309,0.9754316128717309,0.9754316128717309
7,8,1,2,3,B,A,C,small,0.670765521493426,0.3980400360390953,0.07354622490819408,0,0,0.07354622490819408,0.07457484315936855,0.2070463470981888,0.2070463470981888,0.3804761315130066,0.3804761315130066,0.3804761315130066,0.3804761315130066
7,8,1,3,1,A,B,A,small,-0.008824166700892486,0.6434337617675497,0.35339021400117854,0,0,0.3048225946092222,0.3048225946092222,0.35339021400117854,0.35682528738413827,0.09092918457592505,0.09092918457592505,0.09092918457592505,0.09092918457592505
7,8,1,4,4,B,A,D,large,1.0032322607086552,0.689953054249459,0.0662705719968498,0,0,0.0662705719968498,0.06720481435518766,0.47710685018457794,0.47710685018457794,0.866293321476207,0.866293321476207,0.866293321476207,0.866293321476207
7,8,2,1,2,B,A,B,large,0.3386324549895789,0.210362687791315,0.39195770994270757,0,1,0.3919577099427075,0.41907044134315236,0.41589652812567446,0.41589652812567446,0.9754316128717309,0.9754316128717309,0.5928971503315229,0.5928971503315229
7,8,2,2,4,A,B,D,large,0.9916503002502507,0.7240720403122202,0.47710685018457794,0,0,0.06720481435518766,0.06720481435518766,0.47710685018457794,0.48085020400972883,0.866293321476207,0.866293321476207,0.866293321476207,0.866293321476207
7,8,2,3,3,B,A,C,small,0.6586177104452267,0.7231005573772591,0.07457484315936855,0,0,0.07457484315936855,0.07561667347642072,0.2070463470981888,0.2070463470981888,0.3804761315130066,0.3804761315130066,0.3804761315130066,0.3804761315130066
7,8,2,4,1,A,B,A,small,-0.009608317367063957,0,0.7568252873841383,1,1,0.3048225946092222,0.3048225946092222,0.35682528738413827,0.7769278563442166,0.09092918457592505,0.09092918457592505,0.04546459228796253,0.04546459228796253
7,8,3,1,4,B,A,D,large,1.0035940841126691,0.47633793212343906,0.06720481435518766,0,0,0.06720481435518766,0.06815126581304558,0.48085020400972883,0.48085020400972883,0.866293321476207,0.866293321476207,0.866293321476207,0.866293321476207
7,8,3,2,2,A,B,B,large,0.3278696775441589,0.7418663212480052,0.41589652812567446,0,0,0.41907044134315236,0.41907044134315236,0.41589652812567446,0.4195449614967868,0.5928971503315229,0.5928971503315229,0.5928971503315229,0.5928971503315229
7,8,3,3,3,B,A,C,small,0.6767102750835955,0.7086949526218556,0.07561667347642072,0,0,0.07561667347642072,0.07667185258069367,0.2070463470981888,0.2070463470981888,0.3804761315130066,0.3804761315130066,0.3804761315130066,0.3804761315130066
7,8,3,4,1,A,B,A,small,0.011519076234174948,0,0.9499999999999998,1,1,0.3048225946092222,0.3048225946092222,0.7769278563442166,0.9550811584492837,0.04546459228796253,0.04546459228796253,0.022732296143981263,0.022732296143981263
7,8,4,1,4,B,A,D,large,1.008094402026132,1,0.46815126581304556,1,1,0.06815126581304558,0.49623315790840483,0.48085020400972883,0.48085020400972883,0.866293321476207,0.866293321476207,0.9331466607381035,0.9331466607381035
7,8,4,2,3,A,B,C,small,0.6727825560423806,0,0.6070463470981888,1,1,0.07667185258069367,0.07667185258069367,0.2070463470981888,0.6335352881439742,0.3804761315130066,0.3804761315130066,0.1902380657565033,0.1902380657565033
7,8,4,3,1,A,B,A,small,-0.014342441256162027,0.22539861489294663,0.9499999999999998,0,1,0.3048225946092222,0.3048225946092222,0.9550811584492837,0.9550811584492837,0.022732296143981263,0.022732296143981263,0.12406545551846394,0.12406545551846394
7,8,4,4,2,B,A,B,large,0.3365909276150178,0.3632800408629556,0.4190704413431523,0,1,0.41907044134315236,0.4466808791469179,0.4195449614967868,0.4195449614967868,0.5928971503315229,0.5928971503315229,0.47808859559723926,0.47808859559723926
7,8,5,1,4,A,B,D,large,1.017144869531214,0.627718871480934,0.48085020400972883,0,0,0.49623315790840483,0.49623315790840483,0.48085020400972883,0.4845957089463089,0.9331466607381035,0.9331466607381035,0.9331466607381035,0.9331466607381035
7,8,5,2,3,B,A,C,small,0.6766510024662937,0.3116151207588751,0.07667185258069367,0,0,0.07667185258069367,0.07774051767757142,0.6335352881439742,0.6335352881439742,0.1902380657565033,0.1902380657565033,0.1902380657565033,0.1902380657565033
7,8,5,3,1,A,B,A,small,-0.016730903636645963,0.13241549388414864,0.9499999999999998,0.29427200811479454,1,0.3048225946092222,0.3048225946092222,0.9550811584492837,0.9550811584492837,0.12406545551846394,0.12406545551846394,0.12824047470130628,0.12824047470130628
7,8,5,4,2,B,A,B,large,0.3380619976870993,1,0.8466808791469179,1,0,0.4466808791469179,0.848617955139268,0.4195449614967868,0.4195449614967868,0.47808859559723926,0.47808859559723926,0.47808859559723926,0.47808859559723926
7,8,6,1,3,B,A,C,small,0.665032380901272,0.1757579557179254,0.11814407612502915,0.10100889611864426,0,0.07774051767757142,0.11971584026731588,0.6335352881439742,0.6335352881439742,0.1902380657565033,0.1902380657565033,0.1902380657565033,0.1902380657565033
7,8,6,2,2,B,A,B,large,0.3195694995185426,0.6496843380530445,0.848617955139268,0,1,0.848617955139268,0.8625108058306457,0.4195449614967868,0.4195449614967868,0.47808859559723926,0.47808859559723926,0.5638864668251419,0.5638864668251419
7,8,6,3,4,A,B,D,large,0.9990529263232432,0.7915004684638842,0.4845957089463089,0,0,0.49623315790840483,0.49623315790840483,0.4845957089463089,0.4883429451559087,0.9331466607381035,0.9331466607381035,0.9331466607381035,0.9331466607381035
7,8,6,4,1,A,B,A,small,1.7580243624768237e-4,0,0.9499999999999998,1,1,0.3048225946092222,0.3048225946092222,0.9550811584492837,0.9550811584492837,0.12824047470130628,0.12824047470130628,0.06412023735065314,0.06412023735065314
7,8,7,1,1,B,A,A,small,0.013248665235423465,0.11143400699294757,0.46243049601310565,0.39401975350970886,1,0.3048225946092222,0.49048569993225954,0.9550811584492837,0.9550811584492837,0.06412023735065314,0.06412023735065314,0.08777712217180036,0.08777712217180036
7,8,7,2,3,A,B,C,small,0.6597422153009569,0.7464243227518134,0.6335352881439742,0,1,0.11971584026731588,0.11971584026731588,0.6335352881439742,0.659240950226157,0.1902380657565033,0.1902380657565033,0.4683311942541583,0.4683311942541583
7,8,7,3,2,B,A,B,large,0.3455334301322708,0.36555229261744593,0.8625108058306457,0,1,0.8625108058306457,0.8753159916687981,0.4195449614967868,0.4195449614967868,0.5638864668251419,0.5638864668251419,0.4647193797212939,0.4647193797212939
7,8,7,4,4,A,B,D,large,0.992899405928421,1,0.8883429451559088,1,1,0.49623315790840483,0.49623315790840483,0.4883429451559087,0.8990238945958738,0.9331466607381035,0.9331466607381035,0.9665733303690518,0.9665733303690518
7,8,8,1,1,A,B,A,small,-0.005533516944176044,0,0.9499999999999998,1,1,0.49048569993225954,0.49048569993225954,0.9550811584492837,0.9550811584492837,0.08777712217180036,0.08777712217180036,0.04388856108590018,0.04388856108590018
7,8,8,2,4,A,B,D,large,1.0015082647553626,0.4655210455826007,0.8990238945958738,0,1,0.49623315790840483,0.49623315790840483,0.8990238945958738,0.908788027207315,0.9665733303690518,0.9665733303690518,0.7160471879758262,0.7160471879758262
7,8,8,3,2,B,A,B,large,0.3443771424776799,0.4790698238299178,0.8753159916687981,0,0,0.8753159916687981,0.8769438652375069,0.4195449614967868,0.4195449614967868,0.4647193797212939,0.4647193797212939,0.4647193797212939,0.4647193797212939
7,8,8,4,3,B,A,C,small,0.6637737400106988,0.5222436609662657,0.11971584026731588,0,1,0.11971584026731588,0.13208778592413906,0.659240950226157,0.659240950226157,0.4683311942541583,0.4683311942541583,0.49528742761021205,0.49528742761021205
7,8,9,1,2,B,A,B,large,0.33538957161119604,0.6490851824374391,0.8769438652375069,0,1,0.8769438652375069,0.8885784666740889,0.4195449614967868,0.4195449614967868,0.4647193797212939,0.4647193797212939,0.5569022810793665,0.5569022810793665
7,8,9,2,4,A,B,D,large,1.004037328172278,0.25655496000532096,0.908788027207315,0,1,0.49623315790840483,0.49623315790840483,0.908788027207315,0.9176944314228161,0.7160471879758262,0.7160471879758262,0.4863010739905736,0.4863010739905736
7,8,9,3,3,A,B,C,small,0.6632127294135728,0.17593853603939807,0.6993362409718474,0.10023822686422593,1,0.13208778592413906,0.13208778592413906,0.659240950226157,0.7224483920584269,0.49528742761021205,0.49528742761021205,0.33561298182480503,0.33561298182480503
7,8,9,4,1,B,A,A,small,0.004952196347310914,0.07338247551806082,0.7248667950060418,0.5859527376844557,1,0.49048569993225954,0.7467271601186973,0.9550811584492837,0.9550811584492837,0.04388856108590018,0.04388856108590018,0.0586355183019805,0.0586355183019805
7,8,10,1,2,B,A,B,large,0.3328161920413884,0.5480193270726347,0.8885784666740889,0,1,0.8885784666740889,0.8992394419036351,0.4195449614967868,0.4195449614967868,0.5569022810793665,0.5569022810793665,0.5524608040760006,0.5524608040760006
7,8,10,2,4,A,B,D,large,0.9896834414791642,0.7511702680860395,0.9176944314228161,0,1,0.49623315790840483,0.49623315790840483,0.9176944314228161,0.9258021725042929,0.4863010739905736,0.4863010739905736,0.6187356710383065,0.6187356710383065
7,8,10,3,1,A,B,A,small,0.003527416152348917,0.024881115752354226,0.9499999999999998,0.8527530241492098,1,0.7467271601186973,0.7467271601186973,0.9550811584492837,0.9550811584492837,0.0586355183019805,0.0586355183019805,0.04175831702716736,0.04175831702716736
7,8,10,4,3,B,A,C,small,0.6698619300180791,0.2527776453053562,0.13208778592413906,0,0,0.13208778592413906,0.1338169050047249,0.7224483920584269,0.7224483920584269,0.33561298182480503,0.33561298182480503,0.33561298182480503,0.33561298182480503
7,9,1,1,4,B,A,D,large,0.9846625273720124,0.5145777997927096,0.30310609201418437,0,0,0.30310609201418437,0.30628390965932334,0.2051174224457759,0.2051174224457759,0.6187356710383065,0.6187356710383065,0.6187356710383065,0.6187356710383065
7,9,1,2,3,B,A,C,small,0.656532572365169,0.7203149273134007,0.19414693971018415,0,0,0.19414693971018412,0.1965045201864394,0.12999946084629088,0.12999946084629088,0.33561298182480503,0.33561298182480503,0.33561298182480503,0.33561298182480503
7,9,1,3,1,A,B,A,small,0.0023105176890892173,0,0.5586962795046779,1,0,0.22824528549092685,0.22824528549092685,0.15869627950467796,0.5623912781851673,0.04175831702716736,0.04175831702716736,0.04175831702716736,0.04175831702716736
7,9,1,4,2,A,B,B,large,0.31898178241421943,0.13426789811286255,0.04815962576799969,-0.28566495780814066,1,0.2235862337746627,0.2235862337746627,0.16242560889125596,0.05358680886668917,0.5524608040760006,0.5524608040760006,0.3433643510944316,0.3433643510944316
7,9,2,1,4,A,B,D,large,0.9848198993427864,0.8453787622207035,0.2823835393735906,0.19316529231953683,0,0.30628390965932334,0.30628390965932334,0.2051174224457759,0.28543308279853224,0.6187356710383065,0.6187356710383065,0.6187356710383065,0.6187356710383065
7,9,2,2,2,B,A,B,large,0.32399694978579763,0,0,-1,0,0.2235862337746627,0,0.05358680886668917,0.05358680886668917,0.3433643510944316,0.3433643510944316,0.3433643510944316,0.3433643510944316
7,9,2,3,3,A,B,C,small,0.6697424917481041,0.36958274820907144,0.12999946084629088,0,0,0.1965045201864394,0.1965045201864394,0.12999946084629088,0.13170539080065674,0.33561298182480503,0.33561298182480503,0.33561298182480503,0.33561298182480503
7,9,2,4,1,B,A,A,small,-0.013189764994025415,0,0.6282452854909267,1,1,0.22824528549092685,0.6541194294583386,0.5623912781851673,0.5623912781851673,0.04175831702716736,0.04175831702716736,0.02087915851358368,0.02087915851358368
7,9,3,1,4,B,A,D,large,0.9874994543902843,0.7096685410149381,0.3062839096593233,0,1,0.30628390965932334,0.33069346309239933,0.28543308279853224,0.28543308279853224,0.6187356710383065,0.6187356710383065,0.6642021060266223,0.6642021060266223
7,9,3,2,3,A,B,C,small,0.6780972086523257,0,0.5317053908006568,1,1,0.1965045201864394,0.1965045201864394,0.13170539080065674,0.5595884456599511,0.33561298182480503,0.33561298182480503,0.16780649091240252,0.16780649091240252
7,9,3,3,2,B,A,B,large,0.3391337141365808,0.2255443596125564,0,0,0,0,0,0.05358680886668917,0.05358680886668917,0.3433643510944316,0.3433643510944316,0.3433643510944316,0.3433643510944316
7,9,3,4,1,A,B,A,small,0.012719606828010798,0,0.9499999999999998,1,1,0.6541194294583386,0.6541194294583386,0.5623912781851673,0.9550811584492837,0.02087915851358368,0.02087915851358368,0.01043957925679184,0.01043957925679184
7,9,4,1,1,B,A,A,small,7.864369828694815e-4,0,0.9499999999999998,1,1,0.6541194294583386,0.9550811584492837,0.9550811584492837,0.9550811584492837,0.01043957925679184,0.01043957925679184,0.00521978962839592,0.00521978962839592
7,9,4,2,4,A,B,D,large,1.0256079553937296,0.9220610787971935,0.5103101631826897,0.5621927009603935,1,0.33069346309239933,0.33069346309239933,0.28543308279853224,0.5383610896867052,0.6642021060266223,0.6642021060266223,0.7931315924119079,0.7931315924119079
7,9,4,3,2,A,B,B,large,0.3373774182891393,0.8656333820770865,0.16766967220488171,0.2852071583454813,0,0,0,0.05358680886668917,0.16977346838638427,0.3433643510944316,0.3433643510944316,0.3433643510944316,0.3433643510944316
7,9,4,4,3,B,A,C,small,0.6435953853904811,0,0.5965045201864393,1,1,0.1965045201864394,0.6232630668813017,0.5595884456599511,0.5595884456599511,0.16780649091240252,0.16780649091240252,0.08390324545620126,0.08390324545620126
7,9,5,1,1,A,B,A,small,-5.129404446268109e-4,0,0.9499999999999998,1,1,0.9550811584492837,0.9550811584492837,0.9550811584492837,0.9550811584492837,0.00521978962839592,0.00521978962839592,0.00260989481419796,0.00260989481419796
7,9,5,2,4,A,B,D,large,1.0050725644891298,0.9175943371181032,0.7540049548409554,0.5391096628856256,0,0.33069346309239933,0.33069346309239933,0.5383610896867052,0.7567765650762124,0.7931315924119079,0.7931315924119079,0.7931315924119079,0.7931315924119079
7,9,5,3,3,B,A,C,small,0.6742976698326144,0.3647721178114195,0.6232630668813017,0,0,0.6232630668813017,0.6267785941903898,0.5595884456599511,0.5595884456599511,0.08390324545620126,0.08390324545620126,0.08390324545620126,0.08390324545620126
7,9,5,4,2,B,A,B,large,0.3214142372117519,0.8121408688550003,0.019990000398889995,0.049975000997225,0,0,0.020285981965173283,0.16977346838638427,0.16977346838638427,0.3433643510944316,0.3433643510944316,0.3433643510944316,0.3433643510944316
7,9,6,1,4,B,A,D,large,1.003684244574508,1,0.7306934630923994,1,1,0.33069346309239933,0.7522491086183386,0.7567765650762124,0.7567765650762124,0.7931315924119079,0.7931315924119079,0.8965657962059539,0.8965657962059539
7,9,6,2,2,A,B,B,large,0.32885397392026056,1,0.5697734683863843,1,1,0.020285981965173283,0.020285981965173283,0.16977346838638427,0.5971073997005872,0.3433643510944316,0.3433643510944316,0.6716821755472158,0.6716821755472158
7,9,6,3,1,B,A,A,small,-0.013276132683350508,0.0780035440024717,0.9499999999999998,0.5618572737641314,1,0.9550811584492837,0.9550811584492837,0.9550811584492837,0.9550811584492837,0.00260989481419796,0.00260989481419796,0.04030671940833483,0.04030671940833483
7,9,6,4,3,A,B,C,small,0.6613640631728792,0.10199771366605659,0.7356938500115511,0.4402635108789997,1,0.6267785941903898,0.6267785941903898,0.5595884456599511,0.7569823710132193,0.08390324545620126,0.08390324545620126,0.09295047956112892,0.09295047956112892
7,9,7,1,2,A,B,B,large,0.3359795214354285,0.354794831074068,0.5971073997005872,0,0,0.020285981965173283,0.020285981965173283,0.5971073997005872,0.6007106359205149,0.6716821755472158,0.6716821755472158,0.6716821755472158,0.6716821755472158
7,9,7,2,3,A,B,C,small,0.6695755206189739,0.09307239004630527,0.9499999999999998,0.4848136765299812,1,0.6267785941903898,0.6267785941903898,0.7569823710132193,0.9550811584492837,0.09295047956112892,0.09295047956112892,0.0930114348037171,0.0930114348037171
7,9,7,3,1,B,A,A,small,-0.017686956451814614,0.1530609466147002,0.9499999999999998,0.2001238399676538,1,0.9550811584492837,0.9550811584492837,0.9550811584492837,0.9550811584492837,0.04030671940833483,0.04030671940833483,0.09668383301151752,0.09668383301151752
7,9,7,4,4,B,A,D,large,0.9927154606744993,0.8298824975694715,0.8023377189785058,0.12522152590041793,1,0.7522491086183386,0.8195748459098671,0.7567765650762124,0.7567765650762124,0.8965657962059539,0.8965657962059539,0.8632241468877127,0.8632241468877127
7,9,8,1,3,A,B,C,small,0.6665817125396599,0.029037607491953214,0.9499999999999998,0.8288612157604073,1,0.6267785941903898,0.6267785941903898,0.9550811584492837,0.9550811584492837,0.0930114348037171,0.0930114348037171,0.06102452114783516,0.06102452114783516
7,9,8,2,4,B,A,D,large,0.987326265053166,0.8512902819953587,0.9074326260287222,0.21964445029713778,1,0.8195748459098671,0.9164592123737351,0.7567765650762124,0.7567765650762124,0.8632241468877127,0.8632241468877127,0.8572572144415357,0.8572572144415357
7,9,8,3,1,B,A,A,small,0.005841490834619211,0,0.9499999999999998,1,1,0.9550811584492837,0.9550811584492837,0.9550811584492837,0.9550811584492837,0.09668383301151752,0.09668383301151752,0.04834191650575876,0.04834191650575876
7,9,8,4,2,A,B,B,large,0.3340450228957338,0.4992632858039611,0.6007106359205149,0,0,0.020285981965173283,0.020285981965173283,0.6007106359205149,0.6043030022386409,0.6716821755472158,0.6716821755472158,0.6716821755472158,0.6716821755472158
7,9,9,1,1,B,A,A,small,-0.009184670234425898,0,0.9499999999999998,1,1,0.9550811584492837,0.9550811584492837,0.9550811584492837,0.9550811584492837,0.04834191650575876,0.04834191650575876,0.02417095825287938,0.02417095825287938
7,9,9,2,3,A,B,C,small,0.6876462932148966,0,0.9499999999999998,1,1,0.6267785941903898,0.6267785941903898,0.9550811584492837,0.9550811584492837,0.06102452114783516,0.06102452114783516,0.03051226057391758,0.03051226057391758
7,9,9,3,4,A,B,D,large,0.9823871983636233,0.9354497536766393,0.9499999999999998,0.6326304982147135,1,0.9164592123737351,0.9164592123737351,0.7567765650762124,0.9550811584492837,0.8572572144415357,0.8572572144415357,0.8963534840590874,0.8963534840590874
7,9,9,4,2,B,A,B,large,0.3516623787972554,0.4334515028133752,0.020285981965173283,0,0,0.020285981965173283,0.020586253918587635,0.6043030022386409,0.6043030022386409,0.6716821755472158,0.6716821755472158,0.6716821755472158,0.6716821755472158
7,9,10,1,4,B,A,D,large,1.008097933390232,0.8857923928440358,0.9499999999999998,0.38059250713253717,1,0.9164592123737351,0.9550811584492837,0.9550811584492837,0.9550811584492837,0.8963534840590874,0.8963534840590874,0.8910729384515617,0.8910729384515617
7,9,10,2,3,A,B,C,small,0.6692413385046279,0,0.9499999999999998,1,1,0.6267785941903898,0.6267785941903898,0.9550811584492837,0.9550811584492837,0.03051226057391758,0.03051226057391758,0.01525613028695879,0.01525613028695879
7,9,10,3,1,A,B,A,small,-7.827854070931559e-4,0.03097904655574961,0.9499999999999998,0.8177695547035043,1,0.9550811584492837,0.9550811584492837,0.9550811584492837,0.9550811584492837,0.02417095825287938,0.02417095825287938,0.027575002404314493,0.027575002404314493
7,9,10,4,2,B,A,B,large,0.35285800256616723,0.5817284952940083,0.020586253918587635,0,0,0.020586253918587635,0.02089087570605738,0.6043030022386409,0.6043030022386409,0.6716821755472158,0.6716821755472158,0.6716821755472158,0.6716821755472158
7,10,1,1,1,A,B,A,small,0.0023243920071148094,0.4104671860339107,0.3751074858325471,0,1,0.2684764050251119,0.2684764050251119,0.37510748583254705,0.401824913228719,0.027575002404314493,0.027575002404314493,0.2190210942191126,0.2190210942191126
7,10,1,2,4,B,A,D,large,0.997872786218343,0.9661392814577683,0.5022804818953581,0.801385437414055,1,0.18172630692973607,0.5303680734532973,0.1879167260408508,0.1879167260408508,0.8910729384515617,0.8910729384515617,0.928606109954665,0.928606109954665
7,10,1,3,3,A,B,C,small,0.6596394582925685,0.05887003242603562,0.4997284606569774,0.6630886631586206,1,0.24101354950676582,0.24101354950676582,0.23449299539352916,0.5278246841633717,0.01525613028695879,0.01525613028695879,0.037063081356497204,0.037063081356497204
7,10,1,4,2,B,A,B,large,0.32754745410197966,0.395060012709562,0.29956315629386066,0,0,0.29956315629386066,0.3027199642886695,0.17594855031536127,0.17594855031536127,0.6716821755472158,0.6716821755472158,0.6716821755472158,0.6716821755472158
7,10,2,1,4,A,B,D,large,1.0016248287148188,1,0.5879167260408509,1,1,0.5303680734532973,0.5303680734532973,0.1879167260408508,0.614877090289357,0.928606109954665,0.928606109954665,0.9643030549773325,0.9643030549773325
7,10,2,2,1,B,A,A,small,0.00948380398949249,0.2406669316794349,0.2684764050251119,0,0,0.2684764050251119,0.2714325682950207,0.401824913228719,0.401824913228719,0.2190210942191126,0.2190210942191126,0.2190210942191126,0.2190210942191126
7,10,2,3,2,B,A,B,large,0.35183399756471856,0.5622927070433487,0.3027199642886695,0,0,0.3027199642886695,0.30589551063850423,0.17594855031536127,0.17594855031536127,0.6716821755472158,0.6716821755472158,0.6716821755472158,0.6716821755472158
7,10,2,4,3,A,B,C,small,0.6792834414198845,0,0.9278246841633718,1,1,0.24101354950676582,0.24101354950676582,0.5278246841633717,0.935005192185724,0.037063081356497204,0.037063081356497204,0.018531540678248602,0.018531540678248602
7,10,3,1,1,B,A,A,small,-0.007765503201129746,0.42333219822657187,0.2714325682950207,0,1,0.2714325682950207,0.29424270648553075,0.401824913228719,0.401824913228719,0.2190210942191126,0.2190210942191126,0.32117664622284225,0.32117664622284225
7,10,3,2,3,A,B,C,small,0.6655956367588081,0.5063560493461573,0.935005192185724,0,1,0.24101354950676582,0.24101354950676582,0.935005192185724,0.9415163615429754,0.018531540678248602,0.018531540678248602,0.26244379501220294,0.26244379501220294
7,10,3,3,4,A,B,D,large,1.0030932548597287,0.9626683379171017,0.9275874490380869,0.7817758968718244,1,0.5303680734532973,0.5303680734532973,0.614877090289357,0.9347899000776795,0.9643030549773325,0.9643030549773325,0.9634856964472172,0.9634856964472172
7,10,3,4,2,B,A,B,large,0.3357674078921043,0.5729713352361014,0.30589551063850423,0,0,0.30589551063850423,0.30908960227053456,0.17594855031536127,0.17594855031536127,0.6716821755472158,0.6716821755472158,0.6716821755472158,0.6716821755472158
7,10,4,1,4,A,B,D,large,1.0007079094151698,1,0.9499999999999998,1,1,0.5303680734532973,0.5303680734532973,0.9347899000776795,0.9550811584492837,0.9634856964472172,0.9634856964472172,0.9817428482236086,0.9817428482236086
7,10,4,2,2,B,A,B,large,0.3259082876003474,0.6038794660518412,0.30908960227053456,0,0,0.30908960227053456,0.31230203965361847,0.17594855031536127,0.17594855031536127,0.6716821755472158,0.6716821755472158,0.6716821755472158,0.6716821755472158
7,10,4,3,3,A,B,C,small,0.6711841715830205,0,0.9499999999999998,1,1,0.24101354950676582,0.24101354950676582,0.9415163615429754,0.9550811584492837,0.26244379501220294,0.26244379501220294,0.13122189750610147,0.13122189750610147
7,10,4,4,1,B,A,A,small,0.007384236675051328,0.7976575099307466,0.29424270648553075,0,0,0.29424270648553075,0.2973672504085519,0.401824913228719,0.401824913228719,0.32117664622284225,0.32117664622284225,0.32117664622284225,0.32117664622284225
7,10,5,1,2,A,B,B,large,0.3505393333312481,1,0.5759485503153613,1,1,0.31230203965361847,0.31230203965361847,0.17594855031536127,0.6031634032243786,0.6716821755472158,0.6716821755472158,0.8358410877736079,0.8358410877736079
7,10,5,2,1,A,B,A,small,0.003311671967691171,0.0914818303394317,0.598959583416547,0.4928366754695704,0,0.2973672504085519,0.2973672504085519,0.401824913228719,0.6025572805735498,0.32117664622284225,0.32117664622284225,0.32117664622284225,0.32117664622284225
7,10,5,3,3,B,A,C,small,0.6768309461295031,0.08796227511936683,0.4452858580782693,0.5106807714287589,0,0.24101354950676582,0.44899392724968307,0.9550811584492837,0.9550811584492837,0.13122189750610147,0.13122189750610147,0.13122189750610147,0.13122189750610147
7,10,5,4,4,B,A,D,large,1.006976015878133,0.9996053776992212,0.9294108624121383,0.9976069723971028,1,0.5303680734532973,0.9364443757899682,0.9550811584492837,0.9550811584492837,0.9817428482236086,0.9817428482236086,0.9906741129614149,0.9906741129614149
7,10,6,1,1,A,B,A,small,-0.027660780536124918,0,0.9499999999999998,1,1,0.2973672504085519,0.2973672504085519,0.6025572805735498,0.9550811584492837,0.32117664622284225,0.32117664622284225,0.16058832311142113,0.16058832311142113
7,10,6,2,2,B,A,B,large,0.32585382932039636,0.700060601157441,0.31230203965361847,0,0,0.31230203965361847,0.3155326168068873,0.6031634032243786,0.6031634032243786,0.8358410877736079,0.8358410877736079,0.8358410877736079,0.8358410877736079
7,10,6,3,3,A,B,C,small,0.6528452319717626,0.2255823231969876,0.9499999999999998,0,1,0.44899392724968307,0.44899392724968307,0.9550811584492837,0.9550811584492837,0.13122189750610147,0.13122189750610147,0.17840211035154452,0.17840211035154452
7,10,6,4,4,B,A,D,large,0.9897824130826058,0.9803241512114964,0.9499999999999998,0.8829547374335478,1,0.9364443757899682,0.9550811584492837,0.9550811584492837,0.9550811584492837,0.9906741129614149,0.9906741129614149,0.9854991320864557,0.9854991320864557
7,10,7,1,4,A,B,D,large,1.0062803417006552,0.901643668271833,0.9499999999999998,0.4583432430185219,1,0.9550811584492837,0.9550811584492837,0.9550811584492837,0.9550811584492837,0.9854991320864557,0.9854991320864557,0.9435714001791443,0.9435714001791443
7,10,7,2,2,B,A,B,large,0.3202770637775017,0.8346543759251324,0.373900623520321,0.145920016783584,0,0.3155326168068873,0.37741869616698515,0.6031634032243786,0.6031634032243786,0.8358410877736079,0.8358410877736079,0.8358410877736079,0.8358410877736079
7,10,7,3,1,A,B,A,small,-0.012333495013870746,0.18874050702674308,0.9499999999999998,0.0463060363385173,1,0.2973672504085519,0.2973672504085519,0.9550811584492837,0.9550811584492837,0.16058832311142113,0.16058832311142113,0.1746644150690821,0.1746644150690821
7,10,7,4,3,B,A,C,small,0.664843654761203,0.3250971924785932,0.448993927249683,0,1,0.44899392724968307,0.4769572172278661,0.9550811584492837,0.9550811584492837,0.17840211035154452,0.17840211035154452,0.2517496514150689,0.2517496514150689
7,10,8,1,1,A,B,A,small,-0.012949718313206833,0.1903472353350139,0.9499999999999998,0.03963421554739544,1,0.2973672504085519,0.2973672504085519,0.9550811584492837,0.9550811584492837,0.1746644150690821,0.1746644150690821,0.182505825202048,0.182505825202048
7,10,8,2,2,A,B,B,large,0.34681058556529254,0.648792294547738,0.6031634032243786,0,1,0.37741869616698515,0.37741869616698515,0.6031634032243786,0.6297544489593001,0.8358410877736079,0.8358410877736079,0.7423166911606729,0.7423166911606729
7,10,8,3,4,B,A,D,large,1.002593368263819,0.9210723796534934,0.9499999999999998,0.5570655581993837,1,0.9550811584492837,0.9550811584492837,0.9550811584492837,0.9550811584492837,0.9435714001791443,0.9435714001791443,0.9323218899163188,0.9323218899163188
7,10,8,4,3,B,A,C,small,0.6632065178523548,0.26007177140429033,0.4769572172278661,0,0,0.4769572172278661,0.4807004763210452,0.9550811584492837,0.9550811584492837,0.2517496514150689,0.2517496514150689,0.2517496514150689,0.2517496514150689
7,10,9,1,3,B,A,C,small,0.6592688134325025,0.32130156073807414,0.48070047632104507,0,1,0.4807004763210452,0.508814969599634,0.9550811584492837,0.9550811584492837,0.2517496514150689,0.2517496514150689,0.2865256060765715,0.2865256060765715
7,10,9,2,2,A,B,B,large,0.3369525419502165,0.22487937706410815,0.6297544489593001,0,0,0.37741869616698515,0.37741869616698515,0.6297544489593001,0.633245046447168,0.7423166911606729,0.7423166911606729,0.7423166911606729,0.7423166911606729
7,10,9,3,1,A,B,A,small,0.019381837636181738,0.3307536170220283,0.9499999999999998,0,1,0.2973672504085519,0.2973672504085519,0.9550811584492837,0.9550811584492837,0.182505825202048,0.182505825202048,0.2566297211120382,0.2566297211120382
7,10,9,4,4,B,A,D,large,0.9833673354683337,0.7763479428246786,0.9499999999999998,0,1,0.9550811584492837,0.9550811584492837,0.9550811584492837,0.9550811584492837,0.9323218899163188,0.9323218899163188,0.8543349163704987,0.8543349163704987
7,10,10,1,2,A,B,B,large,0.33165746032606863,0.7661847105314278,0.633245046447168,0,1,0.37741869616698515,0.37741869616698515,0.633245046447168,0.6589601080273921,0.7423166911606729,0.7423166911606729,0.7542507008460504,0.7542507008460504
7,10,10,2,3,A,B,C,small,0.6835682884813831,0.15894206749342182,0.9499999999999998,0.1740083079965596,1,0.508814969599634,0.508814969599634,0.9550811584492837,0.9550811584492837,0.2865256060765715,0.2865256060765715,0.22273383678499667,0.22273383678499667
7,10,10,3,1,B,A,A,small,0.002784082717932276,0.2202678813422844,0.29736725040855183,0,1,0.2973672504085519,0.3213954104061712,0.9550811584492837,0.9550811584492837,0.2566297211120382,0.2566297211120382,0.23844880122716128,0.23844880122716128
7,10,10,4,4,B,A,D,large,1.0057642926069046,0.7265845514145608,0.9499999999999998,0,1,0.9550811584492837,0.9550811584492837,0.9550811584492837,0.9550811584492837,0.8543349163704987,0.8543349163704987,0.7904597338925298,0.7904597338925298
8,1,1,1,2,A,B,B,large,0.3395893999976912,0.8534100443261673,0.41908195628482164,0.22921590462841188,0,0.38997456511612405,0.38997456511612405,0.3273955944334569,0.422738109516731,0.7542507008460504,0.7542507008460504,0.7542507008460504,0.7542507008460504
8,1,1,2,4,B,A,D,large,1.0026407936187103,0.8776464894352646,0.3606651185251333,0.34158534766603166,1,0.22403097945872058,0.38699092190290085,0.298909270513648,0.298909270513648,0.7904597338925298,0.7904597338925298,0.8340531116638972,0.8340531116638972
8,1,1,3,1,A,B,A,small,-9.940644016531086e-4,0,0.617401159976017,1,0,0.358615180294046,0.358615180294046,0.21740115997601692,0.6209381195255098,0.23844880122716128,0.23844880122716128,0.23844880122716128,0.23844880122716128
8,1,1,4,3,B,A,C,small,0.6701890181106618,0,0.6390810631222843,1,1,0.2390810631222843,0.6646036595886471,0.2227671583216305,0.2227671583216305,0.22273383678499667,0.22273383678499667,0.11136691839249833,0.11136691839249833
8,1,2,1,1,B,A,A,small,-0.001097502472882179,0.3261028540518691,0.358615180294046,0,0,0.358615180294046,0.36207260286496923,0.6209381195255098,0.6209381195255098,0.23844880122716128,0.23844880122716128,0.23844880122716128,0.23844880122716128
8,1,2,2,3,A,B,C,small,0.6562169775414806,0.3137929137533536,0.22276715832163055,0,0,0.6646036595886471,0.6646036595886471,0.2227671583216305,0.2253750837342318,0.11136691839249833,0.11136691839249833,0.11136691839249833,0.11136691839249833
8,1,2,3,4,A,B,D,large,1.0170935940782375,1,0.698909270513648,1,0,0.38699092190290085,0.38699092190290085,0.298909270513648,0.7020563482935351,0.8340531116638972,0.8340531116638972,0.8340531116638972,0.8340531116638972
8,1,2,4,2,B,A,B,large,0.34100178969804756,0.4050866456039332,0.389974565116124,0,0,0.38997456511612405,0.3935488130271181,0.422738109516731,0.422738109516731,0.7542507008460504,0.7542507008460504,0.7542507008460504,0.7542507008460504
8,1,3,1,2,B,A,B,large,0.34118610211544154,0.34599490922744053,0.3935488130271181,0,0,0.3935488130271181,0.3971344934668266,0.422738109516731,0.422738109516731,0.7542507008460504,0.7542507008460504,0.7542507008460504,0.7542507008460504
8,1,3,2,1,A,B,A,small,0.009297103072390874,0,0.9499999999999998,1,1,0.36207260286496923,0.36207260286496923,0.6209381195255098,0.9550811584492837,0.23844880122716128,0.23844880122716128,0.11922440061358064,0.11922440061358064
8,1,3,3,3,A,B,C,small,0.6713007053430592,0.07248852401373174,0.4616310027603703,0.5906397975653462,0,0.6646036595886471,0.6646036595886471,0.2253750837342318,0.4653609968660085,0.11136691839249833,0.11136691839249833,0.11136691839249833,0.11136691839249833
8,1,3,4,4,B,A,D,large,1.0024030325068367,0.8044793713962503,0.3943097836660283,0.018297154407818653,1,0.38699092190290085,0.4214724371466339,0.7020563482935351,0.7020563482935351,0.8340531116638972,0.8340531116638972,0.8192662415300738,0.8192662415300738
8,1,4,1,3,B,A,C,small,0.6592764483022344,0,0.9499999999999998,1,1,0.6646036595886471,0.9550811584492837,0.4653609968660085,0.4653609968660085,0.11136691839249833,0.11136691839249833,0.05568345919624917,0.05568345919624917
8,1,4,2,4,A,B,D,large,0.9971035036373019,0.9010348961184051,0.8841809363884733,0.4553114702373454,1,0.4214724371466339,0.4214724371466339,0.7020563482935351,0.895213054742324,0.8192662415300738,0.8192662415300738,0.8601505688242395,0.8601505688242395
8,1,4,3,2,A,B,B,large,0.32800834885559,0.5922628251223038,0.422738109516731,0,1,0.3971344934668266,0.3971344934668266,0.422738109516731,0.45040284137085224,0.7542507008460504,0.7542507008460504,0.673256762984177,0.673256762984177
8,1,4,4,1,B,A,A,small,0.0016250974380702405,0.15634080344301643,0.4362812137354596,0.18552152717622591,0,0.36207260286496923,0.43997377252486053,0.9550811584492837,0.9550811584492837,0.11922440061358064,0.11922440061358064,0.11922440061358064,0.11922440061358064
8,1,5,1,4,B,A,D,large,0.98997709591099,1,0.8214724371466341,1,1,0.4214724371466339,0.837379128880051,0.895213054742324,0.895213054742324,0.8601505688242395,0.8601505688242395,0.9300752844121197,0.9300752844121197
8,1,5,2,3,A,B,C,small,0.6745659745968108,0.0031213673526422642,0.8578102929213929,0.9811232401384606,1,0.9550811584492837,0.9550811584492837,0.4653609968660085,0.8709877824201645,0.05568345919624917,0.05568345919624917,0.029402413274445715,0.029402413274445715
8,1,5,3,1,A,B,A,small,-0.005785490823629684,0.45441844208463583,0.9499999999999998,0,1,0.43997377252486053,0.43997377252486053,0.9550811584492837,0.9550811584492837,0.11922440061358064,0.11922440061358064,0.28682142134910826,0.28682142134910826
8,1,5,4,2,B,A,B,large,0.3475579638523502,0.8367241210476972,0.4591182312292618,0.15495934440608783,1,0.3971344934668266,0.48715458926832933,0.45040284137085224,0.45040284137085224,0.673256762984177,0.673256762984177,0.7549904420159371,0.7549904420159371
8,1,6,1,4,A,B,D,large,0.9937111144051005,1,0.9499999999999998,1,1,0.837379128880051,0.837379128880051,0.895213054742324,0.9550811584492837,0.9300752844121197,0.9300752844121197,0.9650376422060598,0.9650376422060598
8,1,6,2,3,B,A,C,small,0.6610474016563358,0,0.9499999999999998,1,1,0.9550811584492837,0.9550811584492837,0.8709877824201645,0.8709877824201645,0.029402413274445715,0.029402413274445715,0.014701206637222857,0.014701206637222857
8,1,6,3,2,A,B,B,large,0.31970691195299455,0.7132545796222466,0.45040284137085224,0,1,0.48715458926832933,0.48715458926832933,0.45040284137085224,0.4783776973244739,0.7549904420159371,0.7549904420159371,0.7341225108190919,0.7341225108190919
8,1,6,4,1,B,A,A,small,-0.003955667146509755,0.31016724381792266,0.43997377252486053,0,1,0.43997377252486053,0.46785228366798887,0.9550811584492837,0.9550811584492837,0.28682142134910826,0.28682142134910826,0.29849433258351543,0.29849433258351543
8,1,7,1,4,B,A,D,large,0.986554291950197,0.9179368797817653,0.9499999999999998,0.5408725489670461,1,0.837379128880051,0.9550811584492837,0.9550811584492837,0.9550811584492837,0.9650376422060598,0.9650376422060598,0.9414872609939126,0.9414872609939126
8,1,7,2,2,B,A,B,large,0.3399631136054432,0.8906862423069533,0.6488883571002639,0.4043344195798367,1,0.48715458926832933,0.6740711218764274,0.4783776973244739,0.4783776973244739,0.7341225108190919,0.7341225108190919,0.8124043765630226,0.8124043765630226
8,1,7,3,3,A,B,C,small,0.6704972035981811,0,0.9499999999999998,1,1,0.9550811584492837,0.9550811584492837,0.8709877824201645,0.9550811584492837,0.014701206637222857,0.014701206637222857,0.007350603318611429,0.007350603318611429
8,1,7,4,1,A,B,A,small,-0.014327062273448512,0.21362379437658535,0.9499999999999998,0,1,0.46785228366798887,0.46785228366798887,0.9550811584492837,0.9550811584492837,0.29849433258351543,0.29849433258351543,0.25605906348005036,0.25605906348005036
8,1,8,1,1,B,A,A,small,0.017558329984360622,0.21539111702936978,0.46785228366798887,0,0,0.46785228366798887,0.4715885131476504,0.9550811584492837,0.9550811584492837,0.25605906348005036,0.25605906348005036,0.25605906348005036,0.25605906348005036
8,1,8,2,2,B,A,B,large,0.33099968465711166,0.5448954661834856,0.6740711218764274,0,1,0.6740711218764274,0.6982875217494959,0.4783776973244739,0.4783776973244739,0.8124043765630226,0.8124043765630226,0.6786499213732541,0.6786499213732541
8,1,8,3,3,A,B,C,small,0.6546076923070979,0.05414553940735305,0.9499999999999998,0.6886870290737345,1,0.9550811584492837,0.9550811584492837,0.9550811584492837,0.9550811584492837,0.007350603318611429,0.007350603318611429,0.030748071362982236,0.030748071362982236
8,1,8,4,4,A,B,D,large,1.008164493718084,0.9828497413003777,0.9499999999999998,0.8977222519286396,1,0.9550811584492837,0.9550811584492837,0.9550811584492837,0.9550811584492837,0.9414872609939126,0.9414872609939126,0.9621685011471451,0.9621685011471451
8,1,9,1,4,B,A,D,large,1.0174343218889756,0.8856477408202762,0.9499999999999998,0.379894275240346,1,0.9550811584492837,0.9550811584492837,0.9550811584492837,0.9550811584492837,0.9621685011471451,0.9621685011471451,0.9239081209837107,0.9239081209837107
8,1,9,2,2,B,A,B,large,0.33553665037982555,0.9825995049041446,0.9499999999999998,0.8962557496755319,1,0.6982875217494959,0.9550811584492837,0.4783776973244739,0.4783776973244739,0.6786499213732541,0.6786499213732541,0.8306247131386993,0.8306247131386993
8,1,9,3,3,A,B,C,small,0.6781109197736753,0,0.9499999999999998,1,1,0.9550811584492837,0.9550811584492837,0.9550811584492837,0.9550811584492837,0.030748071362982236,0.030748071362982236,0.015374035681491118,0.015374035681491118
8,1,9,4,1,A,B,A,small,0.021585479844772833,0.19754046381970972,0.9499999999999998,0.010026318082677468,1,0.4715885131476504,0.4715885131476504,0.9550811584492837,0.9550811584492837,0.25605906348005036,0.25605906348005036,0.22679976364988003,0.22679976364988003
8,1,10,1,2,A,B,B,large,0.34048673966870835,0.8420504962124357,0.5497354327580639,0.17839433858397521,1,0.9550811584492837,0.9550811584492837,0.4783776973244739,0.5773982021122458,0.8306247131386993,0.8306247131386993,0.8363376046755675,0.8363376046755675
8,1,10,2,1,A,B,A,small,-0.004627282056097209,0.4709968795802603,0.9499999999999998,0,0,0.4715885131476504,0.4715885131476504,0.9550811584492837,0.9507077096900849,0.22679976364988003,0.22679976364988003,0.22679976364988003,0.22679976364988003
8,1,10,3,3,B,A,C,small,0.6650675342109377,0.01313839613600869,0.9499999999999998,0.9213341266820824,1,0.9550811584492837,0.9550811584492837,0.9550811584492837,0.9550811584492837,0.015374035681491118,0.015374035681491118,0.014256215908749904,0.014256215908749904
8,1,10,4,4,B,A,D,large,1.0157929420346223,0.9969193600929032,0.9499999999999998,0.9813687851576741,1,0.9550811584492837,0.9550811584492837,0.9550811584492837,0.9550811584492837,0.9239081209837107,0.9239081209837107,0.9604137405383069,0.9604137405383069
8,2,1,1,2,B,A,B,large,0.3183146282573088,0.4682980754347199,0.1484651405760682,0,0,0.1484651405760682,0.15037150577835254,0.2400636092890399,0.2400636092890399,0.8363376046755675,0.8363376046755675,0.8363376046755675,0.8363376046755675
8,2,1,2,3,A,B,C,small,0.6705005614717817,0.28874042061178945,0.25995902853951414,0,0,0.15328976799800323,0.15328976799800323,0.25995902853951414,0.2628551068804291,0.014256215908749904,0.014256215908749904,0.014256215908749904,0.014256215908749904
8,2,1,3,4,A,B,D,large,1.000794802576114,1,0.5141742376836548,1,0,0.14267563788632184,0.14267563788632184,0.11417423768365469,0.5179203573331115,0.9604137405383069,0.9604137405383069,0.9604137405383069,0.9604137405383069
8,2,1,4,1,B,A,A,small,-0.009369678076821127,0,0.6098008052111232,1,1,0.20980080521112315,0.6362153396838688,0.07890475645758312,0.07890475645758312,0.22679976364988003,0.22679976364988003,0.11339988182494001,0.11339988182494001
8,2,2,1,2,A,B,B,large,0.33755521400099536,0.5018374382907901,0.2400636092890399,0,0,0.15037150577835254,0.15037150577835254,0.2400636092890399,0.24281076515854447,0.8363376046755675,0.8363376046755675,0.8363376046755675,0.8363376046755675
8,2,2,2,3,B,A,C,small,0.6537277760116537,0.5103641794430833,0.15328976799800323,0,0,0.15328976799800323,0.15524678931911198,0.2628551068804291,0.2628551068804291,0.014256215908749904,0.014256215908749904,0.014256215908749904,0.014256215908749904
8,2,2,3,1,B,A,A,small,0.009114323896459522,0.18547508942638877,0.6601880136942485,0.059931685025949206,1,0.6362153396838688,0.6849538182314796,0.07890475645758312,0.07890475645758312,0.11339988182494001,0.11339988182494001,0.1494374856256644,0.1494374856256644
8,2,2,4,4,A,B,D,large,1.0111708405249862,1,0.9179203573331115,1,0,0.14267563788632184,0.14267563788632184,0.5179203573331115,0.9190434345469336,0.9604137405383069,0.9604137405383069,0.9604137405383069,0.9604137405383069
8,2,3,1,3,A,B,C,small,0.6514728813490634,0.049401620977276184,0.5487091769908321,0.7146351752760073,0,0.15524678931911198,0.15524678931911198,0.2628551068804291,0.5524208067827008,0.014256215908749904,0.014256215908749904,0.014256215908749904,0.014256215908749904
8,2,3,2,2,A,B,B,large,0.3303341504065707,1,0.6428107651585445,1,1,0.15037150577835254,0.15037150577835254,0.24281076515854447,0.6682065443492473,0.8363376046755675,0.8363376046755675,0.9181688023377838,0.9181688023377838
8,2,3,3,4,B,A,D,large,0.9966774008263368,0.908079546035271,0.3389242975508789,0.4906216491613925,0,0.14267563788632184,0.3422931933644217,0.9190434345469336,0.9190434345469336,0.9604137405383069,0.9604137405383069,0.9604137405383069,0.9604137405383069
8,2,3,4,1,B,A,A,small,-0.00257485974340034,0,0.9499999999999998,1,1,0.6849538182314796,0.9550811584492837,0.07890475645758312,0.07890475645758312,0.1494374856256644,0.1494374856256644,0.0747187428128322,0.0747187428128322
8,2,4,1,2,B,A,B,large,0.3191449494836225,0.8757842673718512,0.28347425630550904,0.3327568763178913,1,0.15037150577835254,0.3068701069028056,0.6682065443492473,0.6682065443492473,0.9181688023377838,0.9181688023377838,0.8969765348548175,0.8969765348548175
8,2,4,2,1,A,B,A,small,-0.015095421671251812,0.11823209393014791,0.2234013871297714,0.3612415766804707,0,0.9550811584492837,0.9550811584492837,0.07890475645758312,0.22601457831886534,0.0747187428128322,0.0747187428128322,0.0747187428128322,0.0747187428128322
8,2,4,3,3,B,A,C,small,0.6811615418336556,0.07997074696336368,0.37591364854300624,0.5516671480597357,1,0.15524678931911198,0.40265149710379206,0.5524208067827008,0.5524208067827008,0.014256215908749904,0.014256215908749904,0.04711348143605679,0.04711348143605679
8,2,4,4,4,A,B,D,large,1.0091861848651826,0.6956935796562913,0.9190434345469336,0,1,0.3422931933644217,0.3422931933644217,0.9190434345469336,0.9270288549229138,0.9604137405383069,0.9604137405383069,0.8280536600972991,0.8280536600972991
8,2,5,1,3,A,B,C,small,0.6634815400363592,0,0.9499999999999998,1,1,0.40265149710379206,0.40265149710379206,0.5524208067827008,0.9550811584492837,0.04711348143605679,0.04711348143605679,0.023556740718028393,0.023556740718028393
8,2,5,2,2,A,B,B,large,0.33547865218768214,0.8632143412229802,0.7778134998529515,0.27401738875926074,1,0.3068701069028056,0.3068701069028056,0.6682065443492473,0.7966472225005711,0.8969765348548175,0.8969765348548175,0.8800954380388989,0.8800954380388989
8,2,5,3,1,B,A,A,small,-0.009049662428667142,0.11683307153144698,0.9499999999999998,0.36795083880877394,1,0.9550811584492837,0.9550811584492837,0.22601457831886534,0.22601457831886534,0.0747187428128322,0.0747187428128322,0.09577590717213959,0.09577590717213959
8,2,5,4,4,B,A,D,large,0.9969172263278512,0.9860338710144613,0.7088719809728717,0.916446969021125,1,0.3422931933644217,0.7315325125946744,0.9270288549229138,0.9270288549229138,0.8280536600972991,0.8280536600972991,0.9070437655558802,0.9070437655558802
8,2,6,1,4,A,B,D,large,1.0011887561466972,0.9453404884765517,0.9499999999999998,0.6858904725667322,1,0.7315325125946744,0.7315325125946744,0.9270288549229138,0.9550811584492837,0.9070437655558802,0.9070437655558802,0.9261921270162159,0.9261921270162159
8,2,6,2,3,B,A,C,small,0.6718884019464454,0.0028119390131138267,0.7958472088108949,0.9829892792677569,1,0.40265149710379206,0.8135187881781665,0.9550811584492837,0.9550811584492837,0.023556740718028393,0.023556740718028393,0.01318433986557111,0.01318433986557111
8,2,6,3,2,A,B,B,large,0.32167329138203127,1,0.9499999999999998,1,1,0.3068701069028056,0.3068701069028056,0.7966472225005711,0.9550811584492837,0.8800954380388989,0.8800954380388989,0.9400477190194494,0.9400477190194494
8,2,6,4,1,B,A,A,small,0.008065914459452447,0.12549826462579988,0.9499999999999998,0.3266957076181493,1,0.9550811584492837,0.9550811584492837,0.22601457831886534,0.22601457831886534,0.09577590717213959,0.09577590717213959,0.11063708589896973,0.11063708589896973
8,2,7,1,3,B,A,C,small,0.6552851323723798,0.008330400589060103,0.9499999999999998,0.9498823710018389,1,0.8135187881781665,0.9550811584492837,0.9550811584492837,0.9550811584492837,0.01318433986557111,0.01318433986557111,0.010757370227315606,0.010757370227315606
8,2,7,2,4,A,B,D,large,1.0118638167252947,0.8294603337570418,0.9499999999999998,0.12339984232666996,1,0.7315325125946744,0.7315325125946744,0.9550811584492837,0.9550811584492837,0.9261921270162159,0.9261921270162159,0.8778262303866289,0.8778262303866289
8,2,7,3,1,A,B,A,small,-0.009499728119169337,0.04747513070744394,0.5161118288255416,0.7252431262666907,0,0.9550811584492837,0.9550811584492837,0.22601457831886534,0.5198569596255852,0.11063708589896973,0.11063708589896973,0.11063708589896973,0.11063708589896973
8,2,7,4,2,B,A,B,large,0.33028155128899234,0.9169706177655413,0.521231230495133,0.5359028089808183,1,0.3068701069028056,0.5492091918956815,0.9550811584492837,0.9550811584492837,0.9400477190194494,0.9400477190194494,0.9285091683924953,0.9285091683924953
8,2,8,1,1,B,A,A,small,0.002711418783628457,0.25677015947402754,0.9499999999999998,0,1,0.9550811584492837,0.9550811584492837,0.5198569596255852,0.5198569596255852,0.11063708589896973,0.11063708589896973,0.18370362268649865,0.18370362268649865
8,2,8,2,4,A,B,D,large,1.0025747636829434,0.9327185634791374,0.9499999999999998,0.6181081726924453,1,0.7315325125946744,0.7315325125946744,0.9550811584492837,0.9550811584492837,0.8778262303866289,0.8778262303866289,0.9052723969328831,0.9052723969328831
8,2,8,3,3,A,B,C,small,0.6716353606086146,0,0.9499999999999998,1,1,0.9550811584492837,0.9550811584492837,0.9550811584492837,0.9550811584492837,0.010757370227315606,0.010757370227315606,0.005378685113657803,0.005378685113657803
8,2,8,4,2,B,A,B,large,0.3401789348396069,1,0.9492091918956816,1,1,0.5492091918956815,0.9543668544742391,0.9550811584492837,0.9550811584492837,0.9285091683924953,0.9285091683924953,0.9642545841962477,0.9642545841962477
8,2,9,1,2,B,A,B,large,0.3248571365193943,0.9581965628896824,0.9499999999999998,0.7567118662997783,1,0.9543668544742391,0.9550811584492837,0.9550811584492837,0.9550811584492837,0.9642545841962477,0.9642545841962477,0.961225573542965,0.961225573542965
8,2,9,2,4,A,B,D,large,0.996088587299493,0.6403767048507861,0.9499999999999998,0,0,0.7315325125946744,0.7315325125946744,0.9550811584492837,0.9507077096900849,0.9052723969328831,0.9052723969328831,0.9052723969328831,0.9052723969328831
8,2,9,3,3,B,A,C,small,0.6552703606821312,0,0.9499999999999998,1,1,0.9550811584492837,0.9550811584492837,0.9550811584492837,0.9550811584492837,0.005378685113657803,0.005378685113657803,0.0026893425568289015,0.0026893425568289015
8,2,9,4,1,A,B,A,small,0.008719397736687439,0.14800553807364797,0.608984785382314,0.22281956439182204,0,0.9550811584492837,0.9550811584492837,0.5198569596255852,0.6125507237740928,0.18370362268649865,0.18370362268649865,0.18370362268649865,0.18370362268649865
8,2,10,1,3,A,B,C,small,0.690244400949625,0,0.9499999999999998,1,1,0.9550811584492837,0.9550811584492837,0.9550811584492837,0.9550811584492837,0.0026893425568289015,0.0026893425568289015,0.0013446712784144508,0.0013446712784144508
8,2,10,2,2,A,B,B,large,0.32450127303806586,1,0.9499999999999998,1,1,0.9550811584492837,0.9550811584492837,0.9550811584492837,0.9550811584492837,0.961225573542965,0.961225573542965,0.9806127867714824,0.9806127867714824
8,2,10,3,4,B,A,D,large,1.0060938473678613,0.8666444496575362,0.8474925625304666,0.28990012483948063,1,0.7315325125946744,0.8614718347837821,0.9507077096900849,0.9507077096900849,0.9052723969328831,0.9052723969328831,0.8859584232952096,0.8859584232952096
8,2,10,4,1,B,A,A,small,0.011145985888067292,0.0895968572162851,0.9499999999999998,0.5023778403159207,1,0.9550811584492837,0.9550811584492837,0.6125507237740928,0.6125507237740928,0.18370362268649865,0.18370362268649865,0.13665023995139186,0.13665023995139186
8,3,1,1,4,A,B,D,large,0.9874270227358022,1,0.5264904362164079,1,0,0.35461969972690366,0.35461969972690366,0.1264904362164077,0.5302283546961691,0.8859584232952096,0.8859584232952096,0.8859584232952096,0.8859584232952096
8,3,1,2,1,B,A,A,small,-0.008798110899327367,0.2537146056510643,0.18079869700823914,0,0,0.18079869700823914,0.18303100139223502,0.234082661919492,0.234082661919492,0.13665023995139186,0.13665023995139186,0.13665023995139186,0.13665023995139186
8,3,1,3,2,A,B,B,large,0.349257079626284,1,0.8768189781970939,1,1,0.5582632871188333,0.5582632871188333,0.4768189781970938,0.8884638855515177,0.9806127867714824,0.9806127867714824,0.9903063933857412,0.9903063933857412
8,3,1,4,3,B,A,C,small,0.6546484878503914,0,0.6925262455952604,1,1,0.2925262455952604,0.7159492581071475,0.21455644444501382,0.21455644444501382,0.0013446712784144508,0.0013446712784144508,6.723356392072254e-4,6.723356392072254e-4
8,3,2,1,3,A,B,C,small,0.6670893560520864,0,0.6145564444450138,1,0,0.7159492581071475,0.7159492581071475,0.21455644444501382,0.6181034352948229,6.723356392072254e-4,6.723356392072254e-4,6.723356392072254e-4,6.723356392072254e-4
8,3,2,2,1,B,A,A,small,0.002837104656928553,0.40858683198619633,0.18303100139223505,0,1,0.18303100139223502,0.2004561907467643,0.234082661919492,0.234082661919492,0.13665023995139186,0.13665023995139186,0.2726185359687941,0.2726185359687941
8,3,2,3,4,B,A,D,large,1.0066722869865614,1,0.7546196997269037,1,1,0.35461969972690366,0.7748503567338555,0.5302283546961691,0.5302283546961691,0.8859584232952096,0.8859584232952096,0.9429792116476048,0.9429792116476048
8,3,2,4,2,A,B,B,large,0.3313078585335985,0.8034268829951359,0.8940571848125782,0.013983248152651557,1,0.5582632871188333,0.5582632871188333,0.8884638855515177,0.9042504351854189,0.9903063933857412,0.9903063933857412,0.8968666381904385,0.8968666381904385
8,3,3,1,3,B,A,C,small,0.655731545041201,0,0.9499999999999998,1,1,0.7159492581071475,0.9550811584492837,0.6181034352948229,0.6181034352948229,6.723356392072254e-4,6.723356392072254e-4,3.361678196036127e-4,3.361678196036127e-4
8,3,3,2,4,B,A,D,large,0.9849792683790439,0.7672284121091396,0.7748503567338555,0,0,0.7748503567338555,0.7774564229180408,0.5302283546961691,0.5302283546961691,0.9429792116476048,0.9429792116476048,0.9429792116476048,0.9429792116476048
8,3,3,3,2,A,B,B,large,0.3266789202473773,1,0.9499999999999998,1,1,0.5582632871188333,0.5582632871188333,0.9042504351854189,0.9550811584492837,0.8968666381904385,0.8968666381904385,0.9484333190952192,0.9484333190952192
8,3,3,4,1,A,B,A,small,0.009907124459871129,0,0.634082661919492,1,1,0.2004561907467643,0.2004561907467643,0.234082661919492,0.6597705481460576,0.2726185359687941,0.2726185359687941,0.13630926798439705,0.13630926798439705
8,3,4,1,3,B,A,C,small,0.664819208927624,0,0.9499999999999998,1,0,0.9550811584492837,0.9507077096900849,0.6181034352948229,0.6181034352948229,3.361678196036127e-4,3.361678196036127e-4,3.361678196036127e-4,3.361678196036127e-4
8,3,4,2,4,A,B,D,large,0.9859997170162378,0.6341082176812054,0.5302283546961691,0,0,0.7774564229180408,0.7774564229180408,0.5302283546961691,0.5339628850419544,0.9429792116476048,0.9429792116476048,0.9429792116476048,0.9429792116476048
8,3,4,3,1,B,A,A,small,0.007909222606466792,0.239331846250543,0.2004561907467643,0,0,0.2004561907467643,0.20287109862304617,0.6597705481460576,0.6597705481460576,0.13630926798439705,0.13630926798439705,0.13630926798439705,0.13630926798439705
8,3,4,4,2,A,B,B,large,0.33216058885357547,1,0.9499999999999998,1,1,0.5582632871188333,0.5582632871188333,0.9550811584492837,0.9550811584492837,0.9484333190952192,0.9484333190952192,0.9742166595476096,0.9742166595476096
8,3,5,1,1,B,A,A,small,0.0024227876589636398,0,0.6028710986230462,1,0,0.20287109862304617,0.6064567615318992,0.6597705481460576,0.6597705481460576,0.13630926798439705,0.13630926798439705,0.13630926798439705,0.13630926798439705
8,3,5,2,4,A,B,D,large,0.9984566501519814,1,0.9339628850419545,1,1,0.7774564229180408,0.7774564229180408,0.5339628850419544,0.9405718358278348,0.9429792116476048,0.9429792116476048,0.9714896058238024,0.9714896058238024
8,3,5,3,3,B,A,C,small,0.6609642413976728,0.22791021980027193,0.9499999999999998,0,1,0.9507077096900849,0.9550811584492837,0.6181034352948229,0.6181034352948229,3.361678196036127e-4,3.361678196036127e-4,0.11412319380993777,0.11412319380993777
8,3,5,4,2,A,B,B,large,0.33049409891730397,0.7949141092493539,0.9499999999999998,0,1,0.5582632871188333,0.5582632871188333,0.9550811584492837,0.9550811584492837,0.9742166595476096,0.9742166595476096,0.8845653843984818,0.8845653843984818
8,3,6,1,2,A,B,B,large,0.3220652236994495,1,0.9499999999999998,1,1,0.5582632871188333,0.5582632871188333,0.9550811584492837,0.9550811584492837,0.8845653843984818,0.8845653843984818,0.9422826921992409,0.9422826921992409
8,3,6,2,3,A,B,C,small,0.6663445852988912,0.003268011398658216,0.9499999999999998,0.980239291524785,1,0.9550811584492837,0.9550811584492837,0.6181034352948229,0.9550811584492837,0.11412319380993777,0.11412319380993777,0.05869560260429799,0.05869560260429799
8,3,6,3,4,B,A,D,large,1.0050985515783761,0.9427016231173005,0.9499999999999998,0.6715774123696703,1,0.7774564229180408,0.9550811584492837,0.9405718358278348,0.9405718358278348,0.9714896058238024,0.9714896058238024,0.9570956144705515,0.9570956144705515
8,3,6,4,1,B,A,A,small,-0.0051770049233078866,0.28444179319971186,0.6064567615318992,0,1,0.6064567615318992,0.6329614161000771,0.6597705481460576,0.6597705481460576,0.13630926798439705,0.13630926798439705,0.21037553059205444,0.21037553059205444
8,3,7,1,4,A,B,D,large,1.0083790811997773,0.9679203179341692,0.9499999999999998,0.8115006018302113,1,0.9550811584492837,0.9550811584492837,0.9405718358278348,0.9550811584492837,0.9570956144705515,0.9570956144705515,0.9625079662023603,0.9625079662023603
8,3,7,2,3,B,A,C,small,0.6499202791042351,0.050938466888736045,0.9499999999999998,0.7062020062425941,1,0.9550811584492837,0.9550811584492837,0.9550811584492837,0.9550811584492837,0.05869560260429799,0.05869560260429799,0.054817034746517015,0.054817034746517015
8,3,7,3,2,B,A,B,large,0.33134371931367845,0.9559944199494289,0.8560437348645155,0.7444511193642053,1,0.5582632871188333,0.8693600076965248,0.9550811584492837,0.9550811584492837,0.9422826921992409,0.9422826921992409,0.9491385560743348,0.9491385560743348
8,3,7,4,1,A,B,A,small,-0.010723406204765322,0.06764465415301171,0.90624368246975,0.6161828358092308,1,0.6329614161000771,0.6329614161000771,0.6597705481460576,0.9153753950138763,0.21037553059205444,0.21037553059205444,0.1390100923725331,0.1390100923725331
8,3,8,1,1,A,B,A,small,-0.016776111884866458,0.137771914622727,0.9499999999999998,0.26947077275361186,1,0.6329614161000771,0.6329614161000771,0.9153753950138763,0.9550811584492837,0.1390100923725331,0.1390100923725331,0.13839100349763006,0.13839100349763006
8,3,8,2,3,A,B,C,small,0.6752676776468443,0.11410569254011327,0.9499999999999998,0.3810845678790559,1,0.9550811584492837,0.9550811584492837,0.9550811584492837,0.9550811584492837,0.054817034746517015,0.054817034746517015,0.08446136364331513,0.08446136364331513
8,3,8,3,4,B,A,D,large,1.0146788149815782,0.9671464229487884,0.9499999999999998,0.8071009392113592,1,0.9550811584492837,0.9550811584492837,0.9550811584492837,0.9550811584492837,0.9625079662023603,0.9625079662023603,0.9648271945755744,0.9648271945755744
8,3,8,4,2,B,A,B,large,0.3334136448762375,0.9390900683361982,0.9499999999999998,0.6521105755006193,1,0.8693600076965248,0.9550811584492837,0.9550811584492837,0.9550811584492837,0.9491385560743348,0.9491385560743348,0.9441143122052665,0.9441143122052665
8,3,9,1,3,A,B,C,small,0.6728251501556506,0,0.9499999999999998,1,1,0.9550811584492837,0.9550811584492837,0.9550811584492837,0.9550811584492837,0.08446136364331513,0.08446136364331513,0.04223068182165757,0.04223068182165757
8,3,9,2,1,B,A,A,small,-0.008569455483139424,0.11930707862309128,0.7754010298801013,0.35609903445006047,1,0.6329614161000771,0.7943851885357409,0.9550811584492837,0.9550811584492837,0.13839100349763006,0.13839100349763006,0.12884904106036066,0.12884904106036066
8,3,9,3,4,A,B,D,large,1.0005626323399566,1,0.9499999999999998,1,1,0.9550811584492837,0.9550811584492837,0.9550811584492837,0.9550811584492837,0.9648271945755744,0.9648271945755744,0.9824135972877872,0.9824135972877872
8,3,9,4,2,B,A,B,large,0.329372526045334,0.9517545932975231,0.9499999999999998,0.7209968039104641,1,0.9550811584492837,0.9550811584492837,0.9550811584492837,0.9550811584492837,0.9441143122052665,0.9441143122052665,0.9479344527513949,0.9479344527513949
8,3,10,1,4,A,B,D,large,0.9956063962147842,1,0.9499999999999998,1,1,0.9550811584492837,0.9550811584492837,0.9550811584492837,0.9550811584492837,0.9824135972877872,0.9824135972877872,0.9912067986438936,0.9912067986438936
8,3,10,2,3,B,A,C,small,0.6770542642327748,0.14152422922218505,0.9499999999999998,0.2522544283085154,1,0.9550811584492837,0.9550811584492837,0.9550811584492837,0.9550811584492837,0.04223068182165757,0.04223068182165757,0.09187745552192131,0.09187745552192131
8,3,10,3,1,A,B,A,small,0.013490306153880595,0.1677694043843185,0.9499999999999998,0.13538194592893132,1,0.7943851885357409,0.7943851885357409,0.9550811584492837,0.9550811584492837,0.12884904106036066,0.12884904106036066,0.1483092227223396,0.1483092227223396
8,3,10,4,2,B,A,B,large,0.31639208964563803,0.977192164591571,0.9499999999999998,0.8647448343985005,1,0.9550811584492837,0.9550811584492837,0.9550811584492837,0.9550811584492837,0.9479344527513949,0.9479344527513949,0.9625633086714829,0.9625633086714829
8,4,1,1,3,B,A,C,small,0.6632743714883701,0,0.9183522626894893,1,1,0.5183522626894892,0.9264003993727411,0.2484112155765191,0.2484112155765191,0.09187745552192131,0.09187745552192131,0.045938727760960654,0.045938727760960654
8,4,1,2,1,B,A,A,small,-0.005652510365457763,0,0.5229146924721698,1,1,0.12291469247216975,0.5508790438050835,0.15372250430337878,0.15372250430337878,0.1483092227223396,0.1483092227223396,0.0741546113611698,0.0741546113611698
8,4,1,3,2,A,B,B,large,0.32782875748497836,1,0.6264971053575074,1,1,0.13137711106586156,0.13137711106586156,0.22649710535750733,0.6524256073693094,0.9625633086714829,0.9625633086714829,0.9812816543357414,0.9812816543357414
8,4,1,4,4,A,B,D,large,0.9992530735590831,1,0.5210332200944034,1,0,0.44013605100959285,0.44013605100959285,0.12103322009440347,0.5247753333544526,0.9912067986438936,0.9912067986438936,0.9912067986438936,0.9912067986438936
8,4,2,1,4,B,A,D,large,0.9833532293162418,0.601752252868581,0.4401360510095928,0,0,0.44013605100959285,0.4438355482561655,0.5247753333544526,0.5247753333544526,0.9912067986438936,0.9912067986438936,0.9912067986438936,0.9912067986438936
8,4,2,2,1,B,A,A,small,-0.005033268491366324,0,0.9499999999999998,1,1,0.5508790438050835,0.9550811584492837,0.15372250430337878,0.15372250430337878,0.0741546113611698,0.0741546113611698,0.0370773056805849,0.0370773056805849
8,4,2,3,2,A,B,B,large,0.34419906665180855,0.9231158001659461,0.8794949698867491,0.5676734062935991,1,0.13137711106586156,0.13137711106586156,0.6524256073693094,0.8909183741837718,0.9812816543357414,0.9812816543357414,0.9521987272508438,0.9521987272508438
8,4,2,4,3,A,B,C,small,0.6741575173862931,0.03271863171308068,0.5715582657744732,0.8078676254948851,1,0.9264003993727411,0.9264003993727411,0.2484112155765191,0.5988586363223245,0.045938727760960654,0.045938727760960654,0.03932867973702067,0.03932867973702067
8,4,3,1,2,B,A,B,large,0.34135991236757685,0.9008852617042852,0.31320384480687163,0.4545668343525251,0,0.13137711106586156,0.31643945808723306,0.8909183741837718,0.8909183741837718,0.9521987272508438,0.9521987272508438,0.9521987272508438,0.9521987272508438
8,4,3,2,4,A,B,D,large,1.0039675510494233,1,0.9247753333544525,1,1,0.4438355482561655,0.4438355482561655,0.5247753333544526,0.9322370557892399,0.9912067986438936,0.9912067986438936,0.9956033993219469,0.9956033993219469
8,4,3,3,1,A,B,A,small,0.006880105368126884,0.2173906734463022,0.15372250430337878,0,0,0.9550811584492837,0.9550811584492837,0.15372250430337878,0.15568403447074855,0.0370773056805849,0.0370773056805849,0.0370773056805849,0.0370773056805849
8,4,3,4,3,B,A,C,small,0.6638939769171004,0,0.9499999999999998,1,1,0.9264003993727411,0.9550811584492837,0.5988586363223245,0.5988586363223245,0.03932867973702067,0.03932867973702067,0.019664339868510336,0.019664339868510336
8,4,4,1,2,A,B,B,large,0.32385637982295695,1,0.9499999999999998,1,1,0.31643945808723306,0.31643945808723306,0.8909183741837718,0.9550811584492837,0.9521987272508438,0.9521987272508438,0.9760993636254218,0.9760993636254218
8,4,4,2,1,B,A,A,small,0.005210589628241878,0.18372424330276008,0.9499999999999998,0.0672741929304717,1,0.9550811584492837,0.9550811584492837,0.15568403447074855,0.15568403447074855,0.0370773056805849,0.0370773056805849,0.11040077449167249,0.11040077449167249
8,4,4,3,3,B,A,C,small,0.683062679774183,0.010423291403473261,0.9499999999999998,0.9374217490839774,0,0.9550811584492837,0.9507077096900849,0.5988586363223245,0.5988586363223245,0.019664339868510336,0.019664339868510336,0.019664339868510336,0.019664339868510336
8,4,4,4,4,A,B,D,large,1.0037956477884815,1,0.9499999999999998,1,1,0.4438355482561655,0.4438355482561655,0.9322370557892399,0.9550811584492837,0.9956033993219469,0.9956033993219469,0.9978016996609734,0.9978016996609734
8,4,5,1,2,A,B,B,large,0.32459400516170916,0.8362187409532562,0.9499999999999998,0.15274871218797664,1,0.31643945808723306,0.31643945808723306,0.9550811584492837,0.9550811584492837,0.9760993636254218,0.9760993636254218,0.906159052289339,0.906159052289339
8,4,5,2,1,B,A,A,small,-0.00797503912706011,0,0.9499999999999998,1,1,0.9550811584492837,0.9550811584492837,0.15568403447074855,0.15568403447074855,0.11040077449167249,0.11040077449167249,0.055200387245836244,0.055200387245836244
8,4,5,3,4,B,A,D,large,1.030285821825682,0.9365180877663007,0.6991686197601189,0.6383326787598835,1,0.4438355482561655,0.7222885391889968,0.9550811584492837,0.9550811584492837,0.9978016996609734,0.9978016996609734,0.9671598937136371,0.9671598937136371
8,4,5,4,3,A,B,C,small,0.6830282561946337,0.0970052400941148,0.784892666410635,0.4650850752207764,1,0.9507077096900849,0.9507077096900849,0.5988586363223245,0.8032780880198247,0.019664339868510336,0.019664339868510336,0.05833478998131257,0.05833478998131257
8,4,6,1,4,B,A,D,large,0.9848515661204553,0.969353341160244,0.9499999999999998,0.8196654690994362,1,0.7222885391889968,0.9550811584492837,0.9550811584492837,0.9550811584492837,0.9671598937136371,0.9671598937136371,0.9682566174369405,0.9682566174369405
8,4,6,2,1,B,A,A,small,-0.006917081437521938,0,0.9499999999999998,1,1,0.9550811584492837,0.9550811584492837,0.15568403447074855,0.15568403447074855,0.055200387245836244,0.055200387245836244,0.027600193622918122,0.027600193622918122
8,4,6,3,3,A,B,C,small,0.663676895504717,0.17513499977727756,0.8447459461473822,0.10366964531889371,1,0.9507077096900849,0.9507077096900849,0.8032780880198247,0.8589350753387108,0.05833478998131257,0.05833478998131257,0.11673489487929506,0.11673489487929506
8,4,6,4,2,A,B,B,large,0.320385493339646,0.9569015805281342,0.9499999999999998,0.7494953263284098,1,0.31643945808723306,0.31643945808723306,0.9550811584492837,0.9550811584492837,0.906159052289339,0.906159052289339,0.9315303164087366,0.9315303164087366
8,4,7,1,4,B,A,D,large,0.9997625861823523,0.9083879730842092,0.9499999999999998,0.49217898678744065,1,0.9550811584492837,0.9550811584492837,0.9550811584492837,0.9550811584492837,0.9682566174369405,0.9682566174369405,0.9383222952605748,0.9383222952605748
8,4,7,2,3,B,A,C,small,0.6638045614344998,0.07636571438579715,0.9499999999999998,0.5703718816371717,1,0.9507077096900849,0.9550811584492837,0.8589350753387108,0.8589350753387108,0.11673489487929506,0.11673489487929506,0.0965503046325461,0.0965503046325461
8,4,7,3,2,A,B,B,large,0.3451957103359034,1,0.9499999999999998,1,1,0.31643945808723306,0.31643945808723306,0.9550811584492837,0.9550811584492837,0.9315303164087366,0.9315303164087366,0.9657651582043683,0.9657651582043683
8,4,7,4,1,A,B,A,small,0.013460500106075943,0.21074452797213403,0.15568403447074855,0,0,0.9550811584492837,0.9550811584492837,0.15568403447074855,0.15766593102795243,0.027600193622918122,0.027600193622918122,0.027600193622918122,0.027600193622918122
8,4,8,1,4,B,A,D,large,1.0149697474658848,0.9546563602865867,0.9499999999999998,0.7370276112096167,1,0.9550811584492837,0.9550811584492837,0.9550811584492837,0.9550811584492837,0.9383222952605748,0.9383222952605748,0.9464893277735807,0.9464893277735807
8,4,8,2,2,B,A,B,large,0.33356856929689654,1,0.716439458087233,1,1,0.31643945808723306,0.7387280611621327,0.9550811584492837,0.9550811584492837,0.9657651582043683,0.9657651582043683,0.9828825791021841,0.9828825791021841
8,4,8,3,1,A,B,A,small,0.008746287170453882,0.015764178711821307,0.5200093845858557,0.9058586338947581,0,0.9550811584492837,0.9550811584492837,0.15766593102795243,0.5237521854094142,0.027600193622918122,0.027600193622918122,0.027600193622918122,0.027600193622918122
8,4,8,4,3,A,B,C,small,0.6723274507055551,0.17066851962388604,0.9080727281516544,0.1228441320323593,1,0.9550811584492837,0.9550811584492837,0.8589350753387108,0.9170426020888325,0.0965503046325461,0.0965503046325461,0.1336094121282161,0.1336094121282161
8,4,9,1,4,A,B,D,large,1.0080307222415985,1,0.9499999999999998,1,1,0.9550811584492837,0.9550811584492837,0.9550811584492837,0.9550811584492837,0.9464893277735807,0.9464893277735807,0.9732446638867904,0.9732446638867904
8,4,9,2,3,B,A,C,small,0.6719920575834453,0.08643179294107281,0.9499999999999998,0.51847956670070094,1,0.9550811584492837,0.9550811584492837,0.9170426020888325,0.9170426020888325,0.1336094121282161,0.1336094121282161,0.11002060253464445,0.11002060253464445
8,4,9,3,2,A,B,B,large,0.33658836533269165,1,0.9499999999999998,1,1,0.7387280611621327,0.7387280611621327,0.9550811584492837,0.9550811584492837,0.9828825791021841,0.9828825791021841,0.991441289551092,0.991441289551092
8,4,9,4,1,B,A,A,small,-0.021483982356380476,0.3393668144128237,0.9499999999999998,0,1,0.9550811584492837,0.9550811584492837,0.5237521854094142,0.5237521854094142,0.027600193622918122,0.027600193622918122,0.1834835040178709,0.1834835040178709
8,4,10,1,2,A,B,B,large,0.3270501753061493,1,0.9499999999999998,1,1,0.7387280611621327,0.7387280611621327,0.9550811584492837,0.9550811584492837,0.991441289551092,0.991441289551092,0.995720644775546,0.995720644775546
8,4,10,2,3,A,B,C,small,0.657254503556114,0.16040401115612718,0.9499999999999998,0.16756397450718305,1,0.9550811584492837,0.9550811584492837,0.9170426020888325,0.9550811584492837,0.11002060253464445,0.11002060253464445,0.13521230684538582,0.13521230684538582
8,4,10,3,1,B,A,A,small,-8.930738158795987e-4,0.7693463471834078,0.9499999999999998,0,1,0.9550811584492837,0.9550811584492837,0.5237521854094142,0.5237521854094142,0.1834835040178709,0.1834835040178709,0.47641492560063936,0.47641492560063936
8,4,10,4,4,B,A,D,large,1.0034298703220108,1,0.9499999999999998,1,1,0.9550811584492837,0.9550811584492837,0.9550811584492837,0.9550811584492837,0.9732446638867904,0.9732446638867904,0.9866223319433952,0.9866223319433952
8,5,1,1,3,B,A,C,small,0.6630267903472745,0,0.5281859712230673,1,1,0.1281859712230674,0.5561036327932541,0.2936750828037824,0.2936750828037824,0.13521230684538582,0.13521230684538582,0.06760615342269291,0.06760615342269291
8,5,1,2,2,B,A,B,large,0.3421475368657815,0.8510342147622693,0.26817745615799965,0.21849096346833094,1,0.18078107077066727,0.2908232394873037,0.09354399143272818,0.09354399143272818,0.995720644775546,0.995720644775546,0.9233774297689077,0.9233774297689077
8,5,1,3,4,A,B,D,large,0.9940093842605884,0.8844404309564361,0.3136045153522916,0.3740744911781115,0,0.36262177440047116,0.36262177440047116,0.163974718881047,0.31684235828204005,0.9866223319433952,0.9866223319433952,0.9866223319433952,0.9866223319433952
8,5,1,4,1,A,B,A,small,0.003575796562336284,0.9435110401915096,0.16624389021851982,-0.675959616977083,1,0.07656437334008509,0.07656437334008509,0.43662773700935303,0.18242776146401654,0.47641492560063936,0.47641492560063936,0.7099629828960745,0.7099629828960745
8,5,2,1,4,A,B,D,large,0.9981209806202553,1,0.71684235828204,1,1,0.36262177440047116,0.36262177440047116,0.31684235828204005,0.7391108245153523,0.9866223319433952,0.9866223319433952,0.9933111659716976,0.9933111659716976
8,5,2,2,1,B,A,A,small,0.007007719711871409,0.018027212318932614,0.43359881858182187,0.892586113104342,1,0.07656437334008509,0.4614061958265042,0.18242776146401654,0.18242776146401654,0.7099629828960745,0.7099629828960745,0.36399509760750354,0.36399509760750354
8,5,2,3,3,B,A,C,small,0.6557229968838548,0,0.9499999999999998,1,1,0.5561036327932541,0.9550811584492837,0.2936750828037824,0.2936750828037824,0.06760615342269291,0.06760615342269291,0.033803076711346455,0.033803076711346455
8,5,2,4,2,A,B,B,large,0.31977779836431686,1,0.49354399143272815,1,0,0.2908232394873037,0.2908232394873037,0.09354399143272818,0.4972936590443181,0.9233774297689077,0.9233774297689077,0.9233774297689077,0.9233774297689077
8,5,3,1,4,A,B,D,large,1.0105049461786988,0.5922625614322733,0.7391108245153523,0,0,0.36262177440047116,0.36262177440047116,0.7391108245153523,0.7419928239232397,0.9933111659716976,0.9933111659716976,0.9933111659716976,0.9933111659716976
8,5,3,2,3,B,A,C,small,0.6590603149233585,0,0.9499999999999998,1,1,0.9550811584492837,0.9550811584492837,0.2936750828037824,0.2936750828037824,0.033803076711346455,0.033803076711346455,0.016901538355673228,0.016901538355673228
8,5,3,3,1,B,A,A,small,-0.004823799841412006,0.39169872088613933,0.4614061958265042,0,0,0.4614061958265042,0.4651359428450919,0.18242776146401654,0.18242776146401654,0.36399509760750354,0.36399509760750354,0.36399509760750354,0.36399509760750354
8,5,3,4,2,A,B,B,large,0.33303235112625007,0.671758882107683,0.4972936590443181,0,1,0.2908232394873037,0.2908232394873037,0.4972936590443181,0.5253967576898829,0.9233774297689077,0.9233774297689077,0.7975681559382953,0.7975681559382953
8,5,4,1,3,A,B,C,small,0.6625971943214443,0.007108334611138753,0.6765480607806063,0.9571824449420597,0,0.9550811584492837,0.9550811584492837,0.2936750828037824,0.6798217915695686,0.016901538355673228,0.016901538355673228,0.016901538355673228,0.016901538355673228
8,5,4,2,1,A,B,A,small,-0.003028686212541273,0.3600731422320826,0.18242776146401654,0,0,0.4651359428450919,0.4651359428450919,0.18242776146401654,0.18467564539901754,0.36399509760750354,0.36399509760750354,0.36399509760750354,0.36399509760750354
8,5,4,3,4,B,A,D,large,0.9964710961460954,0.7965040098305197,0.36262177440047116,0,0,0.36262177440047116,0.3660957763935881,0.7419928239232397,0.7419928239232397,0.9933111659716976,0.9933111659716976,0.9933111659716976,0.9933111659716976
8,5,4,4,2,B,A,B,large,0.3453015551339053,1,0.6908232394873037,1,0,0.2908232394873037,0.6940178329179658,0.5253967576898829,0.5253967576898829,0.7975681559382953,0.7975681559382953,0.7975681559382953,0.7975681559382953
8,5,5,1,2,B,A,B,large,0.34112158200408566,0.6157632503738304,0.6940178329179658,0,0,0.6940178329179658,0.6971938864095983,0.5253967576898829,0.5253967576898829,0.7975681559382953,0.7975681559382953,0.7975681559382953,0.7975681559382953
8,5,5,2,4,A,B,D,large,1.0199093905098058,1,0.9499999999999998,1,1,0.3660957763935881,0.3660957763935881,0.7419928239232397,0.9550811584492837,0.9933111659716976,0.9933111659716976,0.9966555829858488,0.9966555829858488
8,5,5,3,3,A,B,C,small,0.6829349439836461,0.01580108258622264,0.9499999999999998,0.905641713293463,1,0.9550811584492837,0.9550811584492837,0.6798217915695686,0.9550811584492837,0.016901538355673228,0.016901538355673228,0.016351310470947934,0.016351310470947934
8,5,5,4,1,B,A,A,small,0.016405061068915663,0.0053075777471955,0.8523247137342777,0.9679719272229643,1,0.4651359428450919,0.8659311260825118,0.18467564539901754,0.18467564539901754,0.36399509760750354,0.36399509760750354,0.1846513376773495,0.1846513376773495
8,5,6,1,3,A,B,C,small,0.6552709584641428,0,0.9499999999999998,1,1,0.9550811584492837,0.9550811584492837,0.9550811584492837,0.9550811584492837,0.016351310470947934,0.016351310470947934,0.008175655235473967,0.008175655235473967
8,5,6,2,2,B,A,B,large,0.327924809428054,0.7532621649103721,0.6971938864095983,0,1,0.6971938864095983,0.7204048805415095,0.5253967576898829,0.5253967576898829,0.7975681559382953,0.7975681559382953,0.7754151604243338,0.7754151604243338
8,5,6,3,1,A,B,A,small,-0.007792966017153886,0.1441508458111799,0.2807875048883297,0.24027964872328036,0,0.8659311260825118,0.8659311260825118,0.18467564539901754,0.283826629345592,0.1846513376773495,0.1846513376773495,0.1846513376773495,0.1846513376773495
8,5,6,4,4,B,A,D,large,0.9933362922176274,0.8740568363999518,0.49593448493968106,0.32459677136523246,0,0.3660957763935881,0.49968439538269405,0.9550811584492837,0.9550811584492837,0.9966555829858488,0.9966555829858488,0.9966555829858488,0.9966555829858488
8,5,7,1,4,B,A,D,large,1.002007365778313,0.8009944527213618,0.5013035776942951,0.004047955779002647,1,0.49968439538269405,0.5293946458454563,0.9550811584492837,0.9550811584492837,0.9966555829858488,0.9966555829858488,0.8988250178536052,0.8988250178536052
8,5,7,2,1,A,B,A,small,0.016872226125217354,0.061069882752083096,0.54432729409299,0.6512516618684948,0,0.8659311260825118,0.8659311260825118,0.283826629345592,0.5480452786231119,0.1846513376773495,0.1846513376773495,0.1846513376773495,0.1846513376773495
8,5,7,3,2,A,B,B,large,0.3209645568062865,0.79092404483481,0.5253967576898829,0,1,0.7204048805415095,0.7204048805415095,0.5253967576898829,0.5533398933397619,0.7754151604243338,0.7754151604243338,0.7831696026295719,0.7831696026295719
8,5,7,4,3,B,A,C,small,0.6709916722432375,0.06356869117616458,0.9499999999999998,0.637869045661168,1,0.9550811584492837,0.9550811584492837,0.9550811584492837,0.9550811584492837,0.008175655235473967,0.008175655235473967,0.03587217320581927,0.03587217320581927
8,5,8,1,3,A,B,C,small,0.6664086844212616,0,0.9499999999999998,1,1,0.9550811584492837,0.9550811584492837,0.9550811584492837,0.9550811584492837,0.03587217320581927,0.03587217320581927,0.017936086602909636,0.017936086602909636
8,5,8,2,1,A,B,A,small,-0.023557152773903543,0.16128678773105135,0.6135179817486446,0.16368175781383162,1,0.8659311260825118,0.8659311260825118,0.5480452786231119,0.6398295062883895,0.1846513376773495,0.1846513376773495,0.17296906270420043,0.17296906270420043
8,5,8,3,4,B,A,D,large,0.9958940100302663,0.8713521471583077,0.654145345336038,0.3118767487264542,1,0.5293946458454563,0.6791375055516813,0.9550811584492837,0.9550811584492837,0.8988250178536052,0.8988250178536052,0.8850885825059565,0.8850885825059565
8,5,8,4,2,B,A,B,large,0.3241870195440327,0.6765136454747348,0.7204048805415095,0,1,0.7204048805415095,0.7424938210870108,0.5533398933397619,0.5533398933397619,0.7831696026295719,0.7831696026295719,0.7298416240521534,0.7298416240521534
8,5,9,1,4,B,A,D,large,0.9931397640650078,0.7990381101004322,0.6791375055516813,0,0,0.6791375055516813,0.6823973313857203,0.9550811584492837,0.9550811584492837,0.8850885825059565,0.8850885825059565,0.8850885825059565,0.8850885825059565
8,5,9,2,1,B,A,A,small,0.00700903764992967,0.4363422748234656,0.8659311260825118,0,1,0.8659311260825118,0.8784626450704512,0.6398295062883895,0.6398295062883895,0.17296906270420043,0.17296906270420043,0.304655668763833,0.304655668763833
8,5,9,3,3,A,B,C,small,0.6628615114425768,0,0.9499999999999998,1,1,0.9550811584492837,0.9550811584492837,0.9550811584492837,0.9550811584492837,0.017936086602909636,0.017936086602909636,0.008968043301454818,0.008968043301454818
8,5,9,4,2,A,B,B,large,0.3202722190910472,0.6745672771885066,0.5533398933397619,0,1,0.7424938210870108,0.7424938210870108,0.5533398933397619,0.5809500195668439,0.7298416240521534,0.7298416240521534,0.70220445062033,0.70220445062033
8,5,10,1,4,A,B,D,large,1.0155309106768886,0.5208165620924855,0.9499999999999998,0,1,0.6823973313857203,0.6823973313857203,0.9550811584492837,0.9550811584492837,0.8850885825059565,0.8850885825059565,0.7029525722992209,0.7029525722992209
8,5,10,2,1,B,A,A,small,-0.007826552336973616,0.13230289478104618,0.9499999999999998,0.29479621974432085,1,0.8784626450704512,0.9550811584492837,0.6398295062883895,0.6398295062883895,0.304655668763833,0.304655668763833,0.21847928177243958,0.21847928177243958
8,5,10,3,2,B,A,B,large,0.3211909558677478,0.7210764841204343,0.7424938210870108,0,0,0.7424938210870108,0.7453513248051057,0.5809500195668439,0.5809500195668439,0.70220445062033,0.70220445062033,0.70220445062033,0.70220445062033
8,5,10,4,3,A,B,C,small,0.6651351994459365,0.07021623500416715,0.9499999999999998,0.6025913826346414,1,0.9550811584492837,0.9550811584492837,0.9550811584492837,0.9550811584492837,0.008968043301454818,0.008968043301454818,0.039592139152810985,0.039592139152810985
8,6,1,1,2,A,B,B,large,0.3467782343313151,0.8416212644662805,0.36075494318862744,0.176496541852184,0,0.24824733013432468,0.24824733013432468,0.2901563264477538,0.3642212804623103,0.70220445062033,0.70220445062033,0.70220445062033,0.70220445062033
8,6,1,2,3,A,B,C,small,0.6581514330013286,0,0.574327486717842,1,1,0.099507162418519493,0.099507162418519493,0.17432748671784193,0.6015744066264502,0.039592139152810985,0.039592139152810985,0.019796069576405492,0.019796069576405492
8,6,1,3,4,B,A,D,large,0.9973083454201701,0.38242381063327185,0.12369026357228595,0,0,0.12369026357228594,0.12532532700333887,0.2310942027557197,0.2310942027557197,0.7029525722992209,0.7029525722992209,0.7029525722992209,0.7029525722992209
8,6,1,4,1,B,A,A,small,0.006129895718835654,0.6402485035340002,0.3786750888080628,0,0,0.3786750888080628,0.3822106607995688,0.3485176286518405,0.3485176286518405,0.21847928177243958,0.21847928177243958,0.21847928177243958,0.21847928177243958
8,6,2,1,2,A,B,B,large,0.3254433449207232,0.8988119794900952,0.541930209015018,0.4442723213817691,0,0.24824733013432468,0.24824733013432468,0.3642212804623103,0.5456514266345399,0.70220445062033,0.70220445062033,0.70220445062033,0.70220445062033
8,6,2,2,1,B,A,A,small,-0.003963721532435028,0.2180705913280052,0.3822106607995688,0,1,0.3822106607995688,0.40910279782459263,0.3485176286518405,0.3485176286518405,0.21847928177243958,0.21847928177243958,0.2182749365502224,0.2182749365502224
8,6,2,3,4,B,A,D,large,0.9899852578501163,0.8626901363844008,0.23396520714629865,0.27159970035739955,0,0.12532532700333887,0.23666430970102037,0.2310942027557197,0.2310942027557197,0.7029525722992209,0.7029525722992209,0.7029525722992209,0.7029525722992209
8,6,2,4,3,A,B,C,small,0.6746284821761521,0.011246802388877798,0.9499999999999998,0.9325330230645085,1,0.099507162418519493,0.099507162418519493,0.6015744066264502,0.9550811584492837,0.019796069576405492,0.019796069576405492,0.015521435982641645,0.015521435982641645
8,6,3,1,4,B,A,D,large,0.9874981818495093,0.29929372148628813,0.23666430970102037,0,1,0.23666430970102037,0.257585659759795,0.2310942027557197,0.2310942027557197,0.7029525722992209,0.7029525722992209,0.5011231468927545,0.5011231468927545
8,6,3,2,1,A,B,A,small,-0.009206403809941333,0.14363664501847273,0.4455652076578995,0.24261894751514732,1,0.40910279782459263,0.40910279782459263,0.3485176286518405,0.47349845986214983,0.2182749365502224,0.2182749365502224,0.18095579078434756,0.18095579078434756
8,6,3,3,3,B,A,C,small,0.6838728464528966,0,0.49950716241851956,1,1,0.099507162418519493,0.5276040657008725,0.9550811584492837,0.9550811584492837,0.015521435982641645,0.015521435982641645,0.007760717991320823,0.007760717991320823
8,6,3,4,2,A,B,B,large,0.33645969382875324,0.8578742584926097,0.6454540545566408,0.24950656980525235,1,0.24824733013432468,0.24824733013432468,0.5456514266345399,0.6707581573016481,0.70220445062033,0.70220445062033,0.7800393545564699,0.7800393545564699
8,6,4,1,4,A,B,D,large,1.0009214876328414,0.031247282174165964,0,-0.8162404777058014,0,0.257585659759795,0.257585659759795,0.2310942027557197,0,0.5011231468927545,0.5011231468927545,0.5011231468927545,0.5011231468927545
8,6,4,2,2,B,A,B,large,0.34148068493347533,0.9229398374061418,0.474950625275858,0.5667582378538335,0,0.24824733013432468,0.47869254904019787,0.6707581573016481,0.6707581573016481,0.7800393545564699,0.7800393545564699,0.7800393545564699,0.7800393545564699
8,6,4,3,1,B,A,A,small,-0.006073848545680657,0,0.8091027978245926,1,1,0.40910279782459263,0.825878006067741,0.47349845986214983,0.47349845986214983,0.18095579078434756,0.18095579078434756,0.09047789539217378,0.09047789539217378
8,6,4,4,3,A,B,C,small,0.6741829849415261,0,0.9499999999999998,1,1,0.5276040657008725,0.5276040657008725,0.9550811584492837,0.9550811584492837,0.007760717991320823,0.007760717991320823,0.0038803589956604113,0.0038803589956604113
8,6,5,1,1,A,B,A,small,0.002601649987172298,0.002483311795610897,0.8674874055043982,0.9849723641056208,1,0.825878006067741,0.825878006067741,0.47349845986214983,0.8798936343864118,0.09047789539217378,0.09047789539217378,0.04648060359389234,0.04648060359389234
8,6,5,2,2,A,B,B,large,0.3283287804691684,0.6530694808995734,0.6707581573016482,0,0,0.47869254904019787,0.47869254904019787,0.6707581573016481,0.6740622570958477,0.7800393545564699,0.7800393545564699,0.7800393545564699,0.7800393545564699
8,6,5,3,4,B,A,D,large,0.9933856877575733,0.5230245841903746,0.257585659759795,0,0,0.257585659759795,0.26046460355339457,0,0,0.5011231468927545,0.5011231468927545,0.5011231468927545,0.5011231468927545
8,6,5,4,3,B,A,C,small,0.6647679853462669,0,0.9276040657008724,1,1,0.5276040657008725,0.9348049801421747,0.9550811584492837,0.9550811584492837,0.0038803589956604113,0.0038803589956604113,0.0019401794978302057,0.0019401794978302057
8,6,6,1,3,A,B,C,small,0.6645856364226694,0,0.9499999999999998,1,1,0.9348049801421747,0.9348049801421747,0.9550811584492837,0.9550811584492837,0.0019401794978302057,0.0019401794978302057,9.700897489151028e-4,9.700897489151028e-4
8,6,6,2,1,B,A,A,small,0.007111908131582545,0,0.9499999999999998,1,0,0.825878006067741,0.9507077096900849,0.8798936343864118,0.8798936343864118,0.04648060359389234,0.04648060359389234,0.04648060359389234,0.04648060359389234
8,6,6,3,2,B,A,B,large,0.3175655572913781,0.930309902445161,0.7208391357149739,0.6053664666869403,0,0.47869254904019787,0.723847564766118,0.6740622570958477,0.6740622570958477,0.7800393545564699,0.7800393545564699,0.7800393545564699,0.7800393545564699
8,6,6,4,4,A,B,D,large,0.9884699087560727,0,0,-1,0,0.26046460355339457,0.26046460355339457,0,0,0.5011231468927545,0.5011231468927545,0.5011231468927545,0.5011231468927545
8,6,7,1,1,A,B,A,small,-0.012044133800344043,0.10734922690099827,0.9499999999999998,0.4139306581388157,1,0.9507077096900849,0.9507077096900849,0.8798936343864118,0.9550811584492837,0.04648060359389234,0.04648060359389234,0.0769149152474453,0.0769149152474453
8,6,7,2,2,A,B,B,large,0.33658050582831195,0.6443692763437776,0.6740622570958477,0,1,0.723847564766118,0.723847564766118,0.6740622570958477,0.6982790208006121,0.7800393545564699,0.7800393545564699,0.7122043154501237,0.7122043154501237
8,6,7,3,4,B,A,D,large,1.0036942190697438,0,0,-1,0,0.26046460355339457,0,0,0,0.5011231468927545,0.5011231468927545,0.5011231468927545,0.5011231468927545
8,6,7,4,3,B,A,C,small,0.6682157156427727,0.008895419161483792,0.9499999999999998,0.9465132304969472,1,0.9348049801421747,0.9550811584492837,0.9550811584492837,0.9550811584492837,9.700897489151028e-4,9.700897489151028e-4,0.004932754455199447,0.004932754455199447
8,6,8,1,4,A,B,D,large,0.9945271728482168,0.6138292764698611,0,0,0,0,0,0,0,0.5011231468927545,0.5011231468927545,0.5011231468927545,0.5011231468927545
8,6,8,2,1,A,B,A,small,-0.0278577067760763,0.11709890461918132,0.9499999999999998,0.3666745436282082,1,0.9507077096900849,0.9507077096900849,0.9550811584492837,0.9550811584492837,0.0769149152474453,0.0769149152474453,0.09700690993331332,0.09700690993331332
8,6,8,3,2,B,A,B,large,0.32184721740358535,0.9694292718102933,0.9499999999999998,0.820098748657556,1,0.723847564766118,0.9550811584492837,0.6982790208006121,0.6982790208006121,0.7122043154501237,0.7122043154501237,0.8408167936302084,0.8408167936302084
8,6,8,4,3,B,A,C,small,0.6723789224616935,0.03063551772225335,0.9499999999999998,0.8197290390243309,1,0.9550811584492837,0.9550811584492837,0.9550811584492837,0.9550811584492837,0.004932754455199447,0.004932754455199447,0.017784136088726397,0.017784136088726397
8,6,9,1,4,B,A,D,large,0.9931948576852248,0.4590102895274051,0,0,0,0,0,0,0,0.5011231468927545,0.5011231468927545,0.5011231468927545,0.5011231468927545
8,6,9,2,2,A,B,B,large,0.35201272114641374,0.8937126622478538,0.8659323964204875,0.4191334390496883,1,0.9550811584492837,0.9550811584492837,0.6982790208006121,0.8784638133344355,0.8408167936302084,0.8408167936302084,0.8672647279390311,0.8672647279390311
8,6,9,3,1,A,B,A,small,-0.005456049665935835,0.13917657581776094,0.9499999999999998,0.2630107807372558,1,0.9507077096900849,0.9507077096900849,0.9550811584492837,0.9550811584492837,0.09700690993331332,0.09700690993331332,0.11809174287553713,0.11809174287553713
8,6,9,4,3,B,A,C,small,0.6634101031529025,0.020058938240335944,0.9499999999999998,0.8807212626129991,1,0.9550811584492837,0.9550811584492837,0.9550811584492837,0.9550811584492837,0.017784136088726397,0.017784136088726397,0.01892153716453117,0.01892153716453117
8,6,10,1,1,B,A,A,small,-0.00757205869301373,0.010387742691200907,0.9499999999999998,0.937632963331805,1,0.9507077096900849,0.9550811584492837,0.9550811584492837,0.9550811584492837,0.11809174287553713,0.11809174287553713,0.06423974278336902,0.06423974278336902
8,6,10,2,2,A,B,B,large,0.34308914379060185,0.8237372651642201,0.9180059453341183,0.09885532999920704,1,0.9550811584492837,0.9550811584492837,0.8784638133344355,0.9260854714725295,0.8672647279390311,0.8672647279390311,0.8455009965516256,0.8455009965516256
8,6,10,3,3,A,B,C,small,0.6703191016594101,0.014464261122311903,0.9499999999999998,0.9135097598730985,1,0.9550811584492837,0.9550811584492837,0.9550811584492837,0.9550811584492837,0.01892153716453117,0.01892153716453117,0.016692899143421536,0.016692899143421536
8,6,10,4,4,B,A,D,large,0.9965082801552213,1,0.4,1,0,0,0.403605340410737,0,0,0.5011231468927545,0.5011231468927545,0.5011231468927545,0.5011231468927545
8,7,1,1,1,A,B,A,small,0.011149651684695828,0.05460042110067102,0.44758241483201133,0.6862118412596988,0,0.5027424876698392,0.5027424876698392,0.17309767832813175,0.4512940495145056,0.06423974278336902,0.06423974278336902,0.06423974278336902,0.06423974278336902
8,7,1,2,4,B,A,D,large,1.004306246268488,0.3909475592270141,0.3075127399817643,0,0,0.3075127399817643,0.31071615899908306,0.2460723854779559,0.2460723854779559,0.5011231468927545,0.5011231468927545,0.5011231468927545,0.5011231468927545
8,7,1,3,2,A,B,B,large,0.3290295918976034,0.7305740653063807,0.2875551444688842,0,0,0.33786326758267593,0.33786326758267593,0.28755514446888425,0.2906379182087959,0.8455009965516256,0.8455009965516256,0.8455009965516256,0.8455009965516256
8,7,1,4,3,B,A,C,small,0.6807605669022181,0,0.507524101912983,1,0,0.10752410191298299,0.5112727593650649,0.37876443988902486,0.37876443988902486,0.016692899143421536,0.016692899143421536,0.016692899143421536,0.016692899143421536
8,7,2,1,4,A,B,D,large,1.0010432676379561,0,0,-1,0,0.31071615899908306,0.31071615899908306,0.2460723854779559,0,0.5011231468927545,0.5011231468927545,0.5011231468927545,0.5011231468927545
8,7,2,2,1,B,A,A,small,-0.01580720706752081,0,0.9027424876698393,1,1,0.5027424876698392,0.91218216588665,0.4512940495145056,0.4512940495145056,0.06423974278336902,0.06423974278336902,0.03211987139168451,0.03211987139168451
8,7,2,3,3,A,B,C,small,0.6653343530401032,0,0.7787644398890249,1,0,0.5112727593650649,0.5112727593650649,0.37876443988902486,0.7813379862428941,0.016692899143421536,0.016692899143421536,0.016692899143421536,0.016692899143421536
8,7,2,4,2,B,A,B,large,0.31840988463806313,0.8298960402764826,0.38797526344098243,0.1252799896457663,0,0.33786326758267593,0.3915429484577344,0.2906379182087959,0.2906379182087959,0.8455009965516256,0.8455009965516256,0.8455009965516256,0.8455009965516256
8,7,3,1,2,A,B,B,large,0.3263506740827134,1,0.6906379182087959,1,1,0.3915429484577344,0.3915429484577344,0.2906379182087959,0.7141454040578713,0.8455009965516256,0.8455009965516256,0.9227504982758128,0.9227504982758128
8,7,3,2,4,B,A,D,large,1.016202114019206,0.27973426263234386,0.31071615899908306,0,0,0.31071615899908306,0.31393782013210736,0,0,0.5011231468927545,0.5011231468927545,0.5011231468927545,0.5011231468927545
8,7,3,3,1,B,A,A,small,0.023919507260404038,0,0.9499999999999998,1,1,0.91218216588665,0.9550811584492837,0.4512940495145056,0.4512940495145056,0.03211987139168451,0.03211987139168451,0.016059935695842256,0.016059935695842256
8,7,3,4,3,A,B,C,small,0.6547621305296353,0.06304822958408876,0.9499999999999998,0.6406509175778992,0,0.5112727593650649,0.5112727593650649,0.7813379862428941,0.9507077096900849,0.016692899143421536,0.016692899143421536,0.016692899143421536,0.016692899143421536
8,7,4,1,4,A,B,D,large,1.00357757321853,0.33211118796934486,0,0,0,0.31393782013210736,0.31393782013210736,0,0,0.5011231468927545,0.5011231468927545,0.5011231468927545,0.5011231468927545
8,7,4,2,1,A,B,A,small,-0.006850432505578539,0.09964422131738845,0.6320675378200515,0.4519337207638652,1,0.9550811584492837,0.9550811584492837,0.4512940495145056,0.6578205479120793,0.016059935695842256,0.016059935695842256,0.057852078506615355,0.057852078506615355
8,7,4,3,3,B,A,C,small,0.6777111952572737,0,0.9112727593650649,1,1,0.5112727593650649,0.9199579106920607,0.9507077096900849,0.9507077096900849,0.016692899143421536,0.016692899143421536,0.008346449571710768,0.008346449571710768
8,7,4,4,2,B,A,B,large,0.347915707304315,0.8953014142026451,0.562318257983188,0.42693827381363414,1,0.3915429484577344,0.5897848315816137,0.7141454040578713,0.7141454040578713,0.9227504982758128,0.9227504982758128,0.9090259562392289,0.9090259562392289
8,7,5,1,4,A,B,D,large,0.9868257328931042,0.8389153618909676,0.06582806125185907,0.16457015312964768,1,0.31393782013210736,0.31393782013210736,0,0.0730934291530051,0.5011231468927545,0.5011231468927545,0.670019254391861,0.670019254391861
8,7,5,2,2,A,B,B,large,0.34158914233174736,1,0.9499999999999998,1,1,0.5897848315816137,0.5897848315816137,0.7141454040578713,0.9550811584492837,0.9090259562392289,0.9090259562392289,0.9545129781196144,0.9545129781196144
8,7,5,3,1,B,A,A,small,-0.0019503648062099254,0.08092760725798973,0.9499999999999998,0.5467250792560143,1,0.9550811584492837,0.9550811584492837,0.6578205479120793,0.6578205479120793,0.057852078506615355,0.057852078506615355,0.06938984288230254,0.06938984288230254
8,7,5,4,3,B,A,C,small,0.6607935535107166,0.001923626739729806,0.9499999999999998,0.9883527577723177,1,0.9199579106920607,0.9550811584492837,0.9507077096900849,0.9507077096900849,0.008346449571710768,0.008346449571710768,0.005135038155720287,0.005135038155720287
8,7,6,1,3,A,B,C,small,0.6806591667927313,0.18510728642342522,0.9499999999999998,0.06147200467108619,1,0.9550811584492837,0.9550811584492837,0.9507077096900849,0.9550811584492837,0.005135038155720287,0.005135038155720287,0.09512116228957275,0.09512116228957275
8,7,6,2,2,B,A,B,large,0.3308915406260689,0.9803236168560392,0.942965479925997,0.8829516208609581,1,0.5897848315816137,0.9487229228548278,0.9550811584492837,0.9550811584492837,0.9545129781196144,0.9545129781196144,0.9674182974878268,0.9674182974878268
8,7,6,3,1,A,B,A,small,-0.005291017701742697,0.10700135446531349,0.8240740920436109,0.4156338603288289,1,0.9550811584492837,0.9550811584492837,0.6578205479120793,0.8397941853912616,0.06938984288230254,0.06938984288230254,0.08819559867380802,0.08819559867380802
8,7,6,4,4,B,A,D,large,1.0119130625602404,0.9044398606105738,0.5028642986757179,0.47231619635902633,0,0.31393782013210736,0.5066139442054535,0.0730934291530051,0.0730934291530051,0.670019254391861,0.670019254391861,0.670019254391861,0.670019254391861
8,7,7,1,4,A,B,D,large,1.0006003077524106,0.4762242427605113,0.0730934291530051,0,0,0.5066139442054535,0.5066139442054535,0.0730934291530051,0.074116221222064,0.670019254391861,0.670019254391861,0.670019254391861,0.670019254391861
8,7,7,2,1,A,B,A,small,0.00748665725397925,0.19879123163436094,0.8417627415382869,0.004921390367563122,1,0.9550811584492837,0.9550811584492837,0.8397941853912616,0.8561780957707038,0.08819559867380802,0.08819559867380802,0.14349341515408448,0.14349341515408448
8,7,7,3,2,B,A,B,large,0.3280790919696704,1,0.9499999999999998,1,1,0.9487229228548278,0.9550811584492837,0.9550811584492837,0.9550811584492837,0.9674182974878268,0.9674182974878268,0.9837091487439134,0.9837091487439134
8,7,7,4,3,B,A,C,small,0.656749279825323,0.18783285679150907,0.9499999999999998,0.05008447437948174,1,0.9550811584492837,0.9550811584492837,0.9550811584492837,0.9550811584492837,0.09512116228957275,0.09512116228957275,0.1414770095405409,0.1414770095405409
8,7,8,1,2,B,A,B,large,0.3262764771763714,0.9909882027356313,0.9499999999999998,0.9458197540365173,1,0.9550811584492837,0.9550811584492837,0.9550811584492837,0.9550811584492837,0.9837091487439134,0.9837091487439134,0.9873486757397723,0.9873486757397723
8,7,8,2,4,A,B,D,large,1.0213648743179917,0.7197517094455987,0.074116221222064,0,0,0.5066139442054535,0.5066139442054535,0.074116221222064,0.07515216477613372,0.670019254391861,0.670019254391861,0.670019254391861,0.670019254391861
8,7,8,3,3,B,A,C,small,0.6766857751182322,0.16462590992409395,0.9499999999999998,0.14905902691630685,1,0.9550811584492837,0.9550811584492837,0.9550811584492837,0.9550811584492837,0.1414770095405409,0.1414770095405409,0.15305145973231743,0.15305145973231743
8,7,8,4,1,A,B,A,small,-0.01834190729578772,0.1300261726803326,0.9499999999999998,0.3054209958479858,1,0.9550811584492837,0.9550811584492837,0.8561780957707038,0.9550811584492837,0.14349341515408448,0.14349341515408448,0.13675979391720855,0.13675979391720855
8,7,9,1,2,B,A,B,large,0.3323796674012927,0.9379035153287425,0.9499999999999998,0.6457454980391767,1,0.9550811584492837,0.9550811584492837,0.9550811584492837,0.9550811584492837,0.9873486757397723,0.9873486757397723,0.9626260955342574,0.9626260955342574
8,7,9,2,1,B,A,A,small,-0.01194879802612904,0,0.9499999999999998,1,1,0.9550811584492837,0.9550811584492837,0.9550811584492837,0.9550811584492837,0.13675979391720855,0.13675979391720855,0.06837989695860427,0.06837989695860427
8,7,9,3,3,A,B,C,small,0.66176065484582,0.10932835647171793,0.9499999999999998,0.40426324926033486,1,0.9550811584492837,0.9550811584492837,0.9550811584492837,0.9550811584492837,0.15305145973231743,0.15305145973231743,0.1311899081020177,0.1311899081020177
8,7,9,4,4,A,B,D,large,1.0087130928818353,0.8319371100073364,0.12879592396457562,0.13410939797110472,0,0.5066139442054535,0.5066139442054535,0.07515216477613372,0.1304884292119395,0.670019254391861,0.670019254391861,0.670019254391861,0.670019254391861
8,7,10,1,2,B,A,B,large,0.3337620667546572,1,0.9499999999999998,1,1,0.9550811584492837,0.9550811584492837,0.9550811584492837,0.9550811584492837,0.9626260955342574,0.9626260955342574,0.9813130477671287,0.9813130477671287
8,7,10,2,1,A,B,A,small,0.003706165974239211,0.019443716293214747,0.9499999999999998,0.8843089411061836,1,0.9550811584492837,0.9550811584492837,0.9550811584492837,0.9550811584492837,0.06837989695860427,0.06837989695860427,0.04391180662590951,0.04391180662590951
8,7,10,3,4,B,A,D,large,0.9932646294337875,0.8423719405577578,0.5785405976062041,0.17981663350187665,1,0.5066139442054535,0.6057029835747282,0.1304884292119395,0.1304884292119395,0.670019254391861,0.670019254391861,0.7561955974748094,0.7561955974748094
8,7,10,4,3,A,B,C,small,0.6641708395468485,0.19549201899884994,0.9499999999999998,0.01841454537475196,1,0.9550811584492837,0.9550811584492837,0.9550811584492837,0.9550811584492837,0.1311899081020177,0.1311899081020177,0.16334096355043382,0.16334096355043382
8,8,1,1,2,A,B,B,large,0.3299917649030387,0.633276160807761,0.06688263068263953,0,1,0.243614749037565,0.243614749037565,0.06688263068263951,0.07425513850945009,0.9813130477671287,0.9813130477671287,0.8072946042874448,0.8072946042874448
8,8,1,2,4,B,A,D,large,1.0021101585184669,0.18862337063883255,0.1131404367279619,-0.046793275552337976,0,0.13185774694889707,0.11465428823693136,0.13438261745528618,0.13438261745528618,0.7561955974748094,0.7561955974748094,0.7561955974748094,0.7561955974748094
8,8,1,3,3,A,B,C,small,0.6659908378228105,0.6859350065617145,0.3092603004932072,0,0,0.11771037329949496,0.11771037329949496,0.3092603004932072,0.3124737096178553,0.16334096355043382,0.16334096355043382,0.16334096355043382,0.16334096355043382
8,8,1,4,1,B,A,A,small,-0.012080725223530266,1,0,-1,0,0.2389656745061005,0,0.42816045812313375,0.42816045812313375,0.04391180662590951,0.04391180662590951,0.04391180662590951,0.04391180662590951
8,8,2,1,4,B,A,D,large,0.9973726268919633,0.9047252668750325,0.3041530123267695,0.47374681022459525,1,0.11465428823693136,0.32847315326018045,0.13438261745528618,0.13438261745528618,0.7561955974748094,0.7561955974748094,0.8304604321749209,0.8304604321749209
8,8,2,2,2,B,A,B,large,0.33741795585384987,1,0.643614749037565,1,1,0.243614749037565,0.6689828017614713,0.07425513850945009,0.07425513850945009,0.8072946042874448,0.8072946042874448,0.9036473021437224,0.9036473021437224
8,8,2,3,1,A,B,A,small,-0.010417490401809313,0,0.8281604581231338,1,1,0,0,0.42816045812313375,0.8435847155456081,0.04391180662590951,0.04391180662590951,0.021955903312954755,0.021955903312954755
8,8,2,4,3,A,B,C,small,0.6737774737115925,0.8813129532077275,0.16884818531088983,-0.3590638107674138,0,0.11771037329949496,0.11771037329949496,0.3124737096178553,0.1709637312822855,0.16334096355043382,0.16334096355043382,0.16334096355043382,0.16334096355043382
8,8,3,1,1,A,B,A,small,-0.011899898755180882,0,0.9499999999999998,1,1,0,0,0.8435847155456081,0.9550811584492837,0.021955903312954755,0.021955903312954755,0.010977951656477377,0.010977951656477377
8,8,3,2,3,A,B,C,small,0.6627171240714109,0.23562253861015187,0.1709637312822855,0,0,0.11771037329949496,0.11771037329949496,0.1709637312822855,0.17310026317773064,0.16334096355043382,0.16334096355043382,0.16334096355043382,0.16334096355043382
8,8,3,3,4,B,A,D,large,0.9894656389808145,0.37824915757473854,0.32847315326018045,0,0,0.32847315326018045,0.3317903038823477,0.13438261745528618,0.13438261745528618,0.8304604321749209,0.8304604321749209,0.8304604321749209,0.8304604321749209
8,8,3,4,2,B,A,B,large,0.33817774331045886,1,0.9499999999999998,1,1,0.6689828017614713,0.9550811584492837,0.07425513850945009,0.07425513850945009,0.9036473021437224,0.9036473021437224,0.9518236510718612,0.9518236510718612
8,8,4,1,1,B,A,A,small,0.007840002620917016,0.02747177408085187,0.3351353710543034,0.8378384276357584,0,0,0.3384858887720755,0.9550811584492837,0.9550811584492837,0.010977951656477377,0.010977951656477377,0.010977951656477377,0.010977951656477377
8,8,4,2,2,A,B,B,large,0.3247293140007034,0.9854237490294769,0.4393950667473303,0.9128498205947004,0,0.9550811584492837,0.9550811584492837,0.07425513850945009,0.4430932649732047,0.9518236510718612,0.9518236510718612,0.9518236510718612,0.9518236510718612
8,8,4,3,4,A,B,D,large,1.0040017707848632,0.22421627275623573,0.13438261745528618,0,0,0.3317903038823477,0.3317903038823477,0.13438261745528618,0.13613706535295103,0.8304604321749209,0.8304604321749209,0.8304604321749209,0.8304604321749209
8,8,4,4,3,B,A,C,small,0.6600285006886646,0,0.5177103732994951,1,0,0.11771037329949496,0.5214546035598704,0.17310026317773064,0.17310026317773064,0.16334096355043382,0.16334096355043382,0.16334096355043382,0.16334096355043382
8,8,5,1,4,A,B,D,large,1.0043384844637049,0.8113278472067178,0.15477320454343152,0.04659034797620123,0,0.3317903038823477,0.3317903038823477,0.13613706535295103,0.15674565861551554,0.8304604321749209,0.8304604321749209,0.8304604321749209,0.8304604321749209
8,8,5,2,3,B,A,C,small,0.662344999156396,0.4928412454560416,0.5214546035598704,0,1,0.5214546035598704,0.5494307953538928,0.17310026317773064,0.17310026317773064,0.16334096355043382,0.16334096355043382,0.3280911045032377,0.3280911045032377
8,8,5,3,1,B,A,A,small,1.5078140580471086e-4,0,0.7384858887720755,1,0,0.3384858887720755,0.7413723760661742,0.9550811584492837,0.9550811584492837,0.010977951656477377,0.010977951656477377,0.010977951656477377,0.010977951656477377
8,8,5,4,2,A,B,B,large,0.32806931036288767,0.9508755385042362,0.7295567847700727,0.71615879949217,1,0.9550811584492837,0.9550811584492837,0.4430932649732047,0.751172429112025,0.9518236510718612,0.9518236510718612,0.9513495947880487,0.9513495947880487
8,8,6,1,4,B,A,D,large,0.9858608549962058,0.6015368977675686,0.33179030388234776,0,0,0.3317903038823477,0.3351242358385566,0.15674565861551554,0.15674565861551554,0.8304604321749209,0.8304604321749209,0.8304604321749209,0.8304604321749209
8,8,6,2,2,A,B,B,large,0.34071260656006314,1,0.9499999999999998,1,1,0.9550811584492837,0.9550811584492837,0.751172429112025,0.9550811584492837,0.9513495947880487,0.9513495947880487,0.9756747973940243,0.9756747973940243
8,8,6,3,3,A,B,C,small,0.6759528111273736,0.5463069125376697,0.17310026317773064,0,0,0.5494307953538928,0.5494307953538928,0.17310026317773064,0.1752578508768612,0.3280911045032377,0.3280911045032377,0.3280911045032377,0.3280911045032377
8,8,6,4,1,B,A,A,small,0.004657740592454849,0,0.9499999999999998,1,1,0.7413723760661742,0.9550811584492837,0.9550811584492837,0.9550811584492837,0.010977951656477377,0.010977951656477377,0.005488975828238689,0.005488975828238689
8,8,7,1,2,A,B,B,large,0.33511763529382155,1,0.9499999999999998,1,1,0.9550811584492837,0.9550811584492837,0.9550811584492837,0.9550811584492837,0.9756747973940243,0.9756747973940243,0.9878373986970121,0.9878373986970121
8,8,7,2,1,B,A,A,small,0.008360456611472292,0,0.9499999999999998,1,1,0.9550811584492837,0.9550811584492837,0.9550811584492837,0.9550811584492837,0.005488975828238689,0.005488975828238689,0.0027444879141193443,0.0027444879141193443
8,8,7,3,4,B,A,D,large,0.9993717834103062,0.9739803775742868,0.6735998536774535,0.846189044597242,1,0.3351242358385566,0.6978355724839633,0.15674565861551554,0.15674565861551554,0.8304604321749209,0.8304604321749209,0.9022204048746039,0.9022204048746039
8,8,7,4,3,A,B,C,small,0.6833218915494422,0.2657395336815732,0.17525785087686116,0,0,0.5494307953538928,0.5494307953538928,0.1752578508768612,0.177436560859376,0.3280911045032377,0.3280911045032377,0.3280911045032377,0.3280911045032377
8,8,8,1,1,A,B,A,small,-0.0018410513819404305,0.003495847390980057,0.9499999999999998,0.9788664440642554,1,0.9550811584492837,0.9550811584492837,0.9550811584492837,0.9550811584492837,0.0027444879141193443,0.0027444879141193443,0.003120167652549701,0.003120167652549701
8,8,8,2,2,B,A,B,large,0.3323697416080705,0.996420294861133,0.9499999999999998,0.9783613086973955,1,0.9550811584492837,0.9550811584492837,0.9550811584492837,0.9550811584492837,0.9878373986970121,0.9878373986970121,0.9921288467790725,0.9921288467790725
8,8,8,3,4,A,B,D,large,0.981586046717085,0.7405061412462938,0.15674565861551554,0,0,0.6978355724839633,0.6978355724839633,0.15674565861551554,0.15873852902745672,0.9022204048746039,0.9022204048746039,0.9022204048746039,0.9022204048746039
8,8,8,4,3,B,A,C,small,0.6737330700100698,0.9408540240593275,0.2847903944531196,-0.6616010022519331,0,0.5494307953538928,0.2878555039829298,0.177436560859376,0.177436560859376,0.3280911045032377,0.3280911045032377,0.3280911045032377,0.3280911045032377
8,8,9,1,2,A,B,B,large,0.33297387365920605,0.9877731486979571,0.9499999999999998,0.9267255019500953,0,0.9550811584492837,0.9550811584492837,0.9550811584492837,0.9507077096900849,0.9921288467790725,0.9921288467790725,0.9921288467790725,0.9921288467790725
8,8,9,2,4,B,A,D,large,1.002282803566377,0.35457402152235157,0.6978355724839633,0,1,0.6978355724839633,0.7210170617567959,0.15873852902745672,0.15873852902745672,0.9022204048746039,0.9022204048746039,0.6283972131984777,0.6283972131984777
8,8,9,3,3,A,B,C,small,0.6764185038725747,0,0.577436560859376,1,1,0.2878555039829298,0.2878555039829298,0.177436560859376,0.6046214735189944,0.3280911045032377,0.3280911045032377,0.16404555225161885,0.16404555225161885
8,8,9,4,1,B,A,A,small,0.0020339866919430035,0,0.9499999999999998,1,1,0.9550811584492837,0.9550811584492837,0.9550811584492837,0.9550811584492837,0.003120167652549701,0.003120167652549701,0.0015600838262748505,0.0015600838262748505
8,8,10,1,3,B,A,C,small,0.6655675225301719,0.17603990277759982,0.32777780089416236,0.09980574227808138,0,0.2878555039829298,0.3310913915847321,0.6046214735189944,0.6046214735189944,0.16404555225161885,0.16404555225161885,0.16404555225161885,0.16404555225161885
8,8,10,2,1,A,B,A,small,0.0051610278829060975,0.046869082897171344,0.9499999999999998,0.7285887045500766,1,0.9550811584492837,0.9550811584492837,0.9550811584492837,0.9550811584492837,0.0015600838262748505,0.0015600838262748505,0.024214583361723097,0.024214583361723097
8,8,10,3,4,A,B,D,large,0.991967818953885,0.8294324607770309,0.20805037760850553,0.12327962145262202,1,0.7210170617567959,0.7210170617567959,0.15873852902745672,0.22719509516487968,0.6283972131984777,0.6283972131984777,0.7289148369877543,0.7289148369877543
8,8,10,4,2,B,A,B,large,0.33247274238872165,0.8672043029766903,0.9499999999999998,0.2925028224700878,1,0.9550811584492837,0.9550811584492837,0.9507077096900849,0.9507077096900849,0.9921288467790725,0.9921288467790725,0.9296665748778814,0.9296665748778814
8,9,1,1,3,B,A,C,small,0.6714639129048758,0.15284803581717216,0.2824272625951113,0.20107505906693227,1,0.20199723896833838,0.3057735776011278,0.11356933178795788,0.11356933178795788,0.16404555225161885,0.16404555225161885,0.1584467940343955,0.1584467940343955
8,9,1,2,2,A,B,B,large,0.3458224669570673,0.9150693740889118,0.6199574341552828,0.5261522077759937,1,0.41304384288724927,0.41304384288724927,0.40949655104488536,0.6460834580352354,0.9296665748778814,0.9296665748778814,0.9223679744833966,0.9223679744833966
8,9,1,3,1,B,A,A,small,-0.011210813175814916,0.6023373074385048,0.3480540817082232,0,0,0.3480540817082232,0.35146547953309826,0.16082632347995113,0.16082632347995113,0.024214583361723097,0.024214583361723097,0.024214583361723097,0.024214583361723097
8,9,1,4,4,A,B,D,large,1.0017020092345088,1,0.7178093529569303,1,1,0.18700514658329132,0.18700514658329132,0.31780935295693025,0.7400293510107356,0.7289148369877543,0.7289148369877543,0.8644574184938771,0.8644574184938771
8,9,2,1,4,B,A,D,large,0.99821291959698,1,0.5870051465832913,1,1,0.18700514658329132,0.6139859923265354,0.7400293510107356,0.7400293510107356,0.8644574184938771,0.8644574184938771,0.9322287092469386,0.9322287092469386
8,9,2,2,2,A,B,B,large,0.3308319344904467,0.6237889853764175,0.6460834580352353,0,1,0.41304384288724927,0.41304384288724927,0.6460834580352354,0.6713655115100412,0.9223679744833966,0.9223679744833966,0.7730784799299071,0.7730784799299071
8,9,2,3,1,B,A,A,small,0.012846191411487538,0,0.7514654795330983,1,1,0.35146547953309826,0.7718775753926019,0.16082632347995113,0.16082632347995113,0.024214583361723097,0.024214583361723097,0.012107291680861549,0.012107291680861549
8,9,2,4,3,A,B,C,small,0.6718834090599005,0,0.5135693317879579,1,1,0.3057735776011278,0.3057735776011278,0.11356933178795788,0.5416012666846707,0.1584467940343955,0.1584467940343955,0.07922339701719774,0.07922339701719774
8,9,3,1,1,A,B,A,small,-0.0028554380185214475,0,0.5608263234799511,1,1,0.7718775753926019,0.7718775753926019,0.16082632347995113,0.588317977976444,0.012107291680861549,0.012107291680861549,0.006053645840430774,0.006053645840430774
8,9,3,2,3,B,A,C,small,0.6683830749245937,0.24975591606521572,0.3057735776011278,0,1,0.3057735776011278,0.3301618164929698,0.5416012666846707,0.5416012666846707,0.07922339701719774,0.07922339701719774,0.16448965654120673,0.16448965654120673
8,9,3,3,2,B,A,B,large,0.33321526979203125,0.7667375900968026,0.4130438428872492,0,0,0.41304384288724927,0.41668510346537596,0.6713655115100412,0.6713655115100412,0.7730784799299071,0.7730784799299071,0.7730784799299071,0.7730784799299071
8,9,3,4,4,A,B,D,large,0.9886413766209107,0.8876061579374963,0.8957752213299718,0.3893646757980903,1,0.6139859923265354,0.6139859923265354,0.7400293510107356,0.9058205840547393,0.9322287092469386,0.9322287092469386,0.9099174335922174,0.9099174335922174
8,9,4,1,2,A,B,B,large,0.3074421050708842,0.3590785704193693,0.6713655115100412,0,1,0.41668510346537596,0.41668510346537596,0.6713655115100412,0.6956921846095674,0.7730784799299071,0.7730784799299071,0.5660785251746382,0.5660785251746382
8,9,4,2,1,B,A,A,small,0.012287278459913514,0.027088781052807778,0.9499999999999998,0.8400384798370777,1,0.7718775753926019,0.9550811584492837,0.588317977976444,0.588317977976444,0.006053645840430774,0.006053645840430774,0.016571213446619278,0.016571213446619278
8,9,4,3,4,A,B,D,large,0.9914704068164198,1,0.9499999999999998,1,1,0.6139859923265354,0.6139859923265354,0.9058205840547393,0.9550811584492837,0.9099174335922174,0.9099174335922174,0.9549587167961087,0.9549587167961087
8,9,4,4,3,B,A,C,small,0.6457967696064835,0,0.7301618164929697,1,1,0.3301618164929698,0.7517455580117652,0.5416012666846707,0.5416012666846707,0.16448965654120673,0.16448965654120673,0.08224482827060337,0.08224482827060337
8,9,5,1,1,B,A,A,small,0.0037385525826751937,0.145331614870776,0.9499999999999998,0.23491696869477263,1,0.9550811584492837,0.9550811584492837,0.588317977976444,0.588317977976444,0.016571213446619278,0.016571213446619278,0.08095141415869764,0.08095141415869764
8,9,5,2,4,A,B,D,large,1.0107111910910425,0.6307675305525499,0.9499999999999998,0,1,0.6139859923265354,0.6139859923265354,0.9550811584492837,0.9550811584492837,0.9549587167961087,0.9549587167961087,0.7928631236743293,0.7928631236743293
8,9,5,3,2,A,B,B,large,0.33640571456464374,0.4783252387946337,0.6956921846095674,0,1,0.41668510346537596,0.41668510346537596,0.6956921846095674,0.7189718896350118,0.5660785251746382,0.5660785251746382,0.5222018819846359,0.5222018819846359
8,9,5,4,3,B,A,C,small,0.6767965052964529,0.038480598483304616,0.9499999999999998,0.7753147636948747,1,0.7517455580117652,0.9550811584492837,0.5416012666846707,0.5416012666846707,0.08224482827060337,0.08224482827060337,0.060362713376953994,0.060362713376953994
8,9,6,1,4,A,B,D,large,1.0012615519116808,0.5368554180939836,0.9499999999999998,0,1,0.6139859923265354,0.6139859923265354,0.9550811584492837,0.9550811584492837,0.7928631236743293,0.7928631236743293,0.6648592708841565,0.6648592708841565
8,9,6,2,1,A,B,A,small,-0.004943653105748784,0.043091618342412825,0.8881312492313487,0.7495331781372616,1,0.9550811584492837,0.9550811584492837,0.588317977976444,0.8988301429402082,0.08095141415869764,0.08095141415869764,0.06202151625055523,0.06202151625055523
8,9,6,3,2,B,A,B,large,0.3263289100940981,0.4842646347828325,0.41668510346537596,0,0,0.41668510346537596,0.42033547639801955,0.7189718896350118,0.7189718896350118,0.5222018819846359,0.5222018819846359,0.5222018819846359,0.5222018819846359
8,9,6,4,3,B,A,C,small,0.6619440422320341,0.15131693960346282,0.9499999999999998,0.20792746269848156,1,0.9550811584492837,0.9550811584492837,0.5416012666846707,0.5416012666846707,0.060362713376953994,0.060362713376953994,0.1058398264902084,0.1058398264902084
8,9,7,1,4,A,B,D,large,1.000861933871789,0.523300934137403,0.9499999999999998,0,1,0.6139859923265354,0.6139859923265354,0.9550811584492837,0.9550811584492837,0.6648592708841565,0.6648592708841565,0.5940801025107798,0.5940801025107798
8,9,7,2,3,A,B,C,small,0.6624759550157294,0.012398583861872883,0.9118848786741715,0.9257090299737518,1,0.9550811584492837,0.9550811584492837,0.5416012666846707,0.9205153383786864,0.1058398264902084,0.1058398264902084,0.05911920517604064,0.05911920517604064
8,9,7,3,2,B,A,B,large,0.3309580434034193,0.3328854783584297,0.42033547639801955,0,0,0.42033547639801955,0.42399458376087595,0.7189718896350118,0.7189718896350118,0.5222018819846359,0.5222018819846359,0.5222018819846359,0.5222018819846359
8,9,7,4,1,B,A,A,small,0.011555918880982759,0.011708922948144896,0.9499999999999998,0.9297931955945284,1,0.9550811584492837,0.9550811584492837,0.8988301429402082,0.8988301429402082,0.06202151625055523,0.06202151625055523,0.03686521959935006,0.03686521959935006
8,9,8,1,1,B,A,A,small,0.012848680371901598,0,0.9499999999999998,1,1,0.9550811584492837,0.9550811584492837,0.8988301429402082,0.8988301429402082,0.03686521959935006,0.03686521959935006,0.01843260979967503,0.01843260979967503
8,9,8,2,2,A,B,B,large,0.3355510864688236,0.42760488368097205,0.7189718896350118,0,0,0.42399458376087595,0.42399458376087595,0.7189718896350118,0.7219926806439066,0.5222018819846359,0.5222018819846359,0.5222018819846359,0.5222018819846359
8,9,8,3,4,A,B,D,large,0.9956135678982048,0.7499288360059901,0.9499999999999998,0,1,0.6139859923265354,0.6139859923265354,0.9550811584492837,0.9550811584492837,0.5940801025107798,0.5940801025107798,0.672004469258385,0.672004469258385
8,9,8,4,3,B,A,C,small,0.6595110279835867,0.09687591018519372,0.9499999999999998,0.4657313763489453,1,0.9550811584492837,0.9550811584492837,0.9205153383786864,0.9205153383786864,0.05911920517604064,0.05911920517604064,0.07799755768061718,0.07799755768061718
8,9,9,1,4,B,A,D,large,1.0133276947280283,0.6827643524744799,0.6139859923265354,0,1,0.6139859923265354,0.6402843360994565,0.9550811584492837,0.9550811584492837,0.672004469258385,0.672004469258385,0.6773844108664324,0.6773844108664324
8,9,9,2,3,A,B,C,small,0.6628779213977564,0.14954650390630736,0.9499999999999998,0.2158772316371494,1,0.9550811584492837,0.9550811584492837,0.9205153383786864,0.9550811584492837,0.07799755768061718,0.07799755768061718,0.11377203079346226,0.11377203079346226
8,9,9,3,2,A,B,B,large,0.3434376987179393,0.9909539465315963,0.9499999999999998,0.9456156581430069,1,0.42399458376087595,0.42399458376087595,0.7219926806439066,0.9550811584492837,0.5222018819846359,0.5222018819846359,0.7565779142581162,0.7565779142581162
8,9,9,4,1,B,A,A,small,-0.014305196128766169,0.06323157041191542,0.9499999999999998,0.6396706288137737,1,0.9550811584492837,0.9550811584492837,0.8988301429402082,0.8988301429402082,0.01843260979967503,0.01843260979967503,0.04083209010579522,0.04083209010579522
8,9,10,1,2,B,A,B,large,0.3239771810174264,0.6739493155247406,0.42399458376087595,0,0,0.42399458376087595,0.42766204384925033,0.9550811584492837,0.9550811584492837,0.7565779142581162,0.7565779142581162,0.7565779142581162,0.7565779142581162
8,9,10,2,4,A,B,D,large,1.006459373790312,0.2957243036316103,0.9499999999999998,0,1,0.6402843360994565,0.6402843360994565,0.9550811584492837,0.9550811584492837,0.6773844108664324,0.6773844108664324,0.48655435724902135,0.48655435724902135
8,9,10,3,1,A,B,A,small,0.01209332205293426,0.17480457224425183,0.9408630640494985,0.10508230277322564,1,0.9550811584492837,0.9550811584492837,0.8988301429402082,0.9468207698195682,0.04083209010579522,0.04083209010579522,0.10781833117502353,0.10781833117502353
8,9,10,4,3,B,A,C,small,0.6519042690281037,0.09787433975311469,0.9499999999999998,0.4607462519295676,1,0.9550811584492837,0.9550811584492837,0.9550811584492837,0.9550811584492837,0.11377203079346226,0.11377203079346226,0.10582318527328848,0.10582318527328848
8,10,1,1,3,B,A,C,small,0.6455368251075146,0,0.5558733102564104,1,1,0.15587331025641038,0.5834447247006385,0.3295265870707243,0.3295265870707243,0.10582318527328848,0.10582318527328848,0.05291159263664424,0.05291159263664424
8,10,1,2,4,A,B,D,large,1.0032960816662395,0.44368916805004305,0.14529512145849713,0,0,0.3030009756567121,0.3030009756567121,0.14529512145849713,0.14716781689578662,0.48655435724902135,0.48655435724902135,0.48655435724902135,0.48655435724902135
8,10,1,3,1,A,B,A,small,-0.0071030512514125765,0,0.6721945115277431,1,1,0.2654907281175436,0.2654907281175436,0.2721945115277431,0.696487561393402,0.10781833117502353,0.10781833117502353,0.05390916558751176,0.05390916558751176
8,10,1,4,2,B,A,B,large,0.3386830847479308,0.5891217948568771,0.1342828222735721,0,0,0.13428282227357208,0.13603617203904145,0.21082502720216756,0.21082502720216756,0.7565779142581162,0.7565779142581162,0.7565779142581162,0.7565779142581162
8,10,2,1,3,A,B,C,small,0.6635300351967219,0,0.7295265870707244,1,1,0.5834447247006385,0.5834447247006385,0.3295265870707243,0.7511438217216949,0.05291159263664424,0.05291159263664424,0.02645579631832212,0.02645579631832212
8,10,2,2,4,B,A,D,large,0.989698684274418,0.5845333932781986,0.3030009756567121,0,0,0.3030009756567121,0.306178175429387,0.14716781689578662,0.14716781689578662,0.48655435724902135,0.48655435724902135,0.48655435724902135,0.48655435724902135
8,10,2,3,2,A,B,B,large,0.3430832285513178,1,0.6108250272021676,1,1,0.13603617203904145,0.13603617203904145,0.21082502720216756,0.6372114762342742,0.7565779142581162,0.7565779142581162,0.8782889571290581,0.8782889571290581
8,10,2,4,1,B,A,A,small,0.01729274488471752,0,0.6654907281175436,1,1,0.2654907281175436,0.6900515063897953,0.696487561393402,0.696487561393402,0.05390916558751176,0.05390916558751176,0.02695458279375588,0.02695458279375588
8,10,3,1,3,B,A,C,small,0.6620232006467233,0,0.9499999999999998,1,1,0.5834447247006385,0.9550811584492837,0.7511438217216949,0.7511438217216949,0.02645579631832212,0.02645579631832212,0.01322789815916106,0.01322789815916106
8,10,3,2,1,A,B,A,small,-0.0025343900813285126,0,0.9499999999999998,1,1,0.6900515063897953,0.6900515063897953,0.696487561393402,0.9550811584492837,0.02695458279375588,0.02695458279375588,0.01347729139687794,0.01347729139687794
8,10,3,3,4,A,B,D,large,0.9917927985194084,0,0,-1,0,0.306178175429387,0.306178175429387,0.14716781689578662,0,0.48655435724902135,0.48655435724902135,0.48655435724902135,0.48655435724902135
8,10,3,4,2,B,A,B,large,0.34716690901566505,0.9707501056353621,0.4670946914896905,0.8276462986266226,1,0.13603617203904145,0.49517221299349423,0.6372114762342742,0.6372114762342742,0.8782889571290581,0.8782889571290581,0.9245195313822101,0.9245195313822101
8,10,4,1,2,B,A,B,large,0.3284809090777577,0.9655273118988611,0.8143394709593429,0.7979181449146215,1,0.49517221299349423,0.830750763569653,0.6372114762342742,0.6372114762342742,0.9245195313822101,0.9245195313822101,0.9450234216405355,0.9450234216405355
8,10,4,2,1,A,B,A,small,0.006270931192610473,0,0.9499999999999998,1,1,0.6900515063897953,0.6900515063897953,0.9550811584492837,0.9550811584492837,0.01347729139687794,0.01347729139687794,0.00673864569843897,0.00673864569843897
8,10,4,3,4,A,B,D,large,1.0196110732292658,0.3926074734743762,0,0,0,0.306178175429387,0.306178175429387,0,0,0.48655435724902135,0.48655435724902135,0.48655435724902135,0.48655435724902135
8,10,4,4,3,B,A,C,small,0.6983511858241699,0,0.9499999999999998,1,1,0.9550811584492837,0.9550811584492837,0.7511438217216949,0.7511438217216949,0.01322789815916106,0.01322789815916106,0.00661394907958053,0.00661394907958053
8,10,5,1,3,B,A,C,small,0.6659426305081372,0.14421197768159713,0.9499999999999998,0.24000169611364522,1,0.9550811584492837,0.9550811584492837,0.7511438217216949,0.7511438217216949,0.00661394907958053,0.00661394907958053,0.07541296338058882,0.07541296338058882
8,10,5,2,2,A,B,B,large,0.3305057375850862,1,0.9499999999999998,1,0,0.830750763569653,0.830750763569653,0.6372114762342742,0.9507077096900849,0.9450234216405355,0.9450234216405355,0.9450234216405355,0.9450234216405355
8,10,5,3,1,B,A,A,small,0.015463295754671591,0,0.9499999999999998,1,1,0.6900515063897953,0.9550811584492837,0.9550811584492837,0.9550811584492837,0.00673864569843897,0.00673864569843897,0.003369322849219485,0.003369322849219485
8,10,5,4,4,A,B,D,large,0.9949254995347059,0.43383355048480504,0,0,0,0.306178175429387,0.306178175429387,0,0,0.48655435724902135,0.48655435724902135,0.48655435724902135,0.48655435724902135
8,10,6,1,1,A,B,A,small,0.008373065913591955,0.17272049572154455,0.9499999999999998,0.11401377827003141,1,0.9550811584492837,0.9550811584492837,0.9550811584492837,0.9550811584492837,0.003369322849219485,0.003369322849219485,0.08804490928538201,0.08804490928538201
8,10,6,2,3,B,A,C,small,0.6660339802305084,0.06628030352072466,0.9499999999999998,0.623422204845388,1,0.9550811584492837,0.9550811584492837,0.7511438217216949,0.7511438217216949,0.07541296338058882,0.07541296338058882,0.07084663345065674,0.07084663345065674
8,10,6,3,2,A,B,B,large,0.3070232335544498,0.8177318455897775,0.9499999999999998,0.07340019329722887,1,0.830750763569653,0.830750763569653,0.9507077096900849,0.9550811584492837,0.9450234216405355,0.9450234216405355,0.8813776336151565,0.8813776336151565
8,10,6,4,4,B,A,D,large,0.9888109632798114,0.7033014192648146,0.306178175429387,0,1,0.306178175429387,0.33058331788401024,0,0,0.48655435724902135,0.48655435724902135,0.594927888256918,0.594927888256918
8,10,7,1,2,B,A,B,large,0.34557920193392555,0.8851771908114373,0.9499999999999998,0.3776243383175554,1,0.830750763569653,0.9550811584492837,0.9550811584492837,0.9550811584492837,0.8813776336151565,0.8813776336151565,0.8832774122132969,0.8832774122132969
8,10,7,2,3,A,B,C,small,0.6728066237076111,0.009101921910440612,0.9499999999999998,0.9452828281544056,1,0.9550811584492837,0.9550811584492837,0.7511438217216949,0.9550811584492837,0.07084663345065674,0.07084663345065674,0.039974277680548675,0.039974277680548675
8,10,7,3,1,B,A,A,small,6.246557395721596e-4,0.08859843633176359,0.9499999999999998,0.5074461360863777,1,0.9550811584492837,0.9550811584492837,0.9550811584492837,0.9550811584492837,0.08804490928538201,0.08804490928538201,0.08832167280857281,0.08832167280857281
8,10,7,4,4,A,B,D,large,0.9991806945060829,0.3926259120071012,0,0,0,0.33058331788401024,0.33058331788401024,0,0,0.594927888256918,0.594927888256918,0.594927888256918,0.594927888256918
8,10,8,1,4,B,A,D,large,1.0112902957057122,0.21870750239462314,0.33058331788401024,0,0,0.33058331788401024,0.333911182240166,0,0,0.594927888256918,0.594927888256918,0.594927888256918,0.594927888256918
8,10,8,2,2,B,A,B,large,0.34105623987913797,0.8558385105633879,0.9499999999999998,0.24023125215349989,1,0.9550811584492837,0.9550811584492837,0.9550811584492837,0.9550811584492837,0.8832774122132969,0.8832774122132969,0.8695579613883424,0.8695579613883424
8,10,8,3,1,A,B,A,small,0.011446870165113554,0.030072433547119633,0.9499999999999998,0.8229437776740968,1,0.9550811584492837,0.9550811584492837,0.9550811584492837,0.9550811584492837,0.08832167280857281,0.08832167280857281,0.05919705317784622,0.05919705317784622
8,10,8,4,3,A,B,C,small,0.6781058646687198,0,0.9499999999999998,1,1,0.9550811584492837,0.9550811584492837,0.9550811584492837,0.9550811584492837,0.039974277680548675,0.039974277680548675,0.019987138840274338,0.019987138840274338
8,10,9,1,2,B,A,B,large,0.33937521094205914,0.9331794597697206,0.9499999999999998,0.6205532969514418,1,0.9550811584492837,0.9550811584492837,0.9550811584492837,0.9550811584492837,0.8695579613883424,0.8695579613883424,0.9013687105790316,0.9013687105790316
8,10,9,2,3,A,B,C,small,0.659507794945762,0.0026814430945994077,0.9499999999999998,0.9837765944731949,1,0.9550811584492837,0.9550811584492837,0.9550811584492837,0.9550811584492837,0.019987138840274338,0.019987138840274338,0.011334290967436872,0.011334290967436872
8,10,9,3,4,A,B,D,large,1.0077554457361662,0.6876311301538346,0,0,0,0.333911182240166,0.333911182240166,0,0,0.594927888256918,0.594927888256918,0.594927888256918,0.594927888256918
8,10,9,4,1,B,A,A,small,0.018984317402675747,0.05514524014844689,0.9499999999999998,0.6832502315585066,1,0.9550811584492837,0.9550811584492837,0.9550811584492837,0.9550811584492837,0.05919705317784622,0.05919705317784622,0.05717114666314656,0.05717114666314656
8,10,10,1,4,A,B,D,large,0.9724582110671945,0,0,-1,0,0.333911182240166,0.333911182240166,0,0,0.594927888256918,0.594927888256918,0.594927888256918,0.594927888256918
8,10,10,2,1,B,A,A,small,0.007102271216823603,0.07806120520130186,0.9499999999999998,0.5615580176287188,1,0.9550811584492837,0.9550811584492837,0.9550811584492837,0.9550811584492837,0.05717114666314656,0.05717114666314656,0.06761617593222422,0.06761617593222422
8,10,10,3,2,A,B,B,large,0.31408300737820727,0.9460597160116712,0.9499999999999998,0.6898046409626953,1,0.9550811584492837,0.9550811584492837,0.9550811584492837,0.9550811584492837,0.9013687105790316,0.9013687105790316,0.9237142132953513,0.9237142132953513
8,10,10,4,3,B,A,C,small,0.6662320778738134,0.07069224576829757,0.9499999999999998,0.6000832039706896,1,0.9550811584492837,0.9550811584492837,0.9550811584492837,0.9550811584492837,0.011334290967436872,0.011334290967436872,0.04101326836786722,0.04101326836786722
9,1,1,1,1,A,B,A,small,-0.006704925759360339,0,0.5747246761933187,1,1,0.13454409010334817,0.13454409010334817,0.17472467619331866,0.601963792218622,0.06761617593222422,0.06761617593222422,0.03380808796611211,0.03380808796611211
9,1,1,2,3,B,A,C,small,0.6590433761640236,0,0.4713760726599193,1,0,0.07137607265991933,0.4751153180894271,0.19842662931026434,0.19842662931026434,0.04101326836786722,0.04101326836786722,0.04101326836786722,0.04101326836786722
9,1,1,3,4,B,A,D,large,1.004156560229026,1,0.5453350112849247,1,1,0.14533501128492468,0.5730581677375342,0.06332901827720927,0.06332901827720927,0.594927888256918,0.594927888256918,0.797463944128459,0.797463944128459
9,1,1,4,2,A,B,B,large,0.3372997391529899,1,0.5582957192762906,1,0,0.2705296914139053,0.2705296914139053,0.15829571927629058,0.5619914424458458,0.9237142132953513,0.9237142132953513,0.9237142132953513,0.9237142132953513
9,1,2,1,3,A,B,C,small,0.6644662002387376,0,0.5984266293102644,1,1,0.4751153180894271,0.4751153180894271,0.19842662931026434,0.6251378128241348,0.04101326836786722,0.04101326836786722,0.02050663418393361,0.02050663418393361
9,1,2,2,1,A,B,A,small,-0.004104191081615573,0.268319036653515,0.601963792218622,0,1,0.13454409010334817,0.13454409010334817,0.601963792218622,0.628585722929264,0.03380808796611211,0.03380808796611211,0.15106356230981355,0.15106356230981355
9,1,2,3,2,B,A,B,large,0.3203652632345103,0.8781573721128749,0.4081349341761842,0.3440131069056971,0,0.2705296914139053,0.41176327806095636,0.5619914424458458,0.5619914424458458,0.9237142132953513,0.9237142132953513,0.9237142132953513,0.9237142132953513
9,1,2,4,4,B,A,D,large,1.0183081246273524,1,0.9499999999999998,1,1,0.5730581677375342,0.9550811584492837,0.06332901827720927,0.06332901827720927,0.797463944128459,0.797463944128459,0.8987319720642295,0.8987319720642295
9,1,3,1,3,A,B,C,small,0.66852256277267,0.25102450339892873,0.6251378128241348,0,0,0.4751153180894271,0.4751153180894271,0.6251378128241348,0.6286462693492065,0.02050663418393361,0.02050663418393361,0.02050663418393361,0.02050663418393361
9,1,3,2,4,B,A,D,large,0.984410675654093,1,0.9499999999999998,1,1,0.9550811584492837,0.9550811584492837,0.06332901827720927,0.06332901827720927,0.8987319720642295,0.8987319720642295,0.9493659860321148,0.9493659860321148
9,1,3,3,2,B,A,B,large,0.3355453790445358,0.9933050916309248,0.7956257219249571,0.9596561096600014,0,0.41176327806095636,0.7980539900055811,0.5619914424458458,0.5619914424458458,0.9237142132953513,0.9237142132953513,0.9237142132953513,0.9237142132953513
9,1,3,4,1,A,B,A,small,-0.0076043043207953435,0.2513184900786737,0.6285857229292638,0,1,0.13454409010334817,0.13454409010334817,0.628585722929264,0.6544492049888009,0.15106356230981355,0.15106356230981355,0.20119102619424362,0.20119102619424362
9,1,4,1,1,B,A,A,small,-0.0017842812686882372,0.7660967477425422,0.1345440901033482,0,0,0.13454409010334817,0.13630031418011374,0.6544492049888009,0.6544492049888009,0.20119102619424362,0.20119102619424362,0.20119102619424362,0.20119102619424362
9,1,4,2,4,A,B,D,large,0.9988902393323912,0.8701007610085181,0.18573493114303136,0.30601478216455524,0,0.9550811584492837,0.9550811584492837,0.06332901827720927,0.18801419479868828,0.9493659860321148,0.9493659860321148,0.9493659860321148,0.9493659860321148
9,1,4,3,3,B,A,C,small,0.6591206623736015,0,0.875115318089427,1,1,0.4751153180894271,0.8869005065298046,0.6286462693492065,0.6286462693492065,0.02050663418393361,0.02050663418393361,0.010253317091966805,0.010253317091966805
9,1,4,4,2,A,B,B,large,0.3319238136269083,1,0.9499999999999998,1,1,0.7980539900055811,0.7980539900055811,0.5619914424458458,0.9550811584492837,0.9237142132953513,0.9237142132953513,0.9618571066476757,0.9618571066476757
9,1,5,1,1,B,A,A,small,-0.006458654006818597,0.18485744407887245,0.16130789983222577,0.0625189641302801,0,0.13630031418011374,0.16334753865173085,0.6544492049888009,0.6544492049888009,0.20119102619424362,0.20119102619424362,0.20119102619424362,0.20119102619424362
9,1,5,2,3,A,B,C,small,0.6767506418756636,0,0.9499999999999998,1,1,0.8869005065298046,0.8869005065298046,0.6286462693492065,0.9550811584492837,0.010253317091966805,0.010253317091966805,0.005126658545983403,0.005126658545983403
9,1,5,3,2,A,B,B,large,0.32177064172606795,1,0.9499999999999998,1,0,0.7980539900055811,0.7980539900055811,0.9550811584492837,0.9507077096900849,0.9618571066476757,0.9618571066476757,0.9618571066476757,0.9618571066476757
9,1,5,4,4,B,A,D,large,0.9904436147846513,0.8669473464311293,0.9499999999999998,0.2913078973997662,1,0.9550811584492837,0.9550811584492837,0.18801419479868828,0.18801419479868828,0.9493659860321148,0.9493659860321148,0.9081566662316221,0.9081566662316221
9,1,6,1,2,A,B,B,large,0.3199843590777591,0.8992004059023536,0.9499999999999998,0.4461977353259008,1,0.7980539900055811,0.7980539900055811,0.9507077096900849,0.9550811584492837,0.9618571066476757,0.9618571066476757,0.9305287562750146,0.9305287562750146
9,1,6,2,1,A,B,A,small,0.010674193538017155,0,0.9499999999999998,1,1,0.16334753865173085,0.16334753865173085,0.6544492049888009,0.9550811584492837,0.20119102619424362,0.20119102619424362,0.10059551309712181,0.10059551309712181
9,1,6,3,3,B,A,C,small,0.6534754619079717,0,0.9499999999999998,1,1,0.8869005065298046,0.9550811584492837,0.9550811584492837,0.9550811584492837,0.005126658545983403,0.005126658545983403,0.0025633292729917013,0.0025633292729917013
9,1,6,4,4,B,A,D,large,0.9909999882171174,0.626699551613532,0.9499999999999998,0,1,0.9550811584492837,0.9550811584492837,0.18801419479868828,0.18801419479868828,0.9081566662316221,0.9081566662316221,0.767428108922577,0.767428108922577
9,1,7,1,2,A,B,B,large,0.3309485372074636,0.8727777901113756,0.9499999999999998,0.3185729024822564,0,0.7980539900055811,0.7980539900055811,0.9550811584492837,0.9507077096900849,0.9305287562750146,0.9305287562750146,0.9305287562750146,0.9305287562750146
9,1,7,2,3,B,A,C,small,0.6672203004429712,0,0.9499999999999998,1,1,0.9550811584492837,0.9550811584492837,0.9550811584492837,0.9550811584492837,0.0025633292729917013,0.0025633292729917013,0.0012816646364958507,0.0012816646364958507
9,1,7,3,1,A,B,A,small,0.007380633068603926,0,0.9499999999999998,1,1,0.16334753865173085,0.16334753865173085,0.9550811584492837,0.9550811584492837,0.10059551309712181,0.10059551309712181,0.050297756548560904,0.050297756548560904
9,1,7,4,4,B,A,D,large,1.013736423471655,1,0.9499999999999998,1,1,0.9550811584492837,0.9550811584492837,0.18801419479868828,0.18801419479868828,0.767428108922577,0.767428108922577,0.8837140544612885,0.8837140544612885
9,1,8,1,1,B,A,A,small,-0.011690433403452289,0.0917660180860284,0.35990806690148847,0.4914013206243939,0,0.16334753865173085,0.3633708924368124,0.9550811584492837,0.9550811584492837,0.050297756548560904,0.050297756548560904,0.050297756548560904,0.050297756548560904
9,1,8,2,3,B,A,C,small,0.6608978831953938,0,0.9499999999999998,1,0,0.9550811584492837,0.9507077096900849,0.9550811584492837,0.9550811584492837,0.0012816646364958507,0.0012816646364958507,0.0012816646364958507,0.0012816646364958507
9,1,8,3,2,A,B,B,large,0.32567499921950505,1,0.9499999999999998,1,1,0.7980539900055811,0.7980539900055811,0.9507077096900849,0.9550811584492837,0.9305287562750146,0.9305287562750146,0.9652643781375073,0.9652643781375073
9,1,8,4,4,A,B,D,large,1.007476358906724,0.8680506048875659,0.3065912848626571,0.296442725159922,0,0.9550811584492837,0.9550811584492837,0.18801419479868828,0.30978939907929676,0.8837140544612885,0.8837140544612885,0.8837140544612885,0.8837140544612885
9,1,9,1,1,A,B,A,small,-0.009449454199510553,0,0.9499999999999998,1,1,0.3633708924368124,0.3633708924368124,0.9550811584492837,0.9550811584492837,0.050297756548560904,0.050297756548560904,0.025148878274280452,0.025148878274280452
9,1,9,2,2,B,A,B,large,0.3417040694014636,1,0.9499999999999998,1,1,0.7980539900055811,0.9550811584492837,0.9550811584492837,0.9550811584492837,0.9652643781375073,0.9652643781375073,0.9826321890687537,0.9826321890687537
9,1,9,3,4,A,B,D,large,1.0046044864538595,0.8580303484248606,0.4098771231027576,0.2502193100586521,0,0.9550811584492837,0.9550811584492837,0.30978939907929676,0.4135101342511979,0.8837140544612885,0.8837140544612885,0.8837140544612885,0.8837140544612885
9,1,9,4,3,B,A,C,small,0.6765621624344188,0,0.9499999999999998,1,1,0.9507077096900849,0.9550811584492837,0.9550811584492837,0.9550811584492837,0.0012816646364958507,0.0012816646364958507,6.408323182479253e-4,6.408323182479253e-4
9,1,10,1,1,B,A,A,small,-0.02167110615467652,0.1107646378096407,0.5222794531313804,0.39727140173641995,0,0.3633708924368124,0.526020687083332,0.9550811584492837,0.9550811584492837,0.025148878274280452,0.025148878274280452,0.025148878274280452,0.025148878274280452
9,1,10,2,2,A,B,B,large,0.33796975123192313,0.9082218987997979,0.9499999999999998,0.4913403101873871,1,0.9550811584492837,0.9550811584492837,0.9550811584492837,0.9550811584492837,0.9826321890687537,0.9826321890687537,0.9454270439342758,0.9454270439342758
9,1,10,3,4,B,A,D,large,1.0045288667812688,0.6760698277029715,0.9499999999999998,0,1,0.9550811584492837,0.9550811584492837,0.4135101342511979,0.4135101342511979,0.8837140544612885,0.8837140544612885,0.77989194108213,0.77989194108213
9,1,10,4,3,A,B,C,small,0.6492475261385763,0,0.9499999999999998,1,1,0.9550811584492837,0.9550811584492837,0.9550811584492837,0.9550811584492837,6.408323182479253e-4,6.408323182479253e-4,3.2041615912396267e-4,3.2041615912396267e-4
9,2,1,1,4,B,A,D,large,1.004555442881343,0.5792447844288137,0.21140846316295633,0,0,0.21140846316295633,0.21392001212118592,0.34433946582163794,0.34433946582163794,0.77989194108213,0.77989194108213,0.77989194108213,0.77989194108213
9,2,1,2,3,A,B,C,small,0.6655941798529745,0.6011107386315179,0.29029368426816315,0,0,0.5111124741526002,0.5111124741526002,0.2902936842681631,0.2933937265363614,3.2041615912396267e-4,3.2041615912396267e-4,3.2041615912396267e-4,3.2041615912396267e-4
9,2,1,3,2,B,A,B,large,0.34162479810471497,0.7922606623822405,0.4168564695130885,0,0,0.41685646951308847,0.4205072614570382,0.22532333589144662,0.22532333589144662,0.9454270439342758,0.9454270439342758,0.9454270439342758,0.9454270439342758
9,2,1,4,1,A,B,A,small,-0.013632448505314983,0.20734958664389783,0.4787268639818356,0,0,0.0894281499427262,0.0894281499427262,0.47872686398183556,0.48247120038771546,0.025148878274280452,0.025148878274280452,0.025148878274280452,0.025148878274280452
9,2,2,1,3,B,A,C,small,0.6540125066516357,0.09876168288532712,0.6936421243137131,0.4563241254027825,1,0.5111124741526002,0.7170148663536415,0.2933937265363614,0.2933937265363614,3.2041615912396267e-4,3.2041615912396267e-4,0.049541049522225544,0.049541049522225544
9,2,2,2,4,A,B,D,large,1.0184549630886839,1,0.744339465821638,1,0,0.21392001212118592,0.21392001212118592,0.34433946582163794,0.7471834623695729,0.77989194108213,0.77989194108213,0.77989194108213,0.77989194108213
9,2,2,3,1,B,A,A,small,0.005982132992908659,0,0.4894281499427262,1,0,0.0894281499427262,0.49317699767573214,0.48247120038771546,0.48247120038771546,0.025148878274280452,0.025148878274280452,0.025148878274280452,0.025148878274280452
9,2,2,4,2,A,B,B,large,0.33029366506994734,0.4339436051381498,0.2253233358914466,0,1,0.4205072614570382,0.4205072614570382,0.22532333589144662,0.24556465376303357,0.9454270439342758,0.9454270439342758,0.6896853245362128,0.6896853245362128
9,2,3,1,1,A,B,A,small,0.017540503242615055,0.22158420361335504,0.48247120038771546,0,1,0.49317699767573214,0.49317699767573214,0.48247120038771546,0.5105874311116618,0.025148878274280452,0.025148878274280452,0.12336654094381774,0.12336654094381774
9,2,3,2,2,B,A,B,large,0.3494756485534074,0.9607346243585344,0.7288712752861501,0.7709100345727796,1,0.4205072614570382,0.7505229741597184,0.24556465376303357,0.24556465376303357,0.6896853245362128,0.6896853245362128,0.8252099744473735,0.8252099744473735
9,2,3,3,4,B,A,D,large,1.009301375877145,0.8737336732532669,0.3431493436201527,0.323073328747417,0,0.21392001212118592,0.3465382213683192,0.7471834623695729,0.7471834623695729,0.77989194108213,0.77989194108213,0.77989194108213,0.77989194108213
9,2,3,4,3,A,B,C,small,0.6845062358762866,0,0.6933937265363614,1,0,0.7170148663536415,0.7170148663536415,0.2933937265363614,0.6965734259066104,0.049541049522225544,0.049541049522225544,0.049541049522225544,0.049541049522225544
9,2,4,1,1,B,A,A,small,0.015470330255413174,0.6314268543695426,0.49317699767573214,0,1,0.49317699767573214,0.5212886958136805,0.5105874311116618,0.5105874311116618,0.12336654094381774,0.12336654094381774,0.37739669765668016,0.37739669765668016
9,2,4,2,4,A,B,D,large,1.002627148954511,1,0.9499999999999998,1,1,0.3465382213683192,0.3465382213683192,0.7471834623695729,0.9550811584492837,0.77989194108213,0.77989194108213,0.8899459705410651,0.8899459705410651
9,2,4,3,3,A,B,C,small,0.6779660940187537,0.22828147893172118,0.6965734259066104,0,0,0.7170148663536415,0.7170148663536415,0.6965734259066104,0.6997344294220718,0.049541049522225544,0.049541049522225544,0.049541049522225544,0.049541049522225544
9,2,4,4,2,B,A,B,large,0.33523196240498443,1,0.9499999999999998,1,1,0.7505229741597184,0.9550811584492837,0.24556465376303357,0.24556465376303357,0.8252099744473735,0.8252099744473735,0.9126049872236868,0.9126049872236868
9,2,5,1,1,B,A,A,small,5.127733738362692e-4,0,0.9212886958136806,1,1,0.5212886958136805,0.929069739968238,0.5105874311116618,0.5105874311116618,0.37739669765668016,0.37739669765668016,0.18869834882834008,0.18869834882834008
9,2,5,2,3,A,B,C,small,0.6692572891590006,0.30810208427649566,0.6997344294220718,0,0,0.7170148663536415,0.7170148663536415,0.6997344294220718,0.7028765490310924,0.049541049522225544,0.049541049522225544,0.049541049522225544,0.049541049522225544
9,2,5,3,2,B,A,B,large,0.3246711132840523,0.9435874922346165,0.9499999999999998,0.6763738970717854,1,0.9550811584492837,0.9550811584492837,0.24556465376303357,0.24556465376303357,0.9126049872236868,0.9126049872236868,0.9280962397291517,0.9280962397291517
9,2,5,4,4,A,B,D,large,0.9938459746636122,0.5223679727240971,0.9499999999999998,0,1,0.3465382213683192,0.3465382213683192,0.9550811584492837,0.9550811584492837,0.8899459705410651,0.8899459705410651,0.7061569716325811,0.7061569716325811
9,2,6,1,4,B,A,D,large,1.0115662523174487,0.5831932162270945,0.3465382213683192,0,0,0.3465382213683192,0.3499427367160936,0.9550811584492837,0.9550811584492837,0.7061569716325811,0.7061569716325811,0.7061569716325811,0.7061569716325811
9,2,6,2,3,B,A,C,small,0.6451439782241604,0.37757442606373404,0.7170148663536415,0,1,0.7170148663536415,0.7392747003352677,0.7028765490310924,0.7028765490310924,0.049541049522225544,0.049541049522225544,0.2135577377929798,0.2135577377929798
9,2,6,3,1,A,B,A,small,-0.002451233036527466,0.25929240069351,0.5105874311116618,0,0,0.929069739968238,0.929069739968238,0.5105874311116618,0.5143350842676712,0.18869834882834008,0.18869834882834008,0.18869834882834008,0.18869834882834008
9,2,6,4,2,A,B,B,large,0.3208428878448777,0.8186218410431956,0.27642599035926285,0.07715334149057314,0,0.9550811584492837,0.9550811584492837,0.24556465376303357,0.2794362490845198,0.9280962397291517,0.9280962397291517,0.9280962397291517,0.9280962397291517
9,2,7,1,2,A,B,B,large,0.3329356932314813,0.9151417184185732,0.49004526919916513,0.5265225502866132,1,0.9550811584492837,0.9550811584492837,0.2794362490845198,0.5181609607748132,0.9280962397291517,0.9280962397291517,0.9216189790738625,0.9216189790738625
9,2,7,2,1,B,A,A,small,0.008359951079540183,0.2016546690307791,0.929069739968238,0,1,0.929069739968238,0.936134907231811,0.5143350842676712,0.5143350842676712,0.18869834882834008,0.18869834882834008,0.1951765089295596,0.1951765089295596
9,2,7,3,4,B,A,D,large,1.0023589346809902,0.815937594757747,0.37628435354999357,0.06585404208474999,0,0.3499427367160936,0.3798112489855356,0.9550811584492837,0.9550811584492837,0.7061569716325811,0.7061569716325811,0.7061569716325811,0.7061569716325811
9,2,7,4,3,A,B,C,small,0.6743850149885007,0.1422844018325483,0.8023894772621212,0.2487823205775719,0,0.7392747003352677,0.7392747003352677,0.7028765490310924,0.8047571027544024,0.2135577377929798,0.2135577377929798,0.2135577377929798,0.2135577377929798
9,2,8,1,2,B,A,B,large,0.3265030438558066,0.6358114280293815,0.9499999999999998,0,1,0.9550811584492837,0.9550811584492837,0.5181609607748132,0.5181609607748132,0.9216189790738625,0.9216189790738625,0.778715203551622,0.778715203551622
9,2,8,2,4,B,A,D,large,0.9799601571165314,0.6605322420981787,0.3798112489855356,0,1,0.3798112489855356,0.4066456874563808,0.9550811584492837,0.9550811584492837,0.7061569716325811,0.7061569716325811,0.6833446068653799,0.6833446068653799
9,2,8,3,1,A,B,A,small,0.008243565881799027,0.026408532879679092,0.8519151768975874,0.8439502315747907,1,0.936134907231811,0.936134907231811,0.5143350842676712,0.8655533707459301,0.1951765089295596,0.1951765089295596,0.11079252090461934,0.11079252090461934
9,2,8,4,3,A,B,C,small,0.6755202930242585,0.13069651911075286,0.9256721684436482,0.3022876642231145,1,0.7392747003352677,0.7392747003352677,0.8047571027544024,0.9330513717305091,0.2135577377929798,0.2135577377929798,0.17212712845186634,0.17212712845186634
9,2,9,1,1,A,B,A,small,-9.036797722190258e-4,0.12561611715441992,0.9499999999999998,0.3261395232603344,1,0.936134907231811,0.936134907231811,0.8655533707459301,0.9550811584492837,0.11079252090461934,0.11079252090461934,0.11820431902951964,0.11820431902951964
9,2,9,2,2,B,A,B,large,0.32628631208877845,0.5932082068562312,0.9499999999999998,0,1,0.9550811584492837,0.9550811584492837,0.5181609607748132,0.5181609607748132,0.778715203551622,0.778715203551622,0.6859617052039266,0.6859617052039266
9,2,9,3,4,A,B,D,large,0.9963493858964309,0.6092840085004387,0.9499999999999998,0,1,0.4066456874563808,0.4066456874563808,0.9550811584492837,0.9550811584492837,0.6833446068653799,0.6833446068653799,0.6463143076829093,0.6463143076829093
9,2,9,4,3,B,A,C,small,0.6620034173709606,0.17877858341803074,0.7745363775075654,0.08815419293074447,1,0.7392747003352677,0.7935741642237317,0.9330513717305091,0.9330513717305091,0.17212712845186634,0.17212712845186634,0.17545285593494853,0.17545285593494853
9,2,10,1,4,B,A,D,large,1.0018993023049514,0.5874533687491873,0.4066456874563808,0,1,0.4066456874563808,0.43404915189999377,0.9550811584492837,0.9550811584492837,0.6463143076829093,0.6463143076829093,0.6168838382160483,0.6168838382160483
9,2,10,2,2,A,B,B,large,0.33895180635718297,0.8456750951340772,0.5959550410069618,0.19448520058037144,1,0.9550811584492837,0.9550811584492837,0.5181609607748132,0.6227269802835999,0.6859617052039266,0.6859617052039266,0.7658184001690019,0.7658184001690019
9,2,10,3,3,A,B,C,small,0.667423909755579,0.14878144557072212,0.9499999999999998,0.21932128495503064,1,0.7935741642237317,0.7935741642237317,0.9330513717305091,0.9550811584492837,0.17545285593494853,0.17545285593494853,0.16211715075283534,0.16211715075283534
9,2,10,4,1,B,A,A,small,-0.011952131104725396,0.051029970931509086,0.9499999999999998,0.7057007112023956,1,0.936134907231811,0.9550811584492837,0.9550811584492837,0.9550811584492837,0.11820431902951964,0.11820431902951964,0.08461714498051437,0.08461714498051437
9,3,1,1,3,A,B,C,small,0.6742874193099924,0.14298446680205903,0.597849885892552,0.24558942186812854,0,0.50455098846712,0.50455098846712,0.49961411714530046,0.6014509139681965,0.16211715075283534,0.16211715075283534,0.16211715075283534,0.16211715075283534
9,3,1,2,2,B,A,B,large,0.3416295172207176,0.9882661873062634,0.463053712815732,0.9296457007428003,0,0.09119543251861173,0.4667852354164797,0.27879119796392143,0.27879119796392143,0.7658184001690019,0.7658184001690019,0.7658184001690019,0.7658184001690019
9,3,1,3,4,A,B,D,large,0.9948889316240098,0.26149450931799345,0.18306880998972822,0,0,0.2989854616535354,0.2989854616535354,0.18306880998972822,0.18532280244718544,0.6168838382160483,0.6168838382160483,0.6168838382160483,0.6168838382160483
9,3,1,4,1,B,A,A,small,0.004415167001018529,0,0.8548293490902313,1,1,0.4548293490902313,0.8682406653221121,0.052610351890415276,0.052610351890415276,0.08461714498051437,0.08461714498051437,0.042308572490257185,0.042308572490257185
9,3,2,1,1,B,A,A,small,0.0046165858999137,0.7220062119351143,0.8682406653221121,0,1,0.8682406653221121,0.8805860795114707,0.052610351890415276,0.052610351890415276,0.042308572490257185,0.042308572490257185,0.38215739221268574,0.38215739221268574
9,3,2,2,4,B,A,D,large,0.9918248686280355,1,0.6989854616535354,1,1,0.2989854616535354,0.7221138627412249,0.18532280244718544,0.18532280244718544,0.6168838382160483,0.6168838382160483,0.8084419191080241,0.8084419191080241
9,3,2,3,2,A,B,B,large,0.3489617995504345,0.5643850974859838,0.27879119796392143,0,0,0.4667852354164797,0.4667852354164797,0.27879119796392143,0.2818171818294513,0.7658184001690019,0.7658184001690019,0.7658184001690019,0.7658184001690019
9,3,2,4,3,A,B,C,small,0.6797075064830903,0.3194842806213881,0.6014509139681965,0,1,0.50455098846712,0.50455098846712,0.6014509139681965,0.6280859540735656,0.16211715075283534,0.16211715075283534,0.24080071568711173,0.24080071568711173
9,3,3,1,3,B,A,C,small,0.6804755351704882,0.3548781419342895,0.50455098846712,0,0,0.50455098846712,0.5083003515447636,0.6280859540735656,0.6280859540735656,0.24080071568711173,0.24080071568711173,0.24080071568711173,0.24080071568711173
9,3,3,2,1,A,B,A,small,-0.004898950515359262,0.34955719039755545,0.05261035189041529,0,0,0.8805860795114707,0.8805860795114707,0.052610351890415276,0.053363026401053705,0.38215739221268574,0.38215739221268574,0.38215739221268574,0.38215739221268574
9,3,3,3,2,A,B,B,large,0.3497850794260184,0.869467750541697,0.4030392236253386,0.3030551044897182,0,0.4667852354164797,0.4667852354164797,0.2818171818294513,0.4066533914654139,0.7658184001690019,0.7658184001690019,0.7658184001690019,0.7658184001690019
9,3,3,4,4,B,A,D,large,1.015935641246146,1,0.9499999999999998,1,1,0.7221138627412249,0.9550811584492837,0.18532280244718544,0.18532280244718544,0.8084419191080241,0.8084419191080241,0.904220959554012,0.904220959554012
9,3,4,1,2,B,A,B,large,0.3401327540704102,1,0.8667852354164798,1,0,0.4667852354164797,0.8685077550639486,0.4066533914654139,0.4066533914654139,0.7658184001690019,0.7658184001690019,0.7658184001690019,0.7658184001690019
9,3,4,2,1,A,B,A,small,-0.003022248789384123,0.36996090466515424,0.053363026401053705,0,0,0.8805860795114707,0.8805860795114707,0.053363026401053705,0.0541258539098558,0.38215739221268574,0.38215739221268574,0.38215739221268574,0.38215739221268574
9,3,4,3,4,B,A,D,large,1.006310058072872,1,0.9499999999999998,1,1,0.9550811584492837,0.9550811584492837,0.18532280244718544,0.18532280244718544,0.904220959554012,0.904220959554012,0.952110479777006,0.952110479777006
9,3,4,4,3,A,B,C,small,0.6621868731073997,0.45247468237716376,0.6280859540735656,0,1,0.5083003515447636,0.5083003515447636,0.6280859540735656,0.653965079478034,0.24080071568711173,0.24080071568711173,0.34663769903213776,0.34663769903213776
9,3,5,1,1,A,B,A,small,0.015023537287580267,0.3464983433263904,0.0541258539098558,0,0,0.8805860795114707,0.8805860795114707,0.0541258539098558,0.05489895368001317,0.38215739221268574,0.38215739221268574,0.38215739221268574,0.38215739221268574
9,3,5,2,2,B,A,B,large,0.35179708465862736,0.9575775454716207,0.9499999999999998,0.7532599400216539,1,0.8685077550639486,0.9550811584492837,0.4066533914654139,0.4066533914654139,0.7658184001690019,0.7658184001690019,0.8616979728203114,0.8616979728203114
9,3,5,3,4,A,B,D,large,1.0021546060989992,1,0.5853228024471855,1,1,0.9550811584492837,0.9550811584492837,0.18532280244718544,0.6123409724872245,0.952110479777006,0.952110479777006,0.976055239888503,0.976055239888503
9,3,5,4,3,B,A,C,small,0.6700434762493807,0.8773195143166774,0.37228721769351025,-0.34003283462813344,0,0.5083003515447636,0.37579922143876665,0.653965079478034,0.653965079478034,0.34663769903213776,0.34663769903213776,0.34663769903213776,0.34663769903213776
9,3,6,1,1,A,B,A,small,-7.645666335280186e-4,0.09818664155440479,0.2385745466935383,0.4591889825338127,0,0.8805860795114707,0.8805860795114707,0.05489895368001317,0.24131007343282465,0.38215739221268574,0.38215739221268574,0.38215739221268574,0.38215739221268574
9,3,6,2,2,B,A,B,large,0.3434668450685953,0.8296088484454512,0.9499999999999998,0.1240405242813409,0,0.9550811584492837,0.9507077096900849,0.4066533914654139,0.4066533914654139,0.8616979728203114,0.8616979728203114,0.8616979728203114,0.8616979728203114
9,3,6,3,4,B,A,D,large,1.0249852363706535,1,0.9499999999999998,1,0,0.9550811584492837,0.9507077096900849,0.6123409724872245,0.6123409724872245,0.976055239888503,0.976055239888503,0.976055239888503,0.976055239888503
9,3,6,4,3,A,B,C,small,0.6562671881664209,0.39563837144268726,0.653965079478034,0,1,0.37579922143876665,0.37579922143876665,0.653965079478034,0.6789638730915528,0.34663769903213776,0.34663769903213776,0.3711380352374125,0.3711380352374125
9,3,7,1,3,A,B,C,small,0.6787840625784451,0.4567534114341535,0.6789638730915528,0,1,0.37579922143876665,0.37579922143876665,0.6789638730915528,0.7029769292047295,0.3711380352374125,0.3711380352374125,0.413945723335783,0.413945723335783
9,3,7,2,4,B,A,D,large,0.9918209307220731,1,0.9499999999999998,1,1,0.9507077096900849,0.9550811584492837,0.6123409724872245,0.6123409724872245,0.976055239888503,0.976055239888503,0.9880276199442515,0.9880276199442515
9,3,7,3,1,A,B,A,small,0.013511427704837733,0.5559994854477515,0.24131007343282465,0,1,0.8805860795114707,0.8805860795114707,0.24131007343282465,0.26250088267690685,0.38215739221268574,0.38215739221268574,0.4690784388302186,0.4690784388302186
9,3,7,4,2,B,A,B,large,0.32865828980406897,1,0.9499999999999998,1,1,0.9507077096900849,0.9550811584492837,0.4066533914654139,0.4066533914654139,0.8616979728203114,0.8616979728203114,0.9308489864101557,0.9308489864101557
9,3,8,1,1,B,A,A,small,0.006997081022573626,0.367464205566506,0.8805860795114707,0,1,0.8805860795114707,0.8919187617775131,0.26250088267690685,0.26250088267690685,0.4690784388302186,0.4690784388302186,0.41827132219836227,0.41827132219836227
9,3,8,2,3,A,B,C,small,0.6656995917522315,0.5791918655604065,0.7029769292047295,0,1,0.37579922143876665,0.37579922143876665,0.7029769292047295,0.7259189011554654,0.413945723335783,0.413945723335783,0.49656879444809476,0.49656879444809476
9,3,8,3,4,A,B,D,large,0.9765407972477349,1,0.9499999999999998,1,1,0.9550811584492837,0.9550811584492837,0.6123409724872245,0.9550811584492837,0.9880276199442515,0.9880276199442515,0.9940138099721257,0.9940138099721257
9,3,8,4,2,B,A,B,large,0.3380369097060749,0.43294583568914324,0.9499999999999998,0,1,0.9550811584492837,0.9550811584492837,0.4066533914654139,0.4066533914654139,0.9308489864101557,0.9308489864101557,0.6818974110496494,0.6818974110496494
9,3,9,1,4,B,A,D,large,0.9977736312955439,1,0.9499999999999998,1,1,0.9550811584492837,0.9550811584492837,0.9550811584492837,0.9550811584492837,0.9940138099721257,0.9940138099721257,0.9970069049860628,0.9970069049860628
9,3,9,2,1,B,A,A,small,0.007271810604831907,0.23557919177008282,0.8919187617775131,0,1,0.8919187617775131,0.9022952751686298,0.26250088267690685,0.26250088267690685,0.41827132219836227,0.41827132219836227,0.32692525698422253,0.32692525698422253
9,3,9,3,3,A,B,C,small,0.6670495294586176,0.2708242964331448,0.7259189011554654,0,1,0.37579922143876665,0.37579922143876665,0.7259189011554654,0.747724765613459,0.49656879444809476,0.49656879444809476,0.3836965454406198,0.3836965454406198
9,3,9,4,2,A,B,B,large,0.3283432806211431,0.6391656370621865,0.4066533914654139,0,0,0.9550811584492837,0.9550811584492837,0.4066533914654139,0.41027769441594586,0.6818974110496494,0.6818974110496494,0.6818974110496494,0.6818974110496494
9,3,10,1,4,B,A,D,large,1.0146144035972549,1,0.9499999999999998,1,1,0.9550811584492837,0.9550811584492837,0.9550811584492837,0.9550811584492837,0.9970069049860628,0.9970069049860628,0.9985034524930314,0.9985034524930314
9,3,10,2,2,A,B,B,large,0.32959417991412265,0.6805215426929718,0.41027769441594586,0,1,0.9550811584492837,0.9550811584492837,0.41027769441594586,0.43774534724978753,0.6818974110496494,0.6818974110496494,0.6812094768713106,0.6812094768713106
9,3,10,3,3,B,A,C,small,0.6779452633118522,0.5783626573461553,0.3757992214387667,0,1,0.37579922143876665,0.4025341806599026,0.747724765613459,0.747724765613459,0.3836965454406198,0.3836965454406198,0.4810296013933876,0.4810296013933876
9,3,10,4,1,A,B,A,small,0.0043412716638382975,0.32016019846462324,0.26250088267690685,0,0,0.9022952751686298,0.9022952751686298,0.26250088267690685,0.2654151225150143,0.32692525698422253,0.32692525698422253,0.32692525698422253,0.32692525698422253
9,4,1,1,4,B,A,D,large,0.9994076973675903,1,0.7261982758438144,1,1,0.3261982758438144,0.7479896296239943,0.20187751002085477,0.20187751002085477,0.9985034524930314,0.9985034524930314,0.9992517262465157,0.9992517262465157
9,4,1,2,3,B,A,C,small,0.6692940676101675,0.4508855765250062,0.16916809267528168,0,0,0.1691680926752817,0.17128682082885835,0.1860555766734537,0.1860555766734537,0.4810296013933876,0.4810296013933876,0.4810296013933876,0.4810296013933876
9,4,1,3,1,A,B,A,small,0.020702056711066907,0.361744319415904,0.1275708574307275,0,1,0.3978910766756028,0.3978910766756028,0.12757085743072752,0.14062489411848422,0.32692525698422253,0.32692525698422253,0.34433478820006325,0.34433478820006325
9,4,1,4,2,A,B,B,large,0.3241520505867379,1,0.5055792603754846,1,0,0.14775935569847023,0.14775935569847023,0.10557926037548457,0.5093284093948306,0.6812094768713106,0.6812094768713106,0.6812094768713106,0.6812094768713106
9,4,2,1,2,A,B,B,large,0.3458934942596864,0.72924957068592,0.5093284093948306,0,0,0.14775935569847023,0.14775935569847023,0.5093284093948306,0.5130765093727263,0.6812094768713106,0.6812094768713106,0.6812094768713106,0.6812094768713106
9,4,2,2,3,A,B,C,small,0.6707145611857687,0.9743637177593719,0,-0.8483974964692551,0,0.17128682082885835,0.17128682082885835,0.1860555766734537,0,0.4810296013933876,0.4810296013933876,0.4810296013933876,0.4810296013933876
9,4,2,3,1,B,A,A,small,-0.0016508134544465543,0.7892481817543424,0.39789107667560275,0,1,0.3978910766756028,0.42512727505544556,0.14062489411848422,0.14062489411848422,0.34433478820006325,0.34433478820006325,0.5667914849772029,0.5667914849772029
9,4,2,4,4,B,A,D,large,0.9891308288829899,1,0.9499999999999998,1,1,0.7479896296239943,0.9550811584492837,0.20187751002085477,0.20187751002085477,0.9992517262465157,0.9992517262465157,0.9996258631232579,0.9996258631232579
9,4,3,1,2,B,A,B,large,0.33516636807945827,0.6116988428013096,0.14775935569847023,0,0,0.14775935569847023,0.14965825104364433,0.5130765093727263,0.5130765093727263,0.6812094768713106,0.6812094768713106,0.6812094768713106,0.6812094768713106
9,4,3,2,1,A,B,A,small,-5.078737319392182e-5,0.8866536413487619,0,-0.38475391762354483,0,0.42512727505544556,0.42512727505544556,0.14062489411848422,0,0.5667914849772029,0.5667914849772029,0.5667914849772029,0.5667914849772029
9,4,3,3,3,B,A,C,small,0.6746928305931464,0.10894646868799132,0.33373708862280355,0.40612566948486295,0,0.17128682082885835,0.3370807144089272,0,0,0.4810296013933876,0.4810296013933876,0.4810296013933876,0.4810296013933876
9,4,3,4,4,A,B,D,large,1.0039502013904635,1,0.6018775100208549,1,1,0.9550811584492837,0.9550811584492837,0.20187751002085477,0.628501650127742,0.9996258631232579,0.9996258631232579,0.9998129315616289,0.9998129315616289
9,4,4,1,2,B,A,B,large,0.3477316627748916,0.47098845989550664,0.14965825104364433,0,0,0.14965825104364433,0.1515772093153409,0.5130765093727263,0.5130765093727263,0.6812094768713106,0.6812094768713106,0.6812094768713106,0.6812094768713106
9,4,4,2,1,A,B,A,small,-0.005345721068444715,0.6768371816393691,0,0,0,0.42512727505544556,0.42512727505544556,0,0,0.5667914849772029,0.5667914849772029,0.5667914849772029,0.5667914849772029
9,4,4,3,3,B,A,C,small,0.6674474316979131,0,0.7370807144089272,1,1,0.3370807144089272,0.7582942301774854,0,0,0.4810296013933876,0.4810296013933876,0.2405148006966938,0.2405148006966938
9,4,4,4,4,A,B,D,large,1.003255548662305,0.9876273244318287,0.9499999999999998,0.9258623568349604,1,0.9550811584492837,0.9550811584492837,0.628501650127742,0.9550811584492837,0.9998129315616289,0.9998129315616289,0.9937201279967287,0.9937201279967287
9,4,5,1,4,A,B,D,large,0.9788702106965856,1,0.9499999999999998,1,1,0.9550811584492837,0.9550811584492837,0.9550811584492837,0.9550811584492837,0.9937201279967287,0.9937201279967287,0.9968600639983644,0.9968600639983644
9,4,5,2,2,B,A,B,large,0.3233575436773661,0.7692324094155614,0.1515772093153409,0,0,0.1515772093153409,0.1535163308529855,0.5130765093727263,0.5130765093727263,0.6812094768713106,0.6812094768713106,0.6812094768713106,0.6812094768713106
9,4,5,3,1,B,A,A,small,-0.009464665425919212,0.35462360192969783,0.42512727505544556,0,0,0.42512727505544556,0.4287972390728654,0,0,0.5667914849772029,0.5667914849772029,0.5667914849772029,0.5667914849772029
9,4,5,4,3,A,B,C,small,0.670801968449123,0.1503868078025222,0.08484020565389404,0.21210051413473516,0,0.7582942301774854,0.7582942301774854,0,0.08601211681396277,0.2405148006966938,0.2405148006966938,0.2405148006966938,0.2405148006966938
9,4,6,1,4,B,A,D,large,0.9827267908843865,0.8621746786040037,0.9499999999999998,0.26922482467409575,0,0.9550811584492837,0.9507077096900849,0.9550811584492837,0.9550811584492837,0.9968600639983644,0.9968600639983644,0.9968600639983644,0.9968600639983644
9,4,6,2,2,B,A,B,large,0.3499406714124521,0.8560446880787899,0.249983900751865,0.24116892474719873,0,0.1535163308529855,0.25280681367937713,0.5130765093727263,0.5130765093727263,0.6812094768713106,0.6812094768713106,0.6812094768713106,0.6812094768713106
9,4,6,3,1,A,B,A,small,0.003933534292499789,0.23403622650689196,0,0,0,0.4287972390728654,0.4287972390728654,0,0,0.5667914849772029,0.5667914849772029,0.5667914849772029,0.5667914849772029
9,4,6,4,3,A,B,C,small,0.6720090777584921,0.26310940615986467,0.08601211681396277,0,0,0.7582942301774854,0.7582942301774854,0.08601211681396277,0.08719867335520004,0.2405148006966938,0.2405148006966938,0.2405148006966938,0.2405148006966938
9,4,7,1,1,B,A,A,small,-0.014372979627099903,0.1533351610893598,0.5083569717806985,0.19889933176958288,0,0.4287972390728654,0.5121053840329409,0,0,0.5667914849772029,0.5667914849772029,0.5667914849772029,0.5667914849772029
9,4,7,2,2,A,B,B,large,0.3291047847547501,0,0.1130765093727263,-1,1,0.25280681367937713,0.25280681367937713,0.5130765093727263,0.1248596399964141,0.6812094768713106,0.6812094768713106,0.3406047384356553,0.3406047384356553
9,4,7,3,4,B,A,D,large,1.005635629853898,0.870212627662838,0.9499999999999998,0.30653821099859974,1,0.9507077096900849,0.9550811584492837,0.9550811584492837,0.9550811584492837,0.9968600639983644,0.9968600639983644,0.9335363458306012,0.9335363458306012
9,4,7,4,3,A,B,C,small,0.6590791667805573,0.4729229660099444,0.08719867335520004,0,0,0.7582942301774854,0.7582942301774854,0.08719867335520004,0.08840001553561046,0.2405148006966938,0.2405148006966938,0.2405148006966938,0.2405148006966938
9,4,8,1,3,B,A,C,small,0.6739446468272342,0.23234213435537351,0.7582942301774854,0,1,0.7582942301774854,0.7783109360013983,0.08840001553561046,0.08840001553561046,0.2405148006966938,0.2405148006966938,0.23642846752603364,0.23642846752603364
9,4,8,2,4,A,B,D,large,1.0035928212333887,0.8499256131294419,0.9499999999999998,0.2135039382879803,1,0.9550811584492837,0.9550811584492837,0.9550811584492837,0.9550811584492837,0.9335363458306012,0.9335363458306012,0.8917309794800216,0.8917309794800216
9,4,8,3,1,B,A,A,small,8.79038935894367e-6,0.5964656310548552,0.5121053840329409,0,0,0.5121053840329409,0.5158524352787399,0,0,0.5667914849772029,0.5667914849772029,0.5667914849772029,0.5667914849772029
9,4,8,4,2,A,B,B,large,0.3332155821717322,0.9508050361115876,0.41116809910102325,0.715771147761523,0,0.25280681367937713,0.25280681367937713,0.1248596399964141,0.4148045097583864,0.3406047384356553,0.3406047384356553,0.3406047384356553,0.3406047384356553
9,4,9,1,1,A,B,A,small,0.019037098793419166,0.666015501129594,0,0,0,0.5158524352787399,0.5158524352787399,0,0,0.5667914849772029,0.5667914849772029,0.5667914849772029,0.5667914849772029
9,4,9,2,4,A,B,D,large,0.9993741382772768,0.9979916393501906,0.9499999999999998,0.9878407376105974,1,0.9550811584492837,0.9550811584492837,0.9550811584492837,0.9550811584492837,0.8917309794800216,0.8917309794800216,0.9448613094151062,0.9448613094151062
9,4,9,3,2,B,A,B,large,0.32008408871905486,0.3244895209330459,0.25280681367937713,0,1,0.25280681367937713,0.2746417492957293,0.4148045097583864,0.4148045097583864,0.3406047384356553,0.3406047384356553,0.33254712968435063,0.33254712968435063
9,4,9,4,3,B,A,C,small,0.6588210504056536,0.12679191246978513,0.9065500303198064,0.32059773579602024,1,0.7783109360013983,0.9156546821249819,0.08840001553561046,0.08840001553561046,0.23642846752603364,0.23642846752603364,0.1816101899979094,0.1816101899979094
9,4,10,1,1,A,B,A,small,0.008606372991053317,0.7109305194319594,0,0,0,0.5158524352787399,0.5158524352787399,0,0,0.5667914849772029,0.5667914849772029,0.5667914849772029,0.5667914849772029
9,4,10,2,3,B,A,C,small,0.6723961603379117,0.053648558733294466,0.9499999999999998,0.6913938691102057,1,0.9156546821249819,0.9550811584492837,0.08840001553561046,0.08840001553561046,0.1816101899979094,0.1816101899979094,0.11762937436560193,0.11762937436560193
9,4,10,3,2,B,A,B,large,0.3388258738893299,0.5493010720011209,0.2746417492957293,0,0,0.2746417492957293,0.2776400332812194,0.4148045097583864,0.4148045097583864,0.33254712968435063,0.33254712968435063,0.33254712968435063,0.33254712968435063
9,4,10,4,4,A,B,D,large,0.9877799588719524,0.7850546816105759,0.9499999999999998,0,1,0.9550811584492837,0.9550811584492837,0.9550811584492837,0.9550811584492837,0.9448613094151062,0.9448613094151062,0.864957995512841,0.864957995512841
9,5,1,1,3,A,B,C,small,0.6578370622949113,0,0.6035479312242074,1,1,0.33648723225297394,0.33648723225297394,0.20354793122420728,0.6301290110412557,0.11762937436560193,0.11762937436560193,0.058814687182800966,0.058814687182800966
9,5,1,2,4,B,A,D,large,0.9819736321395119,0.6566583135154866,0.18610629238941273,0,1,0.18610629238941273,0.20375124152451496,0.3073641300313944,0.3073641300313944,0.864957995512841,0.864957995512841,0.7608081545141638,0.7608081545141638
9,5,1,3,1,A,B,A,small,-0.026700803999629822,0.323219384568457,0.16044491525944354,0,0,0.18972922404316908,0.18972922404316908,0.16044491525944354,0.16247575608264062,0.5667914849772029,0.5667914849772029,0.5667914849772029,0.5667914849772029
9,5,1,4,2,B,A,B,large,0.3225142384363707,0,0,-1,0,0.26032033261734094,0,0.28440393816488024,0.28440393816488024,0.33254712968435063,0.33254712968435063,0.33254712968435063,0.33254712968435063
9,5,2,1,1,A,B,A,small,-0.003328589829527266,0,0.5624757560826407,1,1,0.18972922404316908,0.18972922404316908,0.16247575608264062,0.5899396534780497,0.5667914849772029,0.5667914849772029,0.28339574248860144,0.28339574248860144
9,5,2,2,4,A,B,D,large,0.9950674531561773,0.937532670123117,0.5648678313582868,0.6437592533172309,1,0.20375124152451496,0.20375124152451496,0.3073641300313944,0.5922904138148777,0.7608081545141638,0.7608081545141638,0.8491704123186404,0.8491704123186404
9,5,2,3,2,B,A,B,large,0.3224307654306054,0,0,-1,0,0,0,0.28440393816488024,0.28440393816488024,0.33254712968435063,0.33254712968435063,0.33254712968435063,0.33254712968435063
9,5,2,4,3,B,A,C,small,0.6756691355082256,0.13677886189477967,0.4461067335933666,0.27404875335098167,0,0.33648723225297394,0.4498160954250143,0.6301290110412557,0.6301290110412557,0.058814687182800966,0.058814687182800966,0.058814687182800966,0.058814687182800966
9,5,3,1,1,B,A,A,small,0.004033489806058488,0.21437036181621338,0.18972922404316908,0,0,0.18972922404316908,0.1920459434435408,0.5899396534780497,0.5899396534780497,0.28339574248860144,0.28339574248860144,0.28339574248860144,0.28339574248860144
9,5,3,2,2,B,A,B,large,0.3451211756685594,0,0,-1,0,0,0,0.28440393816488024,0.28440393816488024,0.33254712968435063,0.33254712968435063,0.33254712968435063,0.33254712968435063
9,5,3,3,3,A,B,C,small,0.658313086039542,0.4025804092625868,0.6301290110412557,0,0,0.4498160954250143,0.4498160954250143,0.6301290110412557,0.633618131690478,0.058814687182800966,0.058814687182800966,0.058814687182800966,0.058814687182800966
9,5,3,4,4,A,B,D,large,0.9980556847921475,0.6047125378939692,0.5922904138148777,0,1,0.20375124152451496,0.20375124152451496,0.5922904138148777,0.6191499960483257,0.8491704123186404,0.8491704123186404,0.7269414751063048,0.7269414751063048
9,5,4,1,1,B,A,A,small,0.012538452488777043,0.6001778545906132,0.1920459434435408,0,0,0.1920459434435408,0.19438416506028627,0.5899396534780497,0.5899396534780497,0.28339574248860144,0.28339574248860144,0.28339574248860144,0.28339574248860144
9,5,4,2,4,B,A,D,large,1.003025540543279,0.5605391577391826,0.20375124152451496,0,0,0.20375124152451496,0.20619560789688945,0.6191499960483257,0.6191499960483257,0.7269414751063048,0.7269414751063048,0.7269414751063048,0.7269414751063048
9,5,4,3,3,A,B,C,small,0.6542086034762917,0,0.9499999999999998,1,1,0.4498160954250143,0.4498160954250143,0.633618131690478,0.9550811584492837,0.058814687182800966,0.058814687182800966,0.029407343591400483,0.029407343591400483
9,5,4,4,2,A,B,B,large,0.3137500855870684,0.9023177098739351,0.4690856885732475,0.46170437602091824,1,0,0,0.28440393816488024,0.49717123529687424,0.33254712968435063,0.33254712968435063,0.6174324197791429,0.6174324197791429
9,5,5,1,4,B,A,D,large,0.9984807383923926,0.736167285452745,0.20619560789688945,0,0,0.20619560789688945,0.20866161419939797,0.6191499960483257,0.6191499960483257,0.7269414751063048,0.7269414751063048,0.7269414751063048,0.7269414751063048
9,5,5,2,3,A,B,C,small,0.6565897816832486,0.16678495054747497,0.9499999999999998,0.13965597794084958,1,0.4498160954250143,0.4498160954250143,0.9550811584492837,0.9550811584492837,0.029407343591400483,0.029407343591400483,0.09809614706943773,0.09809614706943773
9,5,5,3,1,B,A,A,small,-0.005308973137501619,0.19093276141551782,0.20926743981965887,0.03720818689843136,0,0.19438416506028627,0.21176038345217582,0.5899396534780497,0.5899396534780497,0.28339574248860144,0.28339574248860144,0.28339574248860144,0.28339574248860144
9,5,5,4,2,A,B,B,large,0.31762415022376067,0.6200408505324507,0.49717123529687424,0,1,0,0,0.49717123529687424,0.5252746445353274,0.6174324197791429,0.6174324197791429,0.6187366351557968,0.6187366351557968
9,5,6,1,1,A,B,A,small,1.28478143494492e-4,0,0.9499999999999998,1,1,0.21176038345217582,0.21176038345217582,0.5899396534780497,0.9550811584492837,0.28339574248860144,0.28339574248860144,0.14169787124430072,0.14169787124430072
9,5,6,2,2,B,A,B,large,0.3457342359043683,0.4171393371091077,0,0,0,0,0,0.5252746445353274,0.5252746445353274,0.6187366351557968,0.6187366351557968,0.6187366351557968,0.6187366351557968
9,5,6,3,4,A,B,D,large,0.9913419038064947,0.9914898053188798,0.9499999999999998,0.9488098665675097,1,0.20866161419939797,0.20866161419939797,0.6191499960483257,0.9550811584492837,0.7269414751063048,0.7269414751063048,0.8592156402125923,0.8592156402125923
9,5,6,4,3,B,A,C,small,0.6441508040918452,0.13155557075076516,0.5691274647843242,0.2982784233982747,1,0.4498160954250143,0.5964733715260159,0.9550811584492837,0.9550811584492837,0.09809614706943773,0.09809614706943773,0.11482585891010144,0.11482585891010144
9,5,7,1,4,A,B,D,large,0.985893002593448,0.8137294287310207,0.9499999999999998,0.05660416496434666,1,0.20866161419939797,0.20866161419939797,0.9550811584492837,0.9550811584492837,0.8592156402125923,0.8592156402125923,0.8364725344718065,0.8364725344718065
9,5,7,2,3,B,A,C,small,0.6616817177592238,0.18288571178132132,0.6247933120152137,0.07079985122299452,0,0.5964733715260159,0.6283030757209767,0.9550811584492837,0.9550811584492837,0.11482585891010144,0.11482585891010144,0.11482585891010144,0.11482585891010144
9,5,7,3,2,B,A,B,large,0.33644687978059473,0.6402650409647181,0,0,0,0,0,0.5252746445353274,0.5252746445353274,0.6187366351557968,0.6187366351557968,0.6187366351557968,0.6187366351557968
9,5,7,4,1,A,B,A,small,-0.0018681690804721182,0,0.9499999999999998,1,1,0.21176038345217582,0.21176038345217582,0.9550811584492837,0.9550811584492837,0.14169787124430072,0.14169787124430072,0.07084893562215036,0.07084893562215036
9,5,8,1,4,B,A,D,large,0.9911863652957046,0.7922028627125451,0.20866161419939797,0,0,0.20866161419939797,0.21114926796594286,0.9550811584492837,0.9550811584492837,0.8364725344718065,0.8364725344718065,0.8364725344718065,0.8364725344718065
9,5,8,2,3,A,B,C,small,0.6663486393283815,0.20638184969667384,0.9499999999999998,0,1,0.6283030757209767,0.6283030757209767,0.9550811584492837,0.9550811584492837,0.11482585891010144,0.11482585891010144,0.16060385430338764,0.16060385430338764
9,5,8,3,1,B,A,A,small,0.00865044417831026,0,0.6117603834521759,1,1,0.21176038345217582,0.6381209860016214,0.9550811584492837,0.9550811584492837,0.07084893562215036,0.07084893562215036,0.03542446781107518,0.03542446781107518
9,5,8,4,2,A,B,B,large,0.33857571943765724,0,0.12527464453532733,-1,0,0,0,0.5252746445353274,0.1269276183296528,0.6187366351557968,0.6187366351557968,0.6187366351557968,0.6187366351557968
9,5,9,1,1,B,A,A,small,-0.025565034534658988,0,0.9499999999999998,1,1,0.6381209860016214,0.9550811584492837,0.9550811584492837,0.9550811584492837,0.03542446781107518,0.03542446781107518,0.01771223390553759,0.01771223390553759
9,5,9,2,2,A,B,B,large,0.3309584179477549,0.4001944031566479,0.12692761832965277,0,0,0,0,0.1269276183296528,0.12859919625155353,0.6187366351557968,0.6187366351557968,0.6187366351557968,0.6187366351557968
9,5,9,3,3,B,A,C,small,0.6715993517142472,0.14455097942683875,0.7236874554976879,0.23846094944177806,0,0.6283030757209767,0.726676828004016,0.9550811584492837,0.9550811584492837,0.16060385430338764,0.16060385430338764,0.16060385430338764,0.16060385430338764
9,5,9,4,4,A,B,D,large,1.0014890174123008,0.6064446850003301,0.9499999999999998,0,1,0.21114926796594286,0.21114926796594286,0.9550811584492837,0.9550811584492837,0.8364725344718065,0.8364725344718065,0.7214586097360682,0.7214586097360682
9,5,10,1,4,A,B,D,large,0.9953597641921886,0,0.5550811584492836,-1,0,0.21114926796594286,0.21114926796594286,0.9550811584492837,0.5587825219079301,0.7214586097360682,0.7214586097360682,0.7214586097360682,0.7214586097360682
9,5,10,2,1,B,A,A,small,-0.0028675966730680614,0,0.9499999999999998,1,1,0.9550811584492837,0.9550811584492837,0.9550811584492837,0.9550811584492837,0.01771223390553759,0.01771223390553759,0.008856116952768795,0.008856116952768795
9,5,10,3,2,B,A,B,large,0.3465756674977545,0.9489681321725876,0.2822761280932546,0.7056903202331364,0,0,0.2853249727556316,0.12859919625155353,0.12859919625155353,0.6187366351557968,0.6187366351557968,0.6187366351557968,0.6187366351557968
9,5,10,4,3,A,B,C,small,0.6764358089287072,0.12559781798269315,0.9499999999999998,0.32622587439761186,1,0.726676828004016,0.726676828004016,0.9550811584492837,0.9550811584492837,0.16060385430338764,0.16060385430338764,0.1431008361430404,0.1431008361430404
9,6,1,1,4,A,B,D,large,0.9951015458433116,0.8711203440539476,0.4379129463007606,0.3107897878051203,0,0.3255881603647502,0.3255881603647502,0.31359703117871246,0.44160849666340257,0.7214586097360682,0.7214586097360682,0.7214586097360682,0.7214586097360682
9,6,1,2,2,B,A,B,large,0.3167983449215563,0.5924402228906509,0.22607282754422287,0,0,0.22607282754422287,0.22870806464227358,0.19149964649142595,0.19149964649142595,0.6187366351557968,0.6187366351557968,0.6187366351557968,0.6187366351557968
9,6,1,3,1,A,B,A,small,-0.0033263066097273864,0.4258384359998708,0.22994120591261594,0,1,0.28912452050591936,0.28912452050591936,0.22994120591261588,0.25046323643477436,0.008856116952768795,0.008856116952768795,0.2173472764763198,0.2173472764763198
9,6,1,4,3,B,A,C,small,0.6670344101906461,0.06343708081302472,0.3591671840719459,0.638572230725169,0,0.10373829178187835,0.3626269196360418,0.23085532427310737,0.23085532427310737,0.1431008361430404,0.1431008361430404,0.1431008361430404,0.1431008361430404
9,6,2,1,2,B,A,B,large,0.33617521833087294,0.1458062755539242,0.13560215423996513,-0.2327647760057712,0,0.22870806464227358,0.13736999721569526,0.19149964649142595,0.19149964649142595,0.6187366351557968,0.6187366351557968,0.6187366351557968,0.6187366351557968
9,6,2,2,1,A,B,A,small,0.012550439892186576,0,0.6504632364347744,1,1,0.28912452050591936,0.28912452050591936,0.25046323643477436,0.675589517844954,0.2173472764763198,0.2173472764763198,0.1086736382381599,0.1086736382381599
9,6,2,3,4,A,B,D,large,0.9986669874235993,0.79267956767081,0.44160849666340257,0,0,0.3255881603647502,0.3255881603647502,0.44160849666340257,0.4453105262417668,0.7214586097360682,0.7214586097360682,0.7214586097360682,0.7214586097360682
9,6,2,4,3,B,A,C,small,0.6616649711121768,0,0.7626269196360418,1,1,0.3626269196360418,0.7823877861207877,0.23085532427310737,0.23085532427310737,0.1431008361430404,0.1431008361430404,0.0715504180715202,0.0715504180715202
9,6,3,1,1,A,B,A,small,0.007520046561052637,0,0.9499999999999998,1,1,0.28912452050591936,0.28912452050591936,0.675589517844954,0.9550811584492837,0.1086736382381599,0.1086736382381599,0.05433681911907995,0.05433681911907995
9,6,3,2,3,B,A,C,small,0.6709484563025774,0,0.9499999999999998,1,1,0.7823877861207877,0.9550811584492837,0.23085532427310737,0.23085532427310737,0.0715504180715202,0.0715504180715202,0.0357752090357601,0.0357752090357601
9,6,3,3,2,A,B,B,large,0.33945992713367545,1,0.591499646491426,1,0,0.13736999721569526,0.13736999721569526,0.19149964649142595,0.5951190282663574,0.6187366351557968,0.6187366351557968,0.6187366351557968,0.6187366351557968
9,6,3,4,4,B,A,D,large,1.0097890820715874,0.7992998325613898,0.32558816036475013,0,0,0.3255881603647502,0.32889044546435076,0.4453105262417668,0.4453105262417668,0.7214586097360682,0.7214586097360682,0.7214586097360682,0.7214586097360682
9,6,4,1,1,B,A,A,small,-0.0010645974532442568,0.029337125180834877,0.6199834110796731,0.8271472264343843,0,0.28912452050591936,0.6235110557699233,0.9550811584492837,0.9550811584492837,0.05433681911907995,0.05433681911907995,0.05433681911907995,0.05433681911907995
9,6,4,2,2,B,A,B,large,0.31110732576327604,0.6685688974112891,0.13736999721569526,0,1,0.13736999721569526,0.15125291559148304,0.5951190282663574,0.5951190282663574,0.6187366351557968,0.6187366351557968,0.643652766283543,0.643652766283543
9,6,4,3,3,A,B,C,small,0.6520818209784466,0.03135399876258407,0.5571082714380059,0.8156323679122461,0,0.9550811584492837,0.9550811584492837,0.23085532427310737,0.5608061141226595,0.0357752090357601,0.0357752090357601,0.0357752090357601,0.0357752090357601
9,6,4,4,4,A,B,D,large,0.9888809188025129,0.7235361394629829,0.4453105262417668,0,1,0.32889044546435076,0.32889044546435076,0.4453105262417668,0.47324144026848314,0.7214586097360682,0.7214586097360682,0.7224973745995256,0.7224973745995256
9,6,5,1,1,A,B,A,small,-0.005468425261728549,0.03311367265383144,0.9499999999999998,0.8056238005780628,1,0.6235110557699233,0.6235110557699233,0.9550811584492837,0.9550811584492837,0.05433681911907995,0.05433681911907995,0.043725245886455696,0.043725245886455696
9,6,5,2,2,A,B,B,large,0.34290098119176793,1,0.9499999999999998,1,1,0.15125291559148304,0.15125291559148304,0.5951190282663574,0.9550811584492837,0.643652766283543,0.643652766283543,0.8218263831417715,0.8218263831417715
9,6,5,3,4,B,A,D,large,1.0087748492255815,0.3822347263024308,0.32889044546435076,0,0,0.32889044546435076,0.33220972544105665,0.47324144026848314,0.47324144026848314,0.7224973745995256,0.7224973745995256,0.7224973745995256,0.7224973745995256
9,6,5,4,3,B,A,C,small,0.6659588809957544,0.07563456110001991,0.9499999999999998,0.5741819524606737,1,0.9550811584492837,0.9550811584492837,0.5608061141226595,0.5608061141226595,0.0357752090357601,0.0357752090357601,0.05570488506789001,0.05570488506789001
9,6,6,1,4,B,A,D,large,0.9890621190046581,0.7311754847075419,0.33220972544105665,0,0,0.33220972544105665,0.3355457555482927,0.47324144026848314,0.47324144026848314,0.7224973745995256,0.7224973745995256,0.7224973745995256,0.7224973745995256
9,6,6,2,1,A,B,A,small,-0.005125199558739147,0.31486246004264484,0.9499999999999998,0,1,0.6235110557699233,0.6235110557699233,0.9550811584492837,0.9550811584492837,0.043725245886455696,0.043725245886455696,0.17929385296455028,0.17929385296455028
9,6,6,3,2,B,A,B,large,0.32466018637836763,0.7692589437692485,0.15125291559148304,0,0,0.15125291559148304,0.15318863752428563,0.9550811584492837,0.9550811584492837,0.8218263831417715,0.8218263831417715,0.8218263831417715,0.8218263831417715
9,6,6,4,3,A,B,C,small,0.6607768187989443,0.11471968381160584,0.7120547673919022,0.378121633173107,1,0.9550811584492837,0.9550811584492837,0.5608061141226595,0.7345603270604687,0.05570488506789001,0.05570488506789001,0.08521228443974793,0.08521228443974793
9,6,7,1,4,B,A,D,large,1.0176385224596838,0.9941647581742897,0.721468287304585,0.9648063293907309,1,0.3355457555482927,0.7435031275167326,0.47324144026848314,0.47324144026848314,0.7224973745995256,0.7224973745995256,0.8583310663869077,0.8583310663869077
9,6,7,2,2,A,B,B,large,0.33932518828054453,0.8702242862045189,0.9499999999999998,0.30659276854974793,1,0.15318863752428563,0.15318863752428563,0.9550811584492837,0.9550811584492837,0.8218263831417715,0.8218263831417715,0.8460253346731452,0.8460253346731452
9,6,7,3,1,B,A,A,small,0.021861572504515227,0.2746598214596819,0.6235110557699233,0,0,0.6235110557699233,0.6270256537823299,0.9550811584492837,0.9550811584492837,0.17929385296455028,0.17929385296455028,0.17929385296455028,0.17929385296455028
9,6,7,4,3,A,B,C,small,0.6659054200877432,0,0.9499999999999998,1,1,0.9550811584492837,0.9550811584492837,0.7345603270604687,0.9550811584492837,0.08521228443974793,0.08521228443974793,0.042606142219873966,0.042606142219873966
9,6,8,1,2,A,B,B,large,0.33384813128630164,0.22938151890386754,0.9499999999999998,0,1,0.15318863752428563,0.15318863752428563,0.9550811584492837,0.9550811584492837,0.8460253346731452,0.8460253346731452,0.5377034267885064,0.5377034267885064
9,6,8,2,3,B,A,C,small,0.652860560357114,0.13257523804222868,0.9499999999999998,0.29352851247018596,1,0.9550811584492837,0.9550811584492837,0.9550811584492837,0.9550811584492837,0.042606142219873966,0.042606142219873966,0.08759069013105132,0.08759069013105132
9,6,8,3,1,B,A,A,small,-0.003176428654055322,0.1066918888961142,0.7938856604720715,0.41715001672435376,0,0.6270256537823299,0.7963293106262436,0.9550811584492837,0.9550811584492837,0.17929385296455028,0.17929385296455028,0.17929385296455028,0.17929385296455028
9,6,8,4,4,A,B,D,large,0.9845388381248189,0.8721382299312016,0.5994680673646661,0.31556656774045727,1,0.7435031275167326,0.7435031275167326,0.47324144026848314,0.6261532539758279,0.8583310663869077,0.8583310663869077,0.8652346481590547,0.8652346481590547
9,6,9,1,4,B,A,D,large,1.0108407780006594,0.6865654278160954,0.7435031275167326,0,1,0.7435031275167326,0.7643641129026344,0.6261532539758279,0.6261532539758279,0.8652346481590547,0.8652346481590547,0.7759000379875751,0.7759000379875751
9,6,9,2,2,A,B,B,large,0.32535731944404256,0.5029095377873648,0.9499999999999998,0,1,0.15318863752428563,0.15318863752428563,0.9550811584492837,0.9550811584492837,0.5377034267885064,0.5377034267885064,0.5203064822879355,0.5203064822879355
9,6,9,3,3,B,A,C,small,0.6624801601605939,0.0457214795162565,0.9499999999999998,0.7349349636452113,1,0.9550811584492837,0.9550811584492837,0.9550811584492837,0.9550811584492837,0.08759069013105132,0.08759069013105132,0.06665608482365391,0.06665608482365391
9,6,9,4,1,A,B,A,small,-0.012555496168748594,0.27974405892375853,0.9499999999999998,0,0,0.7963293106262436,0.7963293106262436,0.9550811584492837,0.9507077096900849,0.17929385296455028,0.17929385296455028,0.17929385296455028,0.17929385296455028
9,6,10,1,4,A,B,D,large,0.994083729263818,0.58530550482494,0.6261532539758279,0,1,0.7643641129026344,0.7643641129026344,0.6261532539758279,0.6520923704955642,0.7759000379875751,0.7759000379875751,0.6806027714062576,0.6806027714062576
9,6,10,2,2,B,A,B,large,0.3284479273497809,0.5175880622068575,0.15318863752428563,0,1,0.15318863752428563,0.1683582135052613,0.9550811584492837,0.9550811584492837,0.5203064822879355,0.5203064822879355,0.5189472722473965,0.5189472722473965
9,6,10,3,1,B,A,A,small,-0.00505095358615363,0.08339035311499697,0.9499999999999998,0.5340487034033755,1,0.7963293106262436,0.9550811584492837,0.9507077096900849,0.9507077096900849,0.17929385296455028,0.17929385296455028,0.13134210303977362,0.13134210303977362
9,6,10,4,3,A,B,C,small,0.6427619937353375,0,0.9499999999999998,1,1,0.9550811584492837,0.9550811584492837,0.9550811584492837,0.9550811584492837,0.06665608482365391,0.06665608482365391,0.03332804241182696,0.03332804241182696
9,7,1,1,2,A,B,B,large,0.32699526398269807,0.011447949493801665,0,-0.9313401477854447,0,0.10412566297089491,0.10412566297089491,0.13221877307342136,0,0.5189472722473965,0.5189472722473965,0.5189472722473965,0.5189472722473965
9,7,1,2,1,B,A,A,small,-0.004819004069790252,0,0.7919117757637991,1,1,0.3919117757637991,0.8098426137185603,0.08300029957156933,0.08300029957156933,0.13134210303977362,0.13134210303977362,0.06567105151988681,0.06567105151988681
9,7,1,3,3,A,B,C,small,0.6495773920848223,0,0.4818230274266533,1,1,0.17879190689621974,0.17879190689621974,0.08182302742665329,0.5099387041766685,0.03332804241182696,0.03332804241182696,0.01666402120591348,0.01666402120591348
9,7,1,4,4,B,A,D,large,1.0097378288608285,0.9036856283120002,0.39024448425384606,0.46853949555347657,0,0.2028286860324554,0.39381960896680945,0.1805468798743169,0.1805468798743169,0.6806027714062576,0.6806027714062576,0.6806027714062576,0.6806027714062576
9,7,2,1,3,A,B,C,small,0.6675881310082429,0.592595384139629,0.5099387041766685,0,0,0.17879190689621974,0.17879190689621974,0.5099387041766685,0.5136865934989476,0.01666402120591348,0.01666402120591348,0.01666402120591348,0.01666402120591348
9,7,2,2,4,A,B,D,large,1.00349638446824,0.6020041789615277,0.1805468798743169,0,0,0.39381960896680945,0.39381960896680945,0.1805468798743169,0.18277676879930513,0.6806027714062576,0.6806027714062576,0.6806027714062576,0.6806027714062576
9,7,2,3,1,B,A,A,small,-0.008754658162369247,0.13269149890449097,0.9270376337291366,0.2929875500264408,1,0.8098426137185603,0.9342908977178942,0.08300029957156933,0.08300029957156933,0.06567105151988681,0.06567105151988681,0.09918127521218889,0.09918127521218889
9,7,2,4,2,B,A,B,large,0.3266799539963375,0.6506110733884661,0.10412566297089493,0,0,0.10412566297089491,0.10553324761759063,0,0,0.5189472722473965,0.5189472722473965,0.5189472722473965,0.5189472722473965
9,7,3,1,2,B,A,B,large,0.3304713605342124,0.7426770158664395,0.10553324761759063,0,0,0.10553324761759063,0.1069575884568504,0,0,0.5189472722473965,0.5189472722473965,0.5189472722473965,0.5189472722473965
9,7,3,2,4,A,B,D,large,1.002555012872324,0.6206921079914799,0.18277676879930513,0,1,0.39381960896680945,0.39381960896680945,0.18277676879930513,0.20018368504148026,0.6806027714062576,0.6806027714062576,0.6506474396988687,0.6506474396988687
9,7,3,3,3,A,B,C,small,0.6647784134275311,0,0.9136865934989477,1,1,0.17879190689621974,0.17879190689621974,0.5136865934989476,0.9221556483174024,0.01666402120591348,0.01666402120591348,0.00833201060295674,0.00833201060295674
9,7,3,4,1,B,A,A,small,0.0035738113719051352,0.7498203449934838,0.9342908977178942,0,1,0.9342908977178942,0.9408690995680694,0.08300029957156933,0.08300029957156933,0.09918127521218889,0.09918127521218889,0.42450081010283636,0.42450081010283636
9,7,4,1,4,A,B,D,large,0.9926032067338523,0.6058025041266708,0.20018368504148026,0,0,0.39381960896680945,0.39381960896680945,0.20018368504148026,0.202596141876127,0.6506474396988687,0.6506474396988687,0.6506474396988687,0.6506474396988687
9,7,4,2,1,B,A,A,small,0.008261910997040373,0.6830237558080855,0.9408690995680694,0,1,0.9408690995680694,0.9468262316585659,0.08300029957156933,0.08300029957156933,0.42450081010283636,0.42450081010283636,0.5537622829554609,0.5537622829554609
9,7,4,3,2,A,B,B,large,0.3280552913775971,0.8561996287341553,0.09674953290435777,0.24187383226089443,0,0.1069575884568504,0.1069575884568504,0,0.09806832111842854,0.5189472722473965,0.5189472722473965,0.5189472722473965,0.5189472722473965
9,7,4,4,3,B,A,C,small,0.6579794120654384,0.019732811395657777,0.5318409179771214,0.8826225277022541,0,0.17879190689621974,0.5355738574206254,0.9221556483174024,0.9221556483174024,0.00833201060295674,0.00833201060295674,0.00833201060295674,0.00833201060295674
9,7,5,1,2,B,A,B,large,0.3171826937923634,0.5370387315903479,0.1069575884568504,0,0,0.1069575884568504,0.10839882337141861,0.09806832111842854,0.09806832111842854,0.5189472722473965,0.5189472722473965,0.5189472722473965,0.5189472722473965
9,7,5,2,3,A,B,C,small,0.6682136241515236,0,0.9499999999999998,1,1,0.5355738574206254,0.5355738574206254,0.9221556483174024,0.9550811584492837,0.00833201060295674,0.00833201060295674,0.00416600530147837,0.00416600530147837
9,7,5,3,1,B,A,A,small,0.0029974223972411007,0.23157173921565058,0.9468262316585659,0,1,0.9468262316585659,0.9522136948828978,0.08300029957156933,0.08300029957156933,0.5537622829554609,0.5537622829554609,0.39266701108555574,0.39266701108555574
9,7,5,4,4,A,B,D,large,0.9981494124015113,0.5587830565201841,0.202596141876127,0,0,0.39381960896680945,0.39381960896680945,0.202596141876127,0.20503021897374513,0.6506474396988687,0.6506474396988687,0.6506474396988687,0.6506474396988687
9,7,6,1,3,B,A,C,small,0.6580165960628707,0.018733622185481056,0.8909560014894894,0.8884553601721601,1,0.5355738574206254,0.9014147296412789,0.9550811584492837,0.9550811584492837,0.00416600530147837,0.00416600530147837,0.011449813743479713,0.011449813743479713
9,7,6,2,2,A,B,B,large,0.3431298282109688,0.009183662338894763,0,-0.9447959357082997,0,0.10839882337141861,0.10839882337141861,0.09806832111842854,0,0.5189472722473965,0.5189472722473965,0.5189472722473965,0.5189472722473965
9,7,6,3,4,A,B,D,large,0.9966734385921724,0.22818509556159422,0.20503021897374513,0,0,0.39381960896680945,0.39381960896680945,0.20503021897374513,0.20748593076508187,0.6506474396988687,0.6506474396988687,0.6506474396988687,0.6506474396988687
9,7,6,4,1,B,A,A,small,-0.006237014335285224,0,0.9499999999999998,1,1,0.9522136948828978,0.9550811584492837,0.08300029957156933,0.08300029957156933,0.39266701108555574,0.39266701108555574,0.19633350554277787,0.19633350554277787
9,7,7,1,2,B,A,B,large,0.33562799926070486,0.736649825700374,0.10839882337141861,0,0,0.10839882337141861,0.10985708968805588,0,0,0.5189472722473965,0.5189472722473965,0.5189472722473965,0.5189472722473965
9,7,7,2,3,A,B,C,small,0.6757692583397262,0.012607974090363124,0.9499999999999998,0.9244701373744176,0,0.9014147296412789,0.9014147296412789,0.9550811584492837,0.9507077096900849,0.011449813743479713,0.011449813743479713,0.011449813743479713,0.011449813743479713
9,7,7,3,4,B,A,D,large,1.007634270956142,0.904808621484583,0.5834855224365001,0.47416478367422654,1,0.39381960896680945,0.6105437501721395,0.20748593076508187,0.20748593076508187,0.6506474396988687,0.6506474396988687,0.7777280305917258,0.7777280305917258
9,7,7,4,1,A,B,A,small,-0.0044765445972306086,0.3201493596675875,0.08300029957156932,0,0,0.9550811584492837,0.9550811584492837,0.08300029957156933,0.08414913272487906,0.19633350554277787,0.19633350554277787,0.19633350554277787,0.19633350554277787
9,7,8,1,2,B,A,B,large,0.32318176342034477,0.9373557831857459,0.3669820363795758,0.6428123667287998,0,0.10985708968805588,0.37047353070659744,0,0,0.5189472722473965,0.5189472722473965,0.5189472722473965,0.5189472722473965
9,7,8,2,4,A,B,D,large,0.9863242577582613,0.7206273615830937,0.20748593076508187,0,0,0.6105437501721395,0.6105437501721395,0.20748593076508187,0.20996328702774059,0.7777280305917258,0.7777280305917258,0.7777280305917258,0.7777280305917258
9,7,8,3,3,A,B,C,small,0.6518392482761152,0.22835537080262058,0.9499999999999998,0,1,0.9014147296412789,0.9014147296412789,0.9507077096900849,0.9550811584492837,0.011449813743479713,0.011449813743479713,0.11990259227305015,0.11990259227305015
9,7,8,4,1,B,A,A,small,6.446475111721683e-4,0.051429671282657165,0.9499999999999998,0.7035120711685453,1,0.9550811584492837,0.9550811584492837,0.08414913272487906,0.08414913272487906,0.19633350554277787,0.19633350554277787,0.12388158841271751,0.12388158841271751
9,7,9,1,2,A,B,B,large,0.323189083766411,0.3412094566830527,0,0,0,0.37047353070659744,0.37047353070659744,0,0,0.5189472722473965,0.5189472722473965,0.5189472722473965,0.5189472722473965
9,7,9,2,4,A,B,D,large,1.0125026567351594,0.7601480206114196,0.20996328702774059,0,0,0.6105437501721395,0.6105437501721395,0.20996328702774059,0.21246229279977905,0.7777280305917258,0.7777280305917258,0.7777280305917258,0.7777280305917258
9,7,9,3,1,B,A,A,small,-0.00885390289211698,0,0.9499999999999998,1,0,0.9550811584492837,0.9507077096900849,0.08414913272487906,0.08414913272487906,0.12388158841271751,0.12388158841271751,0.12388158841271751,0.12388158841271751
9,7,9,4,3,B,A,C,small,0.6638949193315952,0.17373424993857967,0.9452805712065774,0.10966460391324621,1,0.9014147296412789,0.950816502894073,0.9550811584492837,0.9550811584492837,0.11990259227305015,0.11990259227305015,0.14681842110581492,0.14681842110581492
9,7,10,1,2,B,A,B,large,0.3188253201565079,0.6361644734741185,0.37047353070659744,0,1,0.37047353070659744,0.39707062618036004,0,0,0.5189472722473965,0.5189472722473965,0.5775558728607575,0.5775558728607575
9,7,10,2,4,A,B,D,large,1.006648787602992,0.8726794339078164,0.33970641930546286,0.31811031626420955,0,0.6105437501721395,0.6105437501721395,0.21246229279977905,0.3430790547658217,0.7777280305917258,0.7777280305917258,0.7777280305917258,0.7777280305917258
9,7,10,3,1,B,A,A,small,0.015459327811436508,0,0.9499999999999998,1,1,0.9507077096900849,0.9550811584492837,0.08414913272487906,0.08414913272487906,0.12388158841271751,0.12388158841271751,0.06194079420635876,0.06194079420635876
9,7,10,4,3,A,B,C,small,0.6534451616429956,0.0981428232414285,0.9499999999999998,0.4594074205907697,1,0.950816502894073,0.950816502894073,0.9550811584492837,0.9550811584492837,0.14681842110581492,0.14681842110581492,0.12248062217362171,0.12248062217362171
9,8,1,1,2,B,A,B,large,0.33431672989131156,0.32141963077428476,0.2491326569373418,0,1,0.24913265693734185,0.27076525097414295,0.271221508424155,0.271221508424155,0.5775558728607575,0.5775558728607575,0.4494877518175211,0.4494877518175211
9,8,1,2,4,A,B,D,large,0.9908752086936758,0.4349496604493257,0.11524648575461088,0,0,0.32658144995051497,0.32658144995051497,0.11524648575461087,0.11678480602228673,0.7777280305917258,0.7777280305917258,0.7777280305917258,0.7777280305917258
9,8,1,3,3,B,A,C,small,0.6684440978106148,0,0.5517213841651833,1,1,0.1517213841651833,0.5793555026028695,0.20741464250062183,0.20741464250062183,0.12248062217362171,0.12248062217362171,0.061240311086810856,0.061240311086810856
9,8,1,4,1,A,B,A,small,0.001561591522932032,0.344193635896743,0.14362529933545495,0,1,0.12238186078044457,0.12238186078044457,0.14362529933545493,0.1580245848427393,0.06194079420635876,0.06194079420635876,0.2030672150515509,0.2030672150515509
9,8,2,1,3,B,A,C,small,0.6712198960991598,0.42436178077536557,0.5793555026028695,0,1,0.5793555026028695,0.6065010906752372,0.20741464250062183,0.20741464250062183,0.061240311086810856,0.061240311086810856,0.2428010459310882,0.2428010459310882
9,8,2,2,2,A,B,B,large,0.33411297523006706,1,0.6712215084241551,1,0,0.27076525097414295,0.27076525097414295,0.271221508424155,0.6745232145965226,0.4494877518175211,0.4494877518175211,0.4494877518175211,0.4494877518175211
9,8,2,3,1,B,A,A,small,0.009084742041284528,0,0.5223818607804446,1,1,0.12238186078044457,0.5503505880006507,0.1580245848427393,0.1580245848427393,0.2030672150515509,0.2030672150515509,0.10153360752577545,0.10153360752577545
9,8,2,4,4,A,B,D,large,1.0080894704470076,0.5685029502045911,0.11678480602228673,0,1,0.32658144995051497,0.32658144995051497,0.11678480602228673,0.12889819993790347,0.7777280305917258,0.7777280305917258,0.6731154903981584,0.6731154903981584
9,8,3,1,3,A,B,C,small,0.6703989258334466,0.13429837004693593,0.32162409801463737,0.28552363878503884,0,0.6065010906752372,0.6065010906752372,0.20741464250062183,0.32490554702296304,0.2428010459310882,0.2428010459310882,0.2428010459310882,0.2428010459310882
9,8,3,2,4,B,A,D,large,1.0072810034967252,0.11070594332639856,0.16755875624398014,-0.39755673426633703,0,0.32658144995051497,0.1696614444145338,0.12889819993790347,0.12889819993790347,0.6731154903981584,0.6731154903981584,0.6731154903981584,0.6731154903981584
9,8,3,3,1,B,A,A,small,0.009432206416957035,0.6104090721909651,0.5503505880006507,0,1,0.5503505880006507,0.5780045755087115,0.1580245848427393,0.1580245848427393,0.10153360752577545,0.10153360752577545,0.35597133985837026,0.35597133985837026
9,8,3,4,2,A,B,B,large,0.3217032734937815,0.5655851209605134,0.6745232145965226,0,0,0.27076525097414295,0.27076525097414295,0.6745232145965226,0.677807679495953,0.4494877518175211,0.4494877518175211,0.4494877518175211,0.4494877518175211
9,8,4,1,1,B,A,A,small,-0.005337866310511362,0.1174098804940202,0.7240775249813826,0.3651823736816775,0,0.5780045755087115,0.7270642689890409,0.1580245848427393,0.1580245848427393,0.35597133985837026,0.35597133985837026,0.35597133985837026,0.35597133985837026
9,8,4,2,4,A,B,D,large,0.9866269551753984,0.041995012672293566,0,-0.7556430960376506,0,0.1696614444145338,0.1696614444145338,0.12889819993790347,0,0.6731154903981584,0.6731154903981584,0.6731154903981584,0.6731154903981584
9,8,4,3,3,B,A,C,small,0.6811068016856728,0,0.9499999999999998,1,1,0.6065010906752372,0.9550811584492837,0.32490554702296304,0.32490554702296304,0.2428010459310882,0.2428010459310882,0.1214005229655441,0.1214005229655441
9,8,4,4,2,A,B,B,large,0.3310591897510204,0.6830376130051738,0.677807679495953,0,1,0.27076525097414295,0.27076525097414295,0.677807679495953,0.701869243470539,0.4494877518175211,0.4494877518175211,0.5662626824113475,0.5662626824113475
9,8,5,1,2,B,A,B,large,0.33164976233546023,0.9491318474234782,0.5534001621603677,0.7065872779655619,1,0.27076525097414295,0.5810093838485011,0.701869243470539,0.701869243470539,0.5662626824113475,0.5662626824113475,0.7576972649174128,0.7576972649174128
9,8,5,2,1,A,B,A,small,-0.0077193257657967584,0.45073335840323514,0.1580245848427393,0,0,0.7270642689890409,0.7270642689890409,0.1580245848427393,0.16003062973146362,0.35597133985837026,0.35597133985837026,0.35597133985837026,0.35597133985837026
9,8,5,3,3,B,A,C,small,0.6763876032013565,0,0.9499999999999998,1,1,0.9550811584492837,0.9550811584492837,0.32490554702296304,0.32490554702296304,0.1214005229655441,0.1214005229655441,0.06070026148277205,0.06070026148277205
9,8,5,4,4,A,B,D,large,1.0103201636020362,0.2020843282226191,0,0,0,0.1696614444145338,0.1696614444145338,0,0,0.6731154903981584,0.6731154903981584,0.6731154903981584,0.6731154903981584
9,8,6,1,4,B,A,D,large,0.9966721011364493,1,0.5696614444145338,1,0,0.1696614444145338,0.5733347464749002,0,0,0.6731154903981584,0.6731154903981584,0.6731154903981584,0.6731154903981584
9,8,6,2,1,A,B,A,small,0.003989777963480556,0.6674148254282696,0.16003062973146362,0,1,0.7270642689890409,0.7270642689890409,0.16003062973146362,0.175737130371003,0.35597133985837026,0.35597133985837026,0.5116930826433199,0.5116930826433199
9,8,6,3,3,A,B,C,small,0.6610380650741973,0.19869534072268452,0.3270304714537178,0.005312311076886975,1,0.9550811584492837,0.9550811584492837,0.32490554702296304,0.35225387171629274,0.06070026148277205,0.06070026148277205,0.12969780110272827,0.12969780110272827
9,8,6,4,2,B,A,B,large,0.3094846756172828,0.5646123149984189,0.5810093838485011,0,1,0.5810093838485011,0.6081204345907272,0.701869243470539,0.701869243470539,0.7576972649174128,0.7576972649174128,0.6611547899579159,0.6611547899579159
9,8,7,1,1,B,A,A,small,0.004133228765984377,0.6625871037385294,0.7270642689890409,0,0,0.7270642689890409,0.7300307369510133,0.175737130371003,0.175737130371003,0.5116930826433199,0.5116930826433199,0.5116930826433199,0.5116930826433199
9,8,7,2,4,A,B,D,large,0.9906373747460575,0.6932383023534295,0,0,0,0.5733347464749002,0.5733347464749002,0,0,0.6731154903981584,0.6731154903981584,0.6731154903981584,0.6731154903981584
9,8,7,3,3,B,A,C,small,0.6542913075819059,0.4866757263327842,0.9499999999999998,0,1,0.9550811584492837,0.9550811584492837,0.35225387171629274,0.35225387171629274,0.12969780110272827,0.12969780110272827,0.3081867637177562,0.3081867637177562
9,8,7,4,2,A,B,B,large,0.3414919371735663,0.5399837567581952,0.701869243470539,0,1,0.6081204345907272,0.6081204345907272,0.701869243470539,0.7248632866295868,0.6611547899579159,0.6611547899579159,0.6005692733580555,0.6005692733580555
9,8,8,1,1,B,A,A,small,-0.010756723687159691,0,0.9499999999999998,1,1,0.7300307369510133,0.9550811584492837,0.175737130371003,0.175737130371003,0.5116930826433199,0.5116930826433199,0.25584654132165996,0.25584654132165996
9,8,8,2,2,B,A,B,large,0.3327625838728258,0.42580004638909213,0.6081204345907272,0,1,0.6081204345907272,0.634580556141703,0.7248632866295868,0.7248632866295868,0.6005692733580555,0.6005692733580555,0.5131846598735739,0.5131846598735739
9,8,8,3,4,A,B,D,large,1.0054599989096715,0.8808428445137222,0.14272623108431906,0.35681557771079764,0,0.5733347464749002,0.5733347464749002,0,0.1445714168449533,0.6731154903981584,0.6731154903981584,0.6731154903981584,0.6731154903981584
9,8,8,4,3,A,B,C,small,0.6688704874270625,0.45930240967834735,0.3522538717162927,0,0,0.9550811584492837,0.9550811584492837,0.35225387171629274,0.35568397539381696,0.3081867637177562,0.3081867637177562,0.3081867637177562,0.3081867637177562
9,8,9,1,2,B,A,B,large,0.3244619991566872,0.5434810564405981,0.634580556141703,0,1,0.634580556141703,0.6602522176068335,0.7248632866295868,0.7248632866295868,0.5131846598735739,0.5131846598735739,0.528332858157086,0.528332858157086
9,8,9,2,4,B,A,D,large,0.9975579366023657,1,0.9499999999999998,1,1,0.5733347464749002,0.9550811584492837,0.1445714168449533,0.1445714168449533,0.6731154903981584,0.6731154903981584,0.8365577451990792,0.8365577451990792
9,8,9,3,1,A,B,A,small,-0.009592945959886906,0.2779992189678714,0.17573713037100303,0,0,0.9550811584492837,0.9550811584492837,0.175737130371003,0.17792051315292434,0.25584654132165996,0.25584654132165996,0.25584654132165996,0.25584654132165996
9,8,9,4,3,A,B,C,small,0.6629382011543858,0.20595463262527702,0.35568397539381696,0,0,0.9550811584492837,0.9550811584492837,0.35568397539381696,0.3591289615768577,0.3081867637177562,0.3081867637177562,0.3081867637177562,0.3081867637177562
9,8,10,1,3,B,A,C,small,0.661986016497312,0.19570314808953718,0.9499999999999998,0.017548398320202857,1,0.9550811584492837,0.9550811584492837,0.3591289615768577,0.3591289615768577,0.3081867637177562,0.3081867637177562,0.2519449559036467,0.2519449559036467
9,8,10,2,2,A,B,B,large,0.31145321001409076,0.21450857213142926,0.7248632866295868,0,1,0.6602522176068335,0.6602522176068335,0.7248632866295868,0.7467238330964147,0.528332858157086,0.528332858157086,0.3714207151442576,0.3714207151442576
9,8,10,3,1,A,B,A,small,0.002200901852376786,0.2601009416923245,0.17792051315292434,0,0,0.9550811584492837,0.9550811584492837,0.17792051315292434,0.1801250946365558,0.25584654132165996,0.25584654132165996,0.25584654132165996,0.25584654132165996
9,8,10,4,4,B,A,D,large,0.9995919492876435,1,0.9499999999999998,1,0,0.9550811584492837,0.9507077096900849,0.1445714168449533,0.1445714168449533,0.8365577451990792,0.8365577451990792,0.8365577451990792,0.8365577451990792
9,9,1,1,4,A,B,D,large,1.0035071511383373,0.4143562167401308,0.09767357338202944,0,1,0.2796546352027838,0.2796546352027838,0.09767357338202942,0.1080471745701529,0.8365577451990792,0.8365577451990792,0.625456980969605,0.625456980969605
9,9,1,2,1,B,A,A,small,0.013177587591985345,0,0.4956556651779632,1,1,0.0956556651779632,0.5237626410507713,0.3487863678275363,0.3487863678275363,0.25584654132165996,0.25584654132165996,0.12792327066082998,0.12792327066082998
9,9,1,3,2,A,B,B,large,0.3315438634966911,0.6177729993619646,0.37915735842010684,0,0,0.17050020016712183,0.17050020016712183,0.3791573584201069,0.38269465978821565,0.3714207151442576,0.3714207151442576,0.3714207151442576,0.3714207151442576
9,9,1,4,3,B,A,C,small,0.6681336654324663,0.6015019219142084,0.051728944440834125,0,0,0.05172894444083412,0.05246970740171465,0.36359913765622526,0.36359913765622526,0.2519449559036467,0.2519449559036467,0.2519449559036467,0.2519449559036467
9,9,2,1,4,A,B,D,large,1.0151743406550233,0.6634815867359718,0.1080471745701529,0,0,0.2796546352027838,0.2796546352027838,0.1080471745701529,0.10950129122208478,0.625456980969605,0.625456980969605,0.625456980969605,0.625456980969605
9,9,2,2,1,B,A,A,small,0.00418160397658067,0.3227586949906855,0.5237626410507713,0,1,0.5237626410507713,0.5517198984432679,0.3487863678275363,0.3487863678275363,0.12792327066082998,0.12792327066082998,0.22534098282575774,0.22534098282575774
9,9,2,3,2,A,B,B,large,0.34651495575243724,0,0,-1,0,0.17050020016712183,0.17050020016712183,0.38269465978821565,0,0.3714207151442576,0.3714207151442576,0.3714207151442576,0.3714207151442576
9,9,2,4,3,B,A,C,small,0.6625952131143746,0.7575288844213635,0.05246970740171465,0,0,0.05246970740171465,0.05322048280386305,0.36359913765622526,0.36359913765622526,0.2519449559036467,0.2519449559036467,0.2519449559036467,0.2519449559036467
9,9,3,1,2,A,B,B,large,0.3218272043650564,0.4618636947743301,0,0,0,0.17050020016712183,0.17050020016712183,0,0,0.3714207151442576,0.3714207151442576,0.3714207151442576,0.3714207151442576
9,9,3,2,3,B,A,C,small,0.6602891542089036,0,0.45322048280386307,1,0,0.05322048280386305,0.45694019830845356,0.36359913765622526,0.36359913765622526,0.2519449559036467,0.2519449559036467,0.2519449559036467,0.2519449559036467
9,9,3,3,4,B,A,D,large,1.0049546685124056,0.37117392551170025,0.2796546352027837,0,1,0.2796546352027838,0.3028684929436236,0.10950129122208478,0.10950129122208478,0.625456980969605,0.625456980969605,0.49831545324065263,0.49831545324065263
9,9,3,4,1,A,B,A,small,0.004564515894771168,0.3895853412438694,0.3487863678275363,0,1,0.5517198984432679,0.5517198984432679,0.3487863678275363,0.3747533489370887,0.22534098282575774,0.22534098282575774,0.30746316203481355,0.30746316203481355
9,9,4,1,2,B,A,B,large,0.3385861147001443,0,0,-1,0,0.17050020016712183,0,0,0,0.3714207151442576,0.3714207151442576,0.3714207151442576,0.3714207151442576
9,9,4,2,4,A,B,D,large,1.0098302452157724,0.22723929912617238,0.10950129122208478,0,0,0.3028684929436236,0.3028684929436236,0.10950129122208478,0.1109725428407226,0.49831545324065263,0.49831545324065263,0.49831545324065263,0.49831545324065263
9,9,4,3,3,B,A,C,small,0.6777564342618695,0,0.8569401983084536,1,1,0.45694019830845356,0.8701861213440725,0.36359913765622526,0.36359913765622526,0.2519449559036467,0.2519449559036467,0.12597247795182334,0.12597247795182334
9,9,4,4,1,A,B,A,small,-0.004266483602728487,0.1739825226071526,0.4181936754895329,0.10860081638111056,1,0.5517198984432679,0.5517198984432679,0.3747533489370887,0.4457906755375842,0.30746316203481355,0.30746316203481355,0.24072284232098307,0.24072284232098307
9,9,5,1,1,A,B,A,small,0.019049989293503482,0.33359151929920616,0.4457906755375842,0,0,0.5517198984432679,0.5517198984432679,0.4457906755375842,0.44949954206094894,0.24072284232098307,0.24072284232098307,0.24072284232098307,0.24072284232098307
9,9,5,2,3,A,B,C,small,0.6754187503840872,0.13048408151505667,0.4849112115969665,0.3032801848518531,0,0.8701861213440725,0.8701861213440725,0.36359913765622526,0.4886585744086132,0.12597247795182334,0.12597247795182334,0.12597247795182334,0.12597247795182334
9,9,5,3,4,B,A,D,large,1.0199610446010998,0.739603020708695,0.3028684929436236,0,0,0.3028684929436236,0.3060449135084414,0.1109725428407226,0.1109725428407226,0.49831545324065263,0.49831545324065263,0.49831545324065263,0.49831545324065263
9,9,5,4,2,B,A,B,large,0.32714019389792265,1,0.4,1,0,0,0.403605340410737,0,0,0.3714207151442576,0.3714207151442576,0.3714207151442576,0.3714207151442576
9,9,6,1,4,B,A,D,large,0.989395292449325,0.575607039398744,0.3060449135084414,0,0,0.3060449135084414,0.3092398701409398,0.1109725428407226,0.1109725428407226,0.49831545324065263,0.49831545324065263,0.49831545324065263,0.49831545324065263
9,9,6,2,2,A,B,B,large,0.3394638087964434,0.17675091367464543,0,-0.09677465359291915,0,0.403605340410737,0.403605340410737,0,0,0.3714207151442576,0.3714207151442576,0.3714207151442576,0.3714207151442576
9,9,6,3,3,A,B,C,small,0.6411728510990902,0.024049109920919465,0.8316823167863083,0.8575593559442377,0,0.8701861213440725,0.8701861213440725,0.4886585744086132,0.8337716851238058,0.12597247795182334,0.12597247795182334,0.12597247795182334,0.12597247795182334
9,9,6,4,1,B,A,A,small,-0.0013386852921924584,0.7096173674037843,0.5517198984432679,0,1,0.5517198984432679,0.5793540386398358,0.44949954206094894,0.44949954206094894,0.24072284232098307,0.24072284232098307,0.4751701048623837,0.4751701048623837
9,9,7,1,2,A,B,B,large,0.33219799861537025,0.34178965213805573,0,0,0,0.403605340410737,0.403605340410737,0,0,0.3714207151442576,0.3714207151442576,0.3714207151442576,0.3714207151442576
9,9,7,2,1,B,A,A,small,-0.01435677676685511,0,0.9499999999999998,1,1,0.5793540386398358,0.9550811584492837,0.44949954206094894,0.44949954206094894,0.4751701048623837,0.4751701048623837,0.23758505243119185,0.23758505243119185
9,9,7,3,4,A,B,D,large,1.0021141698925313,0.8606687811024891,0.21589281903644925,0.26230069048931665,1,0.3092398701409398,0.3092398701409398,0.1109725428407226,0.23554455678804714,0.49831545324065263,0.49831545324065263,0.6794921171715709,0.6794921171715709
9,9,7,4,3,B,A,C,small,0.6503653454410119,0.377490416051311,0.8701861213440725,0,0,0.8701861213440725,0.8718711665776665,0.8337716851238058,0.8337716851238058,0.12597247795182334,0.12597247795182334,0.12597247795182334,0.12597247795182334
9,9,8,1,2,B,A,B,large,0.34255584567604824,0.15166597469346452,0.32105993516146014,-0.2063635131231921,1,0.403605340410737,0.34605963777800053,0,0,0.3714207151442576,0.3714207151442576,0.26154334491886105,0.26154334491886105
9,9,8,2,1,B,A,A,small,0.008301172748109206,0.3299562365366941,0.9499999999999998,0,0,0.9550811584492837,0.9507077096900849,0.44949954206094894,0.44949954206094894,0.23758505243119185,0.23758505243119185,0.23758505243119185,0.23758505243119185
9,9,8,3,3,A,B,C,small,0.667015497845,0.09110796616142296,0.9499999999999998,0.49472620454391913,1,0.8718711665776665,0.8718711665776665,0.8337716851238058,0.9550811584492837,0.12597247795182334,0.12597247795182334,0.10854022205662314,0.10854022205662314
9,9,8,4,4,A,B,D,large,1.00239135570577,0.09931698529109595,0.05412026358869981,-0.4535607329983683,0,0.3092398701409398,0.3092398701409398,0.23554455678804714,0.05489328814418619,0.6794921171715709,0.6794921171715709,0.6794921171715709,0.6794921171715709
9,9,9,1,4,A,B,D,large,0.9958846570669961,0.4233824581114634,0.05489328814418619,0,0,0.3092398701409398,0.3092398701409398,0.05489328814418619,0.05567670423752292,0.6794921171715709,0.6794921171715709,0.6794921171715709,0.6794921171715709
9,9,9,2,2,B,A,B,large,0.33571550920971066,0,0,-1,0,0.34605963777800053,0,0,0,0.26154334491886105,0.26154334491886105,0.26154334491886105,0.26154334491886105
9,9,9,3,1,A,B,A,small,-0.011117713389129327,0.36128908523000325,0.44949954206094894,0,0,0.9507077096900849,0.9507077096900849,0.44949954206094894,0.45321403172218166,0.23758505243119185,0.23758505243119185,0.23758505243119185,0.23758505243119185
9,9,9,4,3,B,A,C,small,0.6684338060795305,0.1107239643318463,0.9499999999999998,0.39746912487043223,1,0.8718711665776665,0.9550811584492837,0.9550811584492837,0.9550811584492837,0.10854022205662314,0.10854022205662314,0.10963209319423473,0.10963209319423473
9,9,10,1,2,A,B,B,large,0.33041106070360216,0.2722382063720531,0,0,0,0,0,0,0,0.26154334491886105,0.26154334491886105,0.26154334491886105,0.26154334491886105
9,9,10,2,4,A,B,D,large,0.9846097474782166,0.9284607528445347,0.29392715035086325,0.5956261152833509,0,0.3092398701409398,0.3092398701409398,0.05567670423752292,0.29704975376860027,0.6794921171715709,0.6794921171715709,0.6794921171715709,0.6794921171715709
9,9,10,3,1,B,A,A,small,0.0037263562976275156,0.24731480415837426,0.9499999999999998,0,1,0.9507077096900849,0.9550811584492837,0.45321403172218166,0.45321403172218166,0.23758505243119185,0.23758505243119185,0.24244992829478307,0.24244992829478307
9,9,10,4,3,B,A,C,small,0.6834682945783264,0.10110847599794864,0.9499999999999998,0.44466649851322454,1,0.9550811584492837,0.9550811584492837,0.9550811584492837,0.9550811584492837,0.10963209319423473,0.10963209319423473,0.10537028459609168,0.10537028459609168
9,10,1,1,1,A,B,A,small,5.116645792284233e-4,0.7584652677247233,0.5818853922767234,0,1,0.15688018974807627,0.15688018974807627,0.5818853922767234,0.6089779080550888,0.24244992829478307,0.24244992829478307,0.5004575980097532,0.5004575980097532
9,10,1,2,4,A,B,D,large,0.9873897669997156,1,0.8677150438621103,1,0,0.16895554874554247,0.16895554874554247,0.46771504386211027,0.869427351833208,0.6794921171715709,0.6794921171715709,0.6794921171715709,0.6794921171715709
9,10,1,3,2,B,A,B,large,0.33909169294248104,0.4570877756394745,0.28311939396887364,0,0,0.28311939396887364,0.28617371508670675,0.3043915693809514,0.3043915693809514,0.26154334491886105,0.26154334491886105,0.26154334491886105,0.26154334491886105
9,10,1,4,3,B,A,C,small,0.6739314151215973,0,0.6630143130558126,1,1,0.2630143130558126,0.6876715829801613,0.49645427961335714,0.49645427961335714,0.10537028459609168,0.10537028459609168,0.05268514229804584,0.05268514229804584
9,10,2,1,1,A,B,A,small,-0.003695910994267677,0.03788271624887087,0.9204479673037791,0.7786751481217259,1,0.15688018974807627,0.15688018974807627,0.6089779080550888,0.9283056544449114,0.5004575980097532,0.5004575980097532,0.269170157129312,0.269170157129312
9,10,2,2,4,A,B,D,large,0.9968984659888935,1,0.9499999999999998,1,1,0.16895554874554247,0.16895554874554247,0.869427351833208,0.9550811584492837,0.6794921171715709,0.6794921171715709,0.8397460585857854,0.8397460585857854
9,10,2,3,3,B,A,C,small,0.676194291033175,0.07195734828025332,0.9250430895271707,0.5934287663675235,1,0.6876715829801613,0.9324801917172465,0.49645427961335714,0.49645427961335714,0.05268514229804584,0.05268514229804584,0.062321245289149584,0.062321245289149584
9,10,2,4,2,B,A,B,large,0.3512217263511026,0.29702034273641414,0.28617371508670675,0,0,0.28617371508670675,0.2892476917030608,0.3043915693809514,0.3043915693809514,0.26154334491886105,0.26154334491886105,0.26154334491886105,0.26154334491886105
9,10,3,1,2,A,B,B,large,0.3405784041618487,0.3056949776901506,0.30439156938095135,0,0,0.2892476917030608,0.2892476917030608,0.3043915693809514,0.3075769159937663,0.26154334491886105,0.26154334491886105,0.26154334491886105,0.26154334491886105
9,10,3,2,1,B,A,A,small,0.022645989973381048,0.2037813894281285,0.1568801897480763,0,0,0.15688018974807627,0.15887444833749012,0.9283056544449114,0.9283056544449114,0.269170157129312,0.269170157129312,0.269170157129312,0.269170157129312
9,10,3,3,3,A,B,C,small,0.6828453665705454,0.06972133256232192,0.7385349347138569,0.6052016377512496,1,0.9324801917172465,0.9324801917172465,0.49645427961335714,0.759669374732807,0.062321245289149584,0.062321245289149584,0.06602128892573575,0.06602128892573575
9,10,3,4,4,B,A,D,large,0.9852399290276195,0.9628816061333934,0.4821462934892111,0.7829768618591717,0,0.16895554874554247,0.485892445166977,0.9550811584492837,0.9550811584492837,0.8397460585857854,0.8397460585857854,0.8397460585857854,0.8397460585857854
9,10,4,1,1,A,B,A,small,-0.012348785945972163,0.7609751127994924,0.9283056544449114,0,1,0.15887444833749012,0.15887444833749012,0.9283056544449114,0.9354416416016821,0.269170157129312,0.269170157129312,0.5150726349644021,0.5150726349644021
9,10,4,2,3,A,B,C,small,0.6797106288177753,0.11223395849639775,0.9157251629516615,0.3901394705471358,1,0.9324801917172465,0.9324801917172465,0.759669374732807,0.9240108292585011,0.06602128892573575,0.06602128892573575,0.08912762371106675,0.08912762371106675
9,10,4,3,4,B,A,D,large,1.0148197594060053,0.775271166853341,0.485892445166977,0,1,0.485892445166977,0.5140100314735057,0.9550811584492837,0.9550811584492837,0.8397460585857854,0.8397460585857854,0.8075086127195632,0.8075086127195632
9,10,4,4,2,B,A,B,large,0.32638205082730526,0.3241305781307188,0.2892476917030608,0,1,0.2892476917030608,0.3129119492321886,0.3075769159937663,0.3075769159937663,0.26154334491886105,0.26154334491886105,0.29283696152478994,0.29283696152478994
9,10,5,1,4,A,B,D,large,0.9926514058062684,0.9905411717794499,0.9499999999999998,0.9431574761985748,1,0.5140100314735057,0.5140100314735057,0.9550811584492837,0.9550811584492837,0.8075086127195632,0.8075086127195632,0.8990248922495065,0.8990248922495065
9,10,5,2,2,B,A,B,large,0.30922612941007105,0,0,-1,0,0.3129119492321886,0,0.3075769159937663,0.3075769159937663,0.29283696152478994,0.29283696152478994,0.29283696152478994,0.29283696152478994
9,10,5,3,3,A,B,C,small,0.6753364423829683,0.19130435909259552,0.9382788322688365,0.0356700075258384,1,0.9324801917172465,0.9324801917172465,0.9240108292585011,0.9444815219771154,0.08912762371106675,0.08912762371106675,0.14021599140183114,0.14021599140183114
9,10,5,4,1,B,A,A,small,-0.01395424643859843,0.4678975212203938,0.15887444833749012,0,0,0.15887444833749012,0.16088922028357572,0.9354416416016821,0.9354416416016821,0.5150726349644021,0.5150726349644021,0.5150726349644021,0.5150726349644021
9,10,6,1,2,A,B,B,large,0.3481700187706121,0,0,-1,0,0,0,0.3075769159937663,0,0.29283696152478994,0.29283696152478994,0.29283696152478994,0.29283696152478994
9,10,6,2,3,A,B,C,small,0.6755229623228093,0.1458058216319715,0.9499999999999998,0.23276683318967153,1,0.9324801917172465,0.9324801917172465,0.9444815219771154,0.9550811584492837,0.14021599140183114,0.14021599140183114,0.14301090651690132,0.14301090651690132
9,10,6,3,1,B,A,A,small,0.005889671336968239,0.46830033231562473,0.1608892202835757,0,0,0.16088922028357572,0.16292459356196332,0.9354416416016821,0.9354416416016821,0.5150726349644021,0.5150726349644021,0.5150726349644021,0.5150726349644021
9,10,6,4,4,B,A,D,large,1.0025046040358023,0.8073755096798012,0.5260959252056356,0.03021473433032499,1,0.5140100314735057,0.5540328375568833,0.9550811584492837,0.9550811584492837,0.8990248922495065,0.8990248922495065,0.8532002009646539,0.8532002009646539
9,10,7,1,2,B,A,B,large,0.3051355638828757,0.8381316204093604,0.06445112570861987,0.16112781427154968,0,0,0.06536151408997441,0,0,0.29283696152478994,0.29283696152478994,0.29283696152478994,0.29283696152478994
9,10,7,2,1,A,B,A,small,-0.011753982980157063,0,0.9499999999999998,1,1,0.16292459356196332,0.16292459356196332,0.9354416416016821,0.9550811584492837,0.5150726349644021,0.5150726349644021,0.25753631748220107,0.25753631748220107
9,10,7,3,4,B,A,D,large,1.0132029369212074,0.9081456627668384,0.750415001887596,0.49095541082678174,0,0.5540328375568833,0.7532138213167834,0.9550811584492837,0.9550811584492837,0.8532002009646539,0.8532002009646539,0.8532002009646539,0.8532002009646539
9,10,7,4,3,A,B,C,small,0.6562547334372082,0.12553095208598847,0.9499999999999998,0.32654143173950545,1,0.9324801917172465,0.9324801917172465,0.9550811584492837,0.9550811584492837,0.14301090651690132,0.14301090651690132,0.1342709293014449,0.1342709293014449
9,10,8,1,3,A,B,C,small,0.6602584483742794,0.3559818084735695,0.9499999999999998,0,1,0.9324801917172465,0.9324801917172465,0.9550811584492837,0.9550811584492837,0.1342709293014449,0.1342709293014449,0.24512636888750722,0.24512636888750722
9,10,8,2,4,B,A,D,large,1.0023830597340306,0.8451522740163047,0.8300766251012243,0.19215700946110212,1,0.7532138213167834,0.8453610038651317,0.9550811584492837,0.9550811584492837,0.8532002009646539,0.8532002009646539,0.8491762374904792,0.8491762374904792
9,10,8,3,2,A,B,B,large,0.34483310447060633,0.5984143774315217,0,0,0,0.06536151408997441,0.06536151408997441,0,0,0.29283696152478994,0.29283696152478994,0.29283696152478994,0.29283696152478994
9,10,8,4,1,B,A,A,small,0.0012528901794686752,0.425067273698751,0.16292459356196332,0,0,0.16292459356196332,0.16498065327405448,0.9550811584492837,0.9550811584492837,0.25753631748220107,0.25753631748220107,0.25753631748220107,0.25753631748220107
9,10,9,1,4,A,B,D,large,0.9915364060345115,0.7684478505444771,0.9499999999999998,0,0,0.8453610038651317,0.8453610038651317,0.9550811584492837,0.9507077096900849,0.8491762374904792,0.8491762374904792,0.8491762374904792,0.8491762374904792
9,10,9,2,2,A,B,B,large,0.32688503381558054,0,0,-1,0,0.06536151408997441,0.06536151408997441,0,0,0.29283696152478994,0.29283696152478994,0.29283696152478994,0.29283696152478994
9,10,9,3,3,B,A,C,small,0.6584443163652524,0.19193023723252778,0.9457129319791072,0.03308185065465173,1,0.9324801917172465,0.9512073798050202,0.9550811584492837,0.9550811584492837,0.24512636888750722,0.24512636888750722,0.2185283030600175,0.2185283030600175
9,10,9,4,1,B,A,A,small,0.006277999364824358,0.1307081791870236,0.28587393322816257,0.30223319988527025,1,0.16498065327405448,0.3093823203801532,0.9550811584492837,0.9550811584492837,0.25753631748220107,0.25753631748220107,0.19412224833461234,0.19412224833461234
9,10,10,1,2,A,B,B,large,0.3457083784049804,0.24964352624770814,0,0,0,0.06536151408997441,0.06536151408997441,0,0,0.29283696152478994,0.29283696152478994,0.29283696152478994,0.29283696152478994
9,10,10,2,4,B,A,D,large,1.0008190803774257,0.7885907486520379,0.8453610038651317,0,1,0.8453610038651317,0.8595032701821262,0.9507077096900849,0.9507077096900849,0.8491762374904792,0.8491762374904792,0.8188834930712585,0.8188834930712585
9,10,10,3,3,B,A,C,small,0.6785279063073515,0.24591544377816232,0.9499999999999998,0,1,0.9512073798050202,0.9550811584492837,0.9550811584492837,0.9550811584492837,0.2185283030600175,0.2185283030600175,0.2322218734190899,0.2322218734190899
9,10,10,4,1,A,B,A,small,0.0016379391335094213,0,0.9499999999999998,1,0,0.3093823203801532,0.3093823203801532,0.9550811584492837,0.9507077096900849,0.19412224833461234,0.19412224833461234,0.19412224833461234,0.19412224833461234
10,1,1,1,2,A,B,B,large,0.3422139107254201,0.6078522001472724,0.1606200836087476,0,0,0.28119532370663036,0.28119532370663036,0.1606200836087476,0.16265271208157808,0.29283696152478994,0.29283696152478994,0.29283696152478994,0.29283696152478994
10,1,1,2,1,B,A,A,small,0.00223919454402104,0.20237399341676882,0.028811267433881536,0,0,0.028811267433881543,0.029233964735968312,0.3743796913453719,0.3743796913453719,0.19412224833461234,0.19412224833461234,0.19412224833461234,0.19412224833461234
10,1,1,3,3,A,B,C,small,0.6746896868114691,0.27651794196484647,0.3001625883256069,0,1,0.2840321356840702,0.2840321356840702,0.3001625883256069,0.3243123649763936,0.2322218734190899,0.2322218734190899,0.2543699076919682,0.2543699076919682
10,1,1,4,4,B,A,D,large,0.9771117010507842,1,0.7106832865238755,1,0,0.31068328652387545,0.7137577012535172,0.15905015059096417,0.15905015059096417,0.8188834930712585,0.8188834930712585,0.8188834930712585,0.8188834930712585
10,1,2,1,4,B,A,D,large,1.0061649909644244,0.9154986172685867,0.9250978446878682,0.5283503585858772,1,0.7137577012535172,0.9325299104077851,0.15905015059096417,0.15905015059096417,0.8188834930712585,0.8188834930712585,0.8671910551699227,0.8671910551699227
10,1,2,2,3,A,B,C,small,0.6641227239653839,0.27506758443733104,0.3243123649763936,0,1,0.2840321356840702,0.2840321356840702,0.3243123649763936,0.3494349776298155,0.2543699076919682,0.2543699076919682,0.2647187460646496,0.2647187460646496
10,1,2,3,2,B,A,B,large,0.33701799180479136,0.23141040623476072,0.28119532370663036,0,0,0.28119532370663036,0.2842371177591332,0.16265271208157808,0.16265271208157808,0.29283696152478994,0.29283696152478994,0.29283696152478994,0.29283696152478994
10,1,2,4,1,A,B,A,small,0.0025464689809782137,0.91506496547183,0.163927834916209,-0.5261296410729073,0,0.029233964735968312,0.029233964735968312,0.3743796913453719,0.16599404460622155,0.19412224833461234,0.19412224833461234,0.19412224833461234,0.19412224833461234
10,1,3,1,4,B,A,D,large,0.9844392382846675,0.936018449701069,0.9499999999999998,0.6356643685843127,1,0.9325299104077851,0.9550811584492837,0.15905015059096417,0.15905015059096417,0.8671910551699227,0.8671910551699227,0.9016047524354958,0.9016047524354958
10,1,3,2,3,B,A,C,small,0.6725865415992582,0.15573093667137838,0.3593239284936015,0.18822948202382822,1,0.2840321356840702,0.38561088098255164,0.3494349776298155,0.3494349776298155,0.2647187460646496,0.2647187460646496,0.210224841368014,0.210224841368014
10,1,3,3,2,A,B,B,large,0.34568731496677313,0.06621442913229102,0,-0.6237722405292918,0,0.2842371177591332,0.2842371177591332,0.16265271208157808,0,0.29283696152478994,0.29283696152478994,0.29283696152478994,0.29283696152478994
10,1,3,4,1,A,B,A,small,0.005211084159662347,0.31585082891231897,0.16599404460622155,0,0,0.029233964735968312,0.029233964735968312,0.16599404460622155,0.16808106194451555,0.19412224833461234,0.19412224833461234,0.19412224833461234,0.19412224833461234
10,1,4,1,1,B,A,A,small,-0.008615551103255,0,0.42923396473596825,1,1,0.029233964735968312,0.4569872677876496,0.16808106194451555,0.16808106194451555,0.19412224833461234,0.19412224833461234,0.09706112416730617,0.09706112416730617
10,1,4,2,2,A,B,B,large,0.3364094811880886,0.21486424598333903,0,0,0,0.2842371177591332,0.2842371177591332,0,0,0.29283696152478994,0.29283696152478994,0.29283696152478994,0.29283696152478994
10,1,4,3,3,B,A,C,small,0.6680766663094662,0.7158873022781511,0.38561088098255164,0,1,0.38561088098255164,0.41258248394578584,0.3494349776298155,0.3494349776298155,0.210224841368014,0.210224841368014,0.46305607182308256,0.46305607182308256
10,1,4,4,4,A,B,D,large,0.9868037301670712,0.7797304363254087,0.15905015059096417,0,0,0.9550811584492837,0.9550811584492837,0.15905015059096417,0.1610667240393765,0.9016047524354958,0.9016047524354958,0.9016047524354958,0.9016047524354958
10,1,5,1,2,B,A,B,large,0.313873844286229,0,0,-1,0,0.2842371177591332,0,0,0,0.29283696152478994,0.29283696152478994,0.29283696152478994,0.29283696152478994
10,1,5,2,4,B,A,D,large,0.98890725430734,0.6370443628232345,0.9499999999999998,0,1,0.9550811584492837,0.9550811584492837,0.1610667240393765,0.1610667240393765,0.9016047524354958,0.9016047524354958,0.7693245576293651,0.7693245576293651
10,1,5,3,3,A,B,C,small,0.6583874400860216,1,0,-1,0,0.41258248394578584,0.41258248394578584,0.3494349776298155,0,0.46305607182308256,0.46305607182308256,0.46305607182308256,0.46305607182308256
10,1,5,4,1,A,B,A,small,8.898947950509333e-4,0.016892030439112755,0.5277756059116664,0.8992363599178771,1,0.4569872677876496,0.4569872677876496,0.16808106194451555,0.5556971237428026,0.09706112416730617,0.09706112416730617,0.05697657730320946,0.05697657730320946
10,1,6,1,2,B,A,B,large,0.3260840861838773,0.15243865186915206,0,-0.20290519754913075,0,0,0,0,0,0.29283696152478994,0.29283696152478994,0.29283696152478994,0.29283696152478994
10,1,6,2,1,A,B,A,small,0.0030414610288469913,0.45438950801148476,0.5556971237428026,0,1,0.4569872677876496,0.4569872677876496,0.5556971237428026,0.5832712760728169,0.05697657730320946,0.05697657730320946,0.2556830426573471,0.2556830426573471
10,1,6,3,4,B,A,D,large,0.994577438884553,0.8576868198441489,0.9499999999999998,0.24865097852994053,1,0.9550811584492837,0.9550811584492837,0.1610667240393765,0.1610667240393765,0.7693245576293651,0.7693245576293651,0.813505688736757,0.813505688736757
10,1,6,4,3,A,B,C,small,0.6708348252586775,0.5983850169417769,0,0,0,0.41258248394578584,0.41258248394578584,0,0,0.46305607182308256,0.46305607182308256,0.46305607182308256,0.46305607182308256
10,1,7,1,3,A,B,C,small,0.655990236482134,0.5701719598937421,0,0,0,0.41258248394578584,0.41258248394578584,0,0,0.46305607182308256,0.46305607182308256,0.46305607182308256,0.46305607182308256
10,1,7,2,2,B,A,B,large,0.3310795794683608,0.12132446781251474,0,-0.3464779841359449,0,0,0,0,0,0.29283696152478994,0.29283696152478994,0.29283696152478994,0.29283696152478994
10,1,7,3,1,A,B,A,small,0.0035237118914422144,0,0.9499999999999998,1,1,0.4569872677876496,0.4569872677876496,0.5832712760728169,0.9550811584492837,0.2556830426573471,0.2556830426573471,0.12784152132867355,0.12784152132867355
10,1,7,4,4,B,A,D,large,1.0125318628995752,1,0.9499999999999998,1,1,0.9550811584492837,0.9550811584492837,0.1610667240393765,0.1610667240393765,0.813505688736757,0.813505688736757,0.9067528443683786,0.9067528443683786
10,1,8,1,1,B,A,A,small,0.01996842079521116,0.16294174362370764,0.5195561260815232,0.15642214573468424,1,0.4569872677876496,0.5475470042165415,0.9550811584492837,0.9550811584492837,0.12784152132867355,0.12784152132867355,0.14539163247619058,0.14539163247619058
10,1,8,2,4,A,B,D,large,0.9842688004884721,0.8998005981773068,0.34073704678884975,0.4491758068736831,0,0.9550811584492837,0.9550811584492837,0.1610667240393765,0.34411458187951793,0.9067528443683786,0.9067528443683786,0.9067528443683786,0.9067528443683786
10,1,8,3,2,A,B,B,large,0.3350202343678308,0.8014663188261792,0.0023886088315227916,0.005971522078806979,0,0,0,0,0.002424620504275703,0.29283696152478994,0.29283696152478994,0.29283696152478994,0.29283696152478994
10,1,8,4,3,B,A,C,small,0.6687566751400897,0.8987512699388005,0.2349938752496891,-0.44397152174024174,1,0.41258248394578584,0.2558170453579417,0,0,0.46305607182308256,0.46305607182308256,0.6809036708809415,0.6809036708809415
10,1,9,1,3,A,B,C,small,0.6638564789576767,0.7794509709781676,0,0,0,0.2558170453579417,0.2558170453579417,0,0,0.6809036708809415,0.6809036708809415,0.6809036708809415,0.6809036708809415
10,1,9,2,4,B,A,D,large,1.0129679424401308,0.7062889757974329,0.9499999999999998,0,1,0.9550811584492837,0.9550811584492837,0.34411458187951793,0.34411458187951793,0.9067528443683786,0.9067528443683786,0.8065209100829057,0.8065209100829057
10,1,9,3,2,A,B,B,large,0.350658667384167,0,0,-1,0,0,0,0.002424620504275703,0,0.29283696152478994,0.29283696152478994,0.29283696152478994,0.29283696152478994
10,1,9,4,1,B,A,A,small,0.0035575885230012755,0.1302850886721985,0.6692311135811644,0.3042102734115574,0,0.5475470042165415,0.6725430566781291,0.9550811584492837,0.9550811584492837,0.14539163247619058,0.14539163247619058,0.14539163247619058,0.14539163247619058
10,1,10,1,2,A,B,B,large,0.3345152818892867,0,0,-1,0,0,0,0,0,0.29283696152478994,0.29283696152478994,0.29283696152478994,0.29283696152478994
10,1,10,2,4,B,A,D,large,0.989010499235168,0.08922687349152122,0.7533792332956157,-0.5042548128841697,0,0.9550811584492837,0.7561556135442182,0.34411458187951793,0.34411458187951793,0.8065209100829057,0.8065209100829057,0.8065209100829057,0.8065209100829057
10,1,10,3,3,A,B,C,small,0.639129079998346,0.8470740803281559,0,-0.20072705128828217,0,0.2558170453579417,0.2558170453579417,0,0,0.6809036708809415,0.6809036708809415,0.6809036708809415,0.6809036708809415
10,1,10,4,1,B,A,A,small,-0.004147078376620494,0.16024895714284185,0.739841684198509,0.16824656880095026,0,0.6725430566781291,0.7427184203391066,0.9550811584492837,0.9550811584492837,0.14539163247619058,0.14539163247619058,0.14539163247619058,0.14539163247619058
10,2,1,1,2,A,B,B,large,0.35467154958381614,0.3482819036351316,0.2819362818979141,0,1,0.20929097115578807,0.20929097115578807,0.2819362818979141,0.30525927641099826,0.29283696152478994,0.29283696152478994,0.3205594325799608,0.3205594325799608
10,2,1,2,1,B,A,A,small,-0.004814679758532039,0.33538342327223997,0.3491153519586377,0,1,0.3491153519586377,0.3750927182171056,0.16846405813528254,0.16846405813528254,0.14539163247619058,0.14539163247619058,0.24038752787421527,0.24038752787421527
10,2,1,3,3,A,B,C,small,0.6768561765419032,0,0.6147153421070648,1,1,0.23039226439877217,0.23039226439877217,0.21471534210706475,0.6409930507497629,0.6809036708809415,0.6809036708809415,0.34045183544047075,0.34045183544047075
10,2,1,4,4,B,A,D,large,0.9887404049145798,0.6546376700608004,0.3324049559365909,0,0,0.3324049559365909,0.33574196086839264,0.2844048934995803,0.2844048934995803,0.8065209100829057,0.8065209100829057,0.8065209100829057,0.8065209100829057
10,2,2,1,3,A,B,C,small,0.6700194238082737,0.2629429824121266,0.6409930507497629,0,1,0.23039226439877217,0.23039226439877217,0.6409930507497629,0.6664510072506001,0.34045183544047075,0.34045183544047075,0.3016974089262987,0.3016974089262987
10,2,2,2,1,A,B,A,small,0.014020607834778924,0.3596236552202388,0.16846405813528254,0,0,0.3750927182171056,0.3750927182171056,0.16846405813528254,0.17057577899993018,0.24038752787421527,0.24038752787421527,0.24038752787421527,0.24038752787421527
10,2,2,3,2,B,A,B,large,0.3255459610700357,0.36410176213617595,0.2092909711557881,0,1,0.20929097115578807,0.2285169071210899,0.30525927641099826,0.30525927641099826,0.3205594325799608,0.3205594325799608,0.34233059735806837,0.34233059735806837
10,2,2,4,4,B,A,D,large,0.9978124019132111,1,0.7357419608683927,1,1,0.33574196086839264,0.7570278865799643,0.2844048934995803,0.2844048934995803,0.8065209100829057,0.8065209100829057,0.9032604550414529,0.9032604550414529
10,2,3,1,3,A,B,C,small,0.6501538965458133,0,0.9499999999999998,1,1,0.23039226439877217,0.23039226439877217,0.6664510072506001,0.9550811584492837,0.3016974089262987,0.3016974089262987,0.15084870446314935,0.15084870446314935
10,2,3,2,2,B,A,B,large,0.32136307058442715,0,0,-1,0,0.2285169071210899,0,0.30525927641099826,0.30525927641099826,0.34233059735806837,0.34233059735806837,0.34233059735806837,0.34233059735806837
10,2,3,3,4,B,A,D,large,1.009665144874167,1,0.9499999999999998,1,1,0.7570278865799643,0.9550811584492837,0.2844048934995803,0.2844048934995803,0.9032604550414529,0.9032604550414529,0.9516302275207265,0.9516302275207265
10,2,3,4,1,A,B,A,small,1.1213105287963755e-4,0.5567939853041557,0.17057577899993018,0,0,0.3750927182171056,0.3750927182171056,0.17057577899993018,0.17270847266559297,0.24038752787421527,0.24038752787421527,0.24038752787421527,0.24038752787421527
10,2,4,1,2,A,B,B,large,0.32181361872442893,0.66048408400459,0.30525927641099826,0,0,0,0,0.30525927641099826,0.3084496768632437,0.34233059735806837,0.34233059735806837,0.34233059735806837,0.34233059735806837
10,2,4,2,3,A,B,C,small,0.6570569846596553,0.7980108576851572,0.9499999999999998,0,1,0.23039226439877217,0.23039226439877217,0.9550811584492837,0.9550811584492837,0.15084870446314935,0.15084870446314935,0.4744297810741533,0.4744297810741533
10,2,4,3,1,B,A,A,small,-0.017236172536741673,0.5913725687483825,0.3750927182171056,0,0,0.3750927182171056,0.37861522453506247,0.17270847266559297,0.17270847266559297,0.24038752787421527,0.24038752787421527,0.24038752787421527,0.24038752787421527
10,2,4,4,4,B,A,D,large,0.9825114978269434,0.7442582226942607,0.9499999999999998,0,1,0.9550811584492837,0.9550811584492837,0.2844048934995803,0.2844048934995803,0.9516302275207265,0.9516302275207265,0.8479442251074936,0.8479442251074936
10,2,5,1,3,B,A,C,small,0.6567739377548276,0.4853905738224576,0.23039226439877214,0,0,0.23039226439877217,0.2330626888684763,0.9550811584492837,0.9550811584492837,0.4744297810741533,0.4744297810741533,0.4744297810741533,0.4744297810741533
10,2,5,2,2,B,A,B,large,0.32783517330103695,0,0,-1,0,0,0,0.3084496768632437,0.3084496768632437,0.34233059735806837,0.34233059735806837,0.34233059735806837,0.34233059735806837
10,2,5,3,1,A,B,A,small,-0.0014828173200121192,0,0.572708472665593,1,0,0.37861522453506247,0.37861522453506247,0.17270847266559297,0.5763751071555898,0.24038752787421527,0.24038752787421527,0.24038752787421527,0.24038752787421527
10,2,5,4,4,A,B,D,large,0.98705401724239,0.9033295586442185,0.47110829781576324,0.46675851079045716,1,0.9550811584492837,0.9550811584492837,0.2844048934995803,0.49920107821077647,0.8479442251074936,0.8479442251074936,0.875636891875856,0.875636891875856
10,2,6,1,1,B,A,A,small,-0.014830189419579731,0.25976345626393493,0.37861522453506247,0,1,0.37861522453506247,0.4054204005249892,0.5763751071555898,0.5763751071555898,0.24038752787421527,0.24038752787421527,0.2500754920690751,0.2500754920690751
10,2,6,2,2,B,A,B,large,0.339167353096458,0.11326450678196284,0,-0.38514978545207557,0,0,0,0.3084496768632437,0.3084496768632437,0.34233059735806837,0.34233059735806837,0.34233059735806837,0.34233059735806837
10,2,6,3,3,A,B,C,small,0.6625094698823661,1,0.5550811584492836,-1,0,0.2330626888684763,0.2330626888684763,0.9550811584492837,0.5587825219079301,0.4744297810741533,0.4744297810741533,0.4744297810741533,0.4744297810741533
10,2,6,4,4,A,B,D,large,0.9866319145053489,0.8678318507271366,0.6173705543807784,0.2954236904250047,1,0.9550811584492837,0.9550811584492837,0.49920107821077647,0.6435721718320946,0.875636891875856,0.875636891875856,0.8717343713014963,0.8717343713014963
10,2,7,1,2,A,B,B,large,0.33633894092303884,0.13962427036534622,0.2040674133627966,-0.26095565875111776,0,0,0,0.3084496768632437,0.20651458902627895,0.34233059735806837,0.34233059735806837,0.34233059735806837,0.34233059735806837
10,2,7,2,3,A,B,C,small,0.6648148810334196,0.08969030082694357,0.7595441255589923,0.5019040091276556,1,0.2330626888684763,0.2330626888684763,0.5587825219079301,0.7794874226914991,0.4744297810741533,0.4744297810741533,0.28206004095054843,0.28206004095054843
10,2,7,3,4,B,A,D,large,0.9986521989240286,0.6290960377206541,0.9499999999999998,0,1,0.9550811584492837,0.9550811584492837,0.6435721718320946,0.6435721718320946,0.8717343713014963,0.8717343713014963,0.7504152045110752,0.7504152045110752
10,2,7,4,1,B,A,A,small,0.006829950357585567,0.3503645899607121,0.4054204005249892,0,0,0.4054204005249892,0.4090412900582392,0.5763751071555898,0.5763751071555898,0.2500754920690751,0.2500754920690751,0.2500754920690751,0.2500754920690751
10,2,8,1,4,B,A,D,large,0.9962476601019371,0.46485659598932483,0.9499999999999998,0,1,0.9550811584492837,0.9550811584492837,0.6435721718320946,0.6435721718320946,0.7504152045110752,0.7504152045110752,0.6076359002502001,0.6076359002502001
10,2,8,2,3,A,B,C,small,0.6740864673138519,0.16135053387457224,0.8448480964830263,0.1634016844788181,1,0.2330626888684763,0.2330626888684763,0.7794874226914991,0.8590294478066073,0.28206004095054843,0.28206004095054843,0.22170528741256035,0.22170528741256035
10,2,8,3,2,B,A,B,large,0.3231579020307716,0.9870378300154302,0.3689502633426879,0.9223756583567196,0,0,0.3724494657740762,0.20651458902627895,0.20651458902627895,0.34233059735806837,0.34233059735806837,0.34233059735806837,0.34233059735806837
10,2,8,4,1,A,B,A,small,-0.002377742903758904,0.14040586217102158,0.6793239886556613,0.257372203750179,1,0.4090412900582392,0.4090412900582392,0.5763751071555898,0.7033218785658186,0.2500754920690751,0.2500754920690751,0.19524067712004833,0.19524067712004833
10,2,9,1,2,A,B,B,large,0.32660963134865106,0,0,-1,0,0.3724494657740762,0.3724494657740762,0.20651458902627895,0,0.34233059735806837,0.34233059735806837,0.34233059735806837,0.34233059735806837
10,2,9,2,4,B,A,D,large,0.9891095262693624,0.4299312650856781,0.9499999999999998,0,1,0.9550811584492837,0.9550811584492837,0.6435721718320946,0.6435721718320946,0.6076359002502001,0.6076359002502001,0.5187835826679391,0.5187835826679391
10,2,9,3,1,B,A,A,small,0.009182423087713797,0.22227341171852866,0.40904129005823914,0,0,0.4090412900582392,0.4126720734481903,0.7033218785658186,0.7033218785658186,0.19524067712004833,0.19524067712004833,0.19524067712004833,0.19524067712004833
10,2,9,4,3,A,B,C,small,0.669291041648595,0.7812359869211485,0.8590294478066073,0,1,0.2330626888684763,0.2330626888684763,0.8590294478066073,0.8721107964324243,0.22170528741256035,0.22170528741256035,0.5014706371668545,0.5014706371668545
10,2,10,1,1,B,A,A,small,0.0030425426531699652,0.27414619990868255,0.41267207344819035,0,1,0.4126720734481903,0.44018037547904826,0.7033218785658186,0.7033218785658186,0.19524067712004833,0.19524067712004833,0.23469343851436544,0.23469343851436544
10,2,10,2,2,A,B,B,large,0.31482735677509466,0.32978280235221596,0,0,0,0.3724494657740762,0.3724494657740762,0,0,0.34233059735806837,0.34233059735806837,0.34233059735806837,0.34233059735806837
10,2,10,3,3,B,A,C,small,0.6523559206194534,0.590084249298532,0.2330626888684763,0,0,0.2330626888684763,0.23575458398317672,0.8721107964324243,0.8721107964324243,0.5014706371668545,0.5014706371668545,0.5014706371668545,0.5014706371668545
10,2,10,4,4,A,B,D,large,0.9908001567855347,0.49942527392880787,0.6435721718320946,0,1,0.9550811584492837,0.9550811584492837,0.6435721718320946,0.6689416963500205,0.5187835826679391,0.5187835826679391,0.5091044282983734,0.5091044282983734
10,3,1,1,1,B,A,A,small,0.004434363189302715,0.8066412019094953,0.06923115642728207,-0.02718652979602715,0,0.08010576834569295,0.0702039972806305,0.16918065812506686,0.16918065812506686,0.23469343851436544,0.23469343851436544,0.23469343851436544,0.23469343851436544
10,3,1,2,2,B,A,B,large,0.3304650446604465,0.0839839302895115,0.07240676556249892,-0.5310027381504581,0,0.28480786082268217,0.07342071027755977,0.14531958832569256,0.14531958832569256,0.34233059735806837,0.34233059735806837,0.34233059735806837,0.34233059735806837
10,3,1,3,3,A,B,C,small,0.6639362425308348,0.1726015020078188,0.44538701612342635,0.11452485962385305,0,0.3691000913636712,0.3691000913636712,0.3995770722738851,0.4490952456864843,0.5014706371668545,0.5014706371668545,0.5014706371668545,0.5014706371668545
10,3,1,4,4,A,B,D,large,1.0028814855838781,0.39127134621494913,0.05584168193839111,0,0,0.4109729431398364,0.4109729431398364,0.055841681938391126,0.056637822021877116,0.5091044282983734,0.5091044282983734,0.5091044282983734,0.5091044282983734
10,3,2,1,2,A,B,B,large,0.33972482037203894,0.024118543396622658,0,-0.8571579466584145,0,0.07342071027755977,0.07342071027755977,0.14531958832569256,0,0.34233059735806837,0.34233059735806837,0.34233059735806837,0.34233059735806837
10,3,2,2,1,A,B,A,small,1.92080008131127e-5,0,0.5691806581250669,1,1,0.0702039972806305,0.0702039972806305,0.16918065812506686,0.596525582235292,0.23469343851436544,0.23469343851436544,0.11734671925718272,0.11734671925718272
10,3,2,3,4,B,A,D,large,0.9922381537616526,0.6222793838651158,0.4109729431398364,0,1,0.4109729431398364,0.43845253553679386,0.056637822021877116,0.056637822021877116,0.5091044282983734,0.5091044282983734,0.5656919060817447,0.5656919060817447
10,3,2,4,3,B,A,C,small,0.6589407565921344,0.5664293554456683,0.3691000913636712,0,0,0.3691000913636712,0.3725998757736373,0.4490952456864843,0.4490952456864843,0.5014706371668545,0.5014706371668545,0.5014706371668545,0.5014706371668545
10,3,3,1,4,B,A,D,large,1.0027565906019498,0.8053904247532364,0.44726801171576214,0.022038690447420607,0,0.43845253553679386,0.45097916764248597,0.056637822021877116,0.056637822021877116,0.5656919060817447,0.5656919060817447,0.5656919060817447,0.5656919060817447
10,3,3,2,1,A,B,A,small,-0.00949643104677272,0.6503497280873293,0.596525582235292,0,1,0.0702039972806305,0.0702039972806305,0.596525582235292,0.62328361427661,0.11734671925718272,0.11734671925718272,0.383848223672256,0.383848223672256
10,3,3,3,2,A,B,B,large,0.3235843099898006,0.20204482233829807,0,0,0,0.07342071027755977,0.07342071027755977,0,0,0.34233059735806837,0.34233059735806837,0.34233059735806837,0.34233059735806837
10,3,3,4,3,B,A,C,small,0.668243439278639,0.7220329892345368,0.3725998757736373,0,0,0.3725998757736373,0.3761130617317666,0.4490952456864843,0.4490952456864843,0.5014706371668545,0.5014706371668545,0.5014706371668545,0.5014706371668545
10,3,4,1,4,A,B,D,large,0.996685353758939,1,0.4566378220218772,1,0,0.45097916764248597,0.45097916764248597,0.056637822021877116,0.46036197032489623,0.5656919060817447,0.5656919060817447,0.5656919060817447,0.5656919060817447
10,3,4,2,3,B,A,C,small,0.6679135726838157,0.4320700316920018,0.37611306173176656,0,1,0.3761130617317666,0.40285593825920774,0.4490952456864843,0.4490952456864843,0.5014706371668545,0.5014706371668545,0.46677033442942817,0.46677033442942817
10,3,4,3,1,A,B,A,small,-0.010328271110885226,0,0.9499999999999998,1,1,0.0702039972806305,0.0702039972806305,0.62328361427661,0.9550811584492837,0.383848223672256,0.383848223672256,0.191924111836128,0.191924111836128
10,3,4,4,2,B,A,B,large,0.32607883697924156,0.8592337574561403,0.17570943499115685,0.25572181178399267,0,0.07342071027755977,0.1778925479436287,0,0,0.34233059735806837,0.34233059735806837,0.34233059735806837,0.34233059735806837
10,3,5,1,4,A,B,D,large,0.9989745638285841,0.3710830702892126,0.46036197032489623,0,0,0.45097916764248597,0.45097916764248597,0.46036197032489623,0.4640905497164555,0.5656919060817447,0.5656919060817447,0.5656919060817447,0.5656919060817447
10,3,5,2,1,B,A,A,small,-0.006589785201435583,0.23246339694267698,0.0702039972806305,0,0,0.0702039972806305,0.07118946298220498,0.9550811584492837,0.9550811584492837,0.191924111836128,0.191924111836128,0.191924111836128,0.191924111836128
10,3,5,3,3,B,A,C,small,0.6725917930485296,0.6008070445673165,0.40285593825920774,0,1,0.40285593825920774,0.4301891742597806,0.4490952456864843,0.4490952456864843,0.46677033442942817,0.46677033442942817,0.5337886894983723,0.5337886894983723
10,3,5,4,2,A,B,B,large,0.35253147108862437,0,0,-1,0,0.1778925479436287,0.1778925479436287,0,0,0.34233059735806837,0.34233059735806837,0.34233059735806837,0.34233059735806837
10,3,6,1,4,B,A,D,large,1.0049019120344769,0.6690481887224223,0.45097916764248597,0,1,0.45097916764248597,0.4789586243855158,0.4640905497164555,0.4640905497164555,0.5656919060817447,0.5656919060817447,0.6173700474020836,0.6173700474020836
10,3,6,2,2,B,A,B,large,0.3444704995682909,0.8167139159704445,0.20553883731597258,0.0691157234308598,0,0.1778925479436287,0.2079990470857126,0,0,0.34233059735806837,0.34233059735806837,0.34233059735806837,0.34233059735806837
10,3,6,3,3,A,B,C,small,0.6639131712943804,0.19201188885488624,0.46219302183119926,0.03274444036178748,1,0.4301891742597806,0.4301891742597806,0.4490952456864843,0.49024695746538127,0.5337886894983723,0.5337886894983723,0.3629002891766293,0.3629002891766293
10,3,6,4,1,A,B,A,small,0.001237892033358776,0,0.9499999999999998,1,1,0.07118946298220498,0.07118946298220498,0.9550811584492837,0.9550811584492837,0.191924111836128,0.191924111836128,0.095962055918064,0.095962055918064
10,3,7,1,2,A,B,B,large,0.32281126915388075,0.2406404757592274,0,0,0,0.2079990470857126,0.2079990470857126,0,0,0.34233059735806837,0.34233059735806837,0.34233059735806837,0.34233059735806837
10,3,7,2,1,B,A,A,small,-0.006431496383304154,0.18567729250865397,0.09482360806215089,0.05908536269986478,0,0.07118946298220498,0.0961189377008956,0.9550811584492837,0.9550811584492837,0.095962055918064,0.095962055918064,0.095962055918064,0.095962055918064
10,3,7,3,4,B,A,D,large,0.980647137787973,0.9042693082639319,0.6675432977845377,0.4714616834975546,1,0.4789586243855158,0.692023113778079,0.4640905497164555,0.4640905497164555,0.6173700474020836,0.6173700474020836,0.7608196778330077,0.7608196778330077
10,3,7,4,3,A,B,C,small,0.6859740666895876,0.5242315938887077,0.49024695746538127,0,0,0.4301891742597806,0.4301891742597806,0.49024695746538127,0.4939960088132108,0.3629002891766293,0.3629002891766293,0.3629002891766293,0.3629002891766293
10,3,8,1,3,A,B,C,small,0.6710438933472377,0.5719764919776948,0.4939960088132108,0,1,0.4301891742597806,0.4301891742597806,0.4939960088132108,0.5221062991711067,0.3629002891766293,0.3629002891766293,0.4674383905771621,0.4674383905771621
10,3,8,2,4,B,A,D,large,1.0073802426109864,0.789271022303134,0.692023113778079,0,1,0.692023113778079,0.7154687068669497,0.4640905497164555,0.4640905497164555,0.7608196778330077,0.7608196778330077,0.7750453500680708,0.7750453500680708
10,3,8,3,1,B,A,A,small,-0.0018403457952194165,0.17468866008001152,0.13835016829195282,0.10557807647764306,0,0.0961189377008956,0.1401480285082532,0.9550811584492837,0.9550811584492837,0.095962055918064,0.095962055918064,0.095962055918064,0.095962055918064
10,3,8,4,2,A,B,B,large,0.33077025344123295,0,0,-1,0,0.2079990470857126,0.2079990470857126,0,0,0.34233059735806837,0.34233059735806837,0.34233059735806837,0.34233059735806837
10,3,9,1,4,A,B,D,large,0.9880219799227992,0.7304701421929554,0.4640905497164555,0,0,0.7154687068669497,0.7154687068669497,0.4640905497164555,0.4678231479344584,0.7750453500680708,0.7750453500680708,0.7750453500680708,0.7750453500680708
10,3,9,2,3,A,B,C,small,0.6724093636497467,0.41662272587673826,0.5221062991711067,0,0,0.4301891742597806,0.4301891742597806,0.5221062991711067,0.5258476580799544,0.4674383905771621,0.4674383905771621,0.4674383905771621,0.4674383905771621
10,3,9,3,1,B,A,A,small,0.007278737967609582,0,0.5401480285082532,1,0,0.1401480285082532,0.5438715383561159,0.9550811584492837,0.9550811584492837,0.095962055918064,0.095962055918064,0.095962055918064,0.095962055918064
10,3,9,4,2,B,A,B,large,0.3234519427724904,0.5197053662774823,0.2079990470857126,0,0,0.2079990470857126,0.2104809027669089,0,0,0.34233059735806837,0.34233059735806837,0.34233059735806837,0.34233059735806837
10,3,10,1,3,A,B,C,small,0.6586277317091865,0.5379062392552216,0.5258476580799544,0,1,0.4301891742597806,0.4301891742597806,0.5258476580799544,0.5537867926922458,0.4674383905771621,0.4674383905771621,0.5026723149161918,0.5026723149161918
10,3,10,2,4,B,A,D,large,1.031059212771354,0.698006677350476,0.7154687068669497,0,1,0.7154687068669497,0.7378056888204069,0.4678231479344584,0.4678231479344584,0.7750453500680708,0.7750453500680708,0.7365260137092734,0.7365260137092734
10,3,10,3,2,B,A,B,large,0.33291792893306793,0.39582802720214294,0.2104809027669089,0,0,0.2104809027669089,0.2129844084017842,0,0,0.34233059735806837,0.34233059735806837,0.34233059735806837,0.34233059735806837
10,3,10,4,1,A,B,A,small,0.003727415954599023,0.1620377719381965,0.9499999999999998,0.16038452033606476,1,0.5438715383561159,0.5438715383561159,0.9550811584492837,0.9550811584492837,0.095962055918064,0.095962055918064,0.12899991392813026,0.12899991392813026
10,4,1,1,1,A,B,A,small,-0.01461031221455188,0,0.6992945739684409,1,0,0.2707999388797162,0.2707999388797162,0.2992945739684409,0.7024393390767798,0.12899991392813026,0.12899991392813026,0.12899991392813026,0.12899991392813026
10,4,1,2,4,B,A,D,large,1.0101467333093646,0.7022146121968816,0.2598980689563527,0,1,0.2598980689563527,0.28211422840979294,0.24132472201979327,0.24132472201979327,0.7365260137092734,0.7365260137092734,0.7193703129530775,0.7193703129530775
10,4,1,3,2,A,B,B,large,0.3313690182842205,0,0,-1,0,0.19551111205617538,0.19551111205617538,0.3528246294926889,0,0.34233059735806837,0.34233059735806837,0.34233059735806837,0.34233059735806837
10,4,1,4,3,B,A,C,small,0.669680931427261,0.3304838934448619,0.4673249907385157,0,0,0.46732499073851574,0.4710607368331592,0.11655237775929693,0.11655237775929693,0.5026723149161918,0.5026723149161918,0.5026723149161918,0.5026723149161918
10,4,2,1,4,B,A,D,large,1.0010525732562905,0.4300990496312972,0.28211422840979294,0,0,0.28211422840979294,0.2851620191756485,0.24132472201979327,0.24132472201979327,0.7193703129530775,0.7193703129530775,0.7193703129530775,0.7193703129530775
10,4,2,2,1,A,B,A,small,0.011624580837177448,0,0.9499999999999998,1,0,0.2707999388797162,0.2707999388797162,0.7024393390767798,0.9507077096900849,0.12899991392813026,0.12899991392813026,0.12899991392813026,0.12899991392813026
10,4,2,3,2,B,A,B,large,0.32279249378270547,1,0.5955111120561754,1,1,0.19551111205617538,0.6222938234756165,0,0,0.34233059735806837,0.34233059735806837,0.6711652986790342,0.6711652986790342
10,4,2,4,3,A,B,C,small,0.6767775116963368,0.59790742039124,0.11655237775929692,0,0,0.4710607368331592,0.4710607368331592,0.11655237775929693,0.11810580230187297,0.5026723149161918,0.5026723149161918,0.5026723149161918,0.5026723149161918
10,4,3,1,3,A,B,C,small,0.6683839030833048,0.7416523132520059,0.11810580230187297,0,0,0.4710607368331592,0.4710607368331592,0.11810580230187297,0.11967712635922802,0.5026723149161918,0.5026723149161918,0.5026723149161918,0.5026723149161918
10,4,3,2,1,A,B,A,small,0.011981676882457755,0.3256035388898265,0.9499999999999998,0,1,0.2707999388797162,0.2707999388797162,0.9507077096900849,0.9550811584492837,0.12899991392813026,0.12899991392813026,0.2273017264089784,0.2273017264089784
10,4,3,3,4,B,A,D,large,1.0013899655634102,0.7596988911315113,0.2851620191756485,0,0,0.2851620191756485,0.2882295165142349,0.24132472201979327,0.24132472201979327,0.7193703129530775,0.7193703129530775,0.7193703129530775,0.7193703129530775
10,4,3,4,2,B,A,B,large,0.34118061704286257,1,0.9499999999999998,1,1,0.6222938234756165,0.9550811584492837,0,0,0.6711652986790342,0.6711652986790342,0.8355826493395171,0.8355826493395171
10,4,4,1,1,B,A,A,small,0.00370435045334402,0.20230208949560724,0.2707999388797162,0,0,0.2707999388797162,0.27377211146349406,0.9550811584492837,0.9550811584492837,0.2273017264089784,0.2273017264089784,0.2273017264089784,0.2273017264089784
10,4,4,2,3,A,B,C,small,0.6516355481122658,0,0.519677126359228,1,1,0.4710607368331592,0.4710607368331592,0.11967712635922802,0.5476670923845723,0.5026723149161918,0.5026723149161918,0.2513361574580959,0.2513361574580959
10,4,4,3,2,A,B,B,large,0.33287538961219765,0.8632990420604655,0.10976331037722929,0.27440827594307315,1,0.9550811584492837,0.9550811584492837,0,0.12124838752719853,0.8355826493395171,0.8355826493395171,0.8494408456999913,0.8494408456999913
10,4,4,4,4,B,A,D,large,0.9777403051811738,0.47119385189781,0.28822951651423484,0,0,0.2882295165142349,0.2913165637494625,0.24132472201979327,0.24132472201979327,0.7193703129530775,0.7193703129530775,0.7193703129530775,0.7193703129530775
10,4,5,1,1,B,A,A,small,-9.06200802916749e-5,0.17499655358759797,0.31547668048933697,0.10426142256460727,1,0.27377211146349406,0.34025951535016824,0.9550811584492837,0.9550811584492837,0.2273017264089784,0.2273017264089784,0.20114913999828818,0.20114913999828818
10,4,5,2,2,A,B,B,large,0.334787814826148,0.8692226885850703,0.24201251097351448,0.3019103086157899,0,0.9550811584492837,0.9550811584492837,0.12124838752719853,0.24477478549767584,0.8494408456999913,0.8494408456999913,0.8494408456999913,0.8494408456999913
10,4,5,3,4,A,B,D,large,1.003640987922608,0.30838820009139856,0.24132472201979327,0,1,0.2913165637494625,0.2913165637494625,0.24132472201979327,0.2625163725372013,0.7193703129530775,0.7193703129530775,0.5138792565222381,0.5138792565222381
10,4,5,4,3,B,A,C,small,0.6623215005402934,0.2512006144988815,0.4710607368331592,0,1,0.4710607368331592,0.4991533577597042,0.5476670923845723,0.5476670923845723,0.2513361574580959,0.2513361574580959,0.25126838597848866,0.25126838597848866
10,4,6,1,3,B,A,C,small,0.6798671296683958,0.3873789298498998,0.4991533577597042,0,1,0.4991533577597042,0.5272513250478151,0.5476670923845723,0.5476670923845723,0.25126838597848866,0.25126838597848866,0.31932365791419426,0.31932365791419426
10,4,6,2,1,A,B,A,small,0.019673215427035543,0.2833423009300817,0.9499999999999998,0,0,0.34025951535016824,0.34025951535016824,0.9550811584492837,0.9507077096900849,0.20114913999828818,0.20114913999828818,0.20114913999828818,0.20114913999828818
10,4,6,3,2,A,B,B,large,0.32155727089704583,0.7541649058000209,0.24477478549767584,0,0,0.9550811584492837,0.9550811584492837,0.24477478549767584,0.24755829096708512,0.8494408456999913,0.8494408456999913,0.8494408456999913,0.8494408456999913
10,4,6,4,4,B,A,D,large,0.9825819004643139,0.48377894899257134,0.2913165637494625,0,1,0.2913165637494625,0.31507504915955664,0.2625163725372013,0.2625163725372013,0.5138792565222381,0.5138792565222381,0.4988291027574047,0.4988291027574047
10,4,7,1,1,A,B,A,small,0.004554612148797715,0.42008361845966313,0.9499999999999998,0,1,0.34025951535016824,0.34025951535016824,0.9507077096900849,0.9550811584492837,0.20114913999828818,0.20114913999828818,0.31061637922897567,0.31061637922897567
10,4,7,2,4,B,A,D,large,0.986197521238173,0.8328904882769675,0.37037343203095907,0.1382459571785062,0,0.31507504915955664,0.373878135150728,0.2625163725372013,0.2625163725372013,0.4988291027574047,0.4988291027574047,0.4988291027574047,0.4988291027574047
10,4,7,3,2,B,A,B,large,0.3307081233486372,0.8584498412034246,0.9499999999999998,0.25213590733816904,1,0.9550811584492837,0.9550811584492837,0.24755829096708512,0.24755829096708512,0.8494408456999913,0.8494408456999913,0.8539453434517079,0.8539453434517079
10,4,7,4,3,A,B,C,small,0.6660870832636712,0.2731972546184116,0.5476670923845723,0,1,0.5272513250478151,0.5272513250478151,0.5476670923845723,0.5753587774162434,0.31932365791419426,0.31932365791419426,0.29626045626630293,0.29626045626630293
10,4,8,1,3,B,A,C,small,0.6593367362654208,0.3513696104717585,0.5272513250478151,0,1,0.5272513250478151,0.5551777152356698,0.5753587774162434,0.5753587774162434,0.29626045626630293,0.29626045626630293,0.3238150333690307,0.3238150333690307
10,4,8,2,4,B,A,D,large,1.0119491054163465,0.6448595988528469,0.373878135150728,0,0,0.373878135150728,0.37739612374602566,0.2625163725372013,0.2625163725372013,0.4988291027574047,0.4988291027574047,0.4988291027574047,0.4988291027574047
10,4,8,3,1,A,B,A,small,-0.0015592885475623573,0.7811953206993612,0.9499999999999998,0,1,0.34025951535016824,0.34025951535016824,0.9550811584492837,0.9550811584492837,0.31061637922897567,0.31061637922897567,0.5459058499641685,0.5459058499641685
10,4,8,4,2,A,B,B,large,0.3218381288590611,0.9968802199374,0.6400114147696208,0.981132809506339,0,0.9550811584492837,0.9550811584492837,0.24755829096708512,0.6434600594195421,0.8539453434517079,0.8539453434517079,0.8539453434517079,0.8539453434517079
10,4,9,1,2,B,A,B,large,0.3244562026258966,0.5587948145929195,0.9499999999999998,0,1,0.9550811584492837,0.9550811584492837,0.6434600594195421,0.6434600594195421,0.8539453434517079,0.8539453434517079,0.7063700790223137,0.7063700790223137
10,4,9,2,4,A,B,D,large,0.9964797077704451,0.4201964694119696,0.2625163725372013,0,0,0.37739612374602566,0.37739612374602566,0.2625163725372013,0.26543072244948496,0.4988291027574047,0.4988291027574047,0.4988291027574047,0.4988291027574047
10,4,9,3,1,B,A,A,small,-0.011377321319712148,0.6024687365402003,0.34025951535016824,0,0,0.34025951535016824,0.34363478423388116,0.9550811584492837,0.9550811584492837,0.5459058499641685,0.5459058499641685,0.5459058499641685,0.5459058499641685
10,4,9,4,3,A,B,C,small,0.6549773888492494,0.16469364736023487,0.6348641372610593,0.14876339961203974,0,0.5551777152356698,0.5551777152356698,0.5753587774162434,0.6383342273038298,0.3238150333690307,0.3238150333690307,0.3238150333690307,0.3238150333690307
10,4,10,1,3,A,B,C,small,0.6736205919783057,0.40378840799869964,0.6383342273038298,0,0,0.5551777152356698,0.5551777152356698,0.6383342273038298,0.6417899464690747,0.3238150333690307,0.3238150333690307,0.3238150333690307,0.3238150333690307
10,4,10,2,4,B,A,D,large,1.0275351989786488,0.18956816934208043,0.3602495028798429,-0.04286655216545702,0,0.37739612374602566,0.363713746851089,0.26543072244948496,0.26543072244948496,0.4988291027574047,0.4988291027574047,0.4988291027574047,0.4988291027574047
10,4,10,3,1,A,B,A,small,0.013685016230365514,0.6377355558520276,0.9499999999999998,0,1,0.34363478423388116,0.34363478423388116,0.9550811584492837,0.9550811584492837,0.5459058499641685,0.5459058499641685,0.591820702908098,0.591820702908098
10,4,10,4,2,B,A,B,large,0.3309166176529985,0.7902986902416309,0.9499999999999998,0,1,0.9550811584492837,0.9550811584492837,0.6434600594195421,0.6434600594195421,0.7063700790223137,0.7063700790223137,0.7483343846319723,0.7483343846319723
10,5,1,1,3,B,A,C,small,0.6923934227949059,0.23354234630021728,0.2863114610234089,0,1,0.2863114610234089,0.3098402170756125,0.16108157252374306,0.16108157252374306,0.3238150333690307,0.3238150333690307,0.278678689834624,0.278678689834624
10,5,1,2,1,A,B,A,small,0.0014122808626232065,0.9194225532705973,0.17433870914993002,-0.5485325192968188,0,0.2509184056131096,0.2509184056131096,0.3937517168686575,0.17650843827410004,0.591820702908098,0.591820702908098,0.591820702908098,0.591820702908098
10,5,1,3,2,A,B,B,large,0.3320885317307947,1,0.737226866583728,1,1,0.09171019569229176,0.09171019569229176,0.3372268665837279,0.7584324548633794,0.7483343846319723,0.7483343846319723,0.8741671923159862,0.8741671923159862
10,5,1,4,4,B,A,D,large,0.9981766433611414,0.7953570719689117,0.2175322018895219,0,0,0.21753220188952194,0.22009619664957322,0.36712763538053234,0.36712763538053234,0.4988291027574047,0.4988291027574047,0.4988291027574047,0.4988291027574047
10,5,2,1,3,A,B,C,small,0.677235764015354,0.36624253918856786,0.16108157252374306,0,0,0.3098402170756125,0.3098402170756125,0.16108157252374306,0.1631189061653467,0.278678689834624,0.278678689834624,0.278678689834624,0.278678689834624
10,5,2,2,4,A,B,D,large,1.0113800535075832,0,0,-1,0,0.22009619664957322,0.22009619664957322,0.36712763538053234,0,0.4988291027574047,0.4988291027574047,0.4988291027574047,0.4988291027574047
10,5,2,3,1,B,A,A,small,0.008473615672885277,0.6841164702685015,0.2509184056131096,0,0,0.2509184056131096,0.253748301065904,0.17650843827410004,0.17650843827410004,0.591820702908098,0.591820702908098,0.591820702908098,0.591820702908098
10,5,2,4,2,B,A,B,large,0.3141948862010025,0.9200461945181612,0.31241208929987857,0.551754734018967,0,0.09171019569229176,0.3156432823429038,0.7584324548633794,0.7584324548633794,0.8741671923159862,0.8741671923159862,0.8741671923159862,0.8741671923159862
10,5,3,1,3,A,B,C,small,0.667516138313954,0.23678875315420397,0.1631189061653467,0,0,0.3098402170756125,0.3098402170756125,0.1631189061653467,0.16517693416758591,0.278678689834624,0.278678689834624,0.278678689834624,0.278678689834624
10,5,3,2,1,B,A,A,small,0.008276305237369289,0.10587990520896393,0.42220134540885856,0.42113261085738635,1,0.253748301065904,0.44985832466563486,0.17650843827410004,0.17650843827410004,0.591820702908098,0.591820702908098,0.34885030405853096,0.34885030405853096
10,5,3,3,4,A,B,D,large,1.005293225242976,0.391783945631852,0,0,0,0.22009619664957322,0.22009619664957322,0,0,0.4988291027574047,0.4988291027574047,0.4988291027574047,0.4988291027574047
10,5,3,4,2,B,A,B,large,0.33718837629965387,0.8477645902610229,0.3971690191762795,0.20381434208343913,1,0.3156432823429038,0.42439062903915103,0.7584324548633794,0.7584324548633794,0.8741671923159862,0.8741671923159862,0.8609658912885045,0.8609658912885045
10,5,4,1,4,A,B,D,large,0.9944449628254513,1,0.4,1,0,0.22009619664957322,0.22009619664957322,0,0.403605340410737,0.4988291027574047,0.4988291027574047,0.4988291027574047,0.4988291027574047
10,5,4,2,1,B,A,A,small,0.017066626529161057,0.440982690663486,0.44985832466563486,0,0,0.44985832466563486,0.45357333634899233,0.17650843827410004,0.17650843827410004,0.34885030405853096,0.34885030405853096,0.34885030405853096,0.34885030405853096
10,5,4,3,3,B,A,C,small,0.6753869426098902,0.7879658931954017,0.3098402170756125,0,0,0.3098402170756125,0.31305692093262133,0.16517693416758591,0.16517693416758591,0.278678689834624,0.278678689834624,0.278678689834624,0.278678689834624
10,5,4,4,2,A,B,B,large,0.3372349168191003,1,0.9499999999999998,1,1,0.42439062903915103,0.42439062903915103,0.7584324548633794,0.9550811584492837,0.8609658912885045,0.8609658912885045,0.9304829456442523,0.9304829456442523
10,5,5,1,3,B,A,C,small,0.6490888849873402,0.33259874165303527,0.31305692093262133,0,1,0.31305692093262133,0.3377434568423346,0.16517693416758591,0.16517693416758591,0.278678689834624,0.278678689834624,0.3056387157438296,0.3056387157438296
10,5,5,2,4,A,B,D,large,0.9960922050439793,0.4906312479185492,0.403605340410737,0,0,0.22009619664957322,0.22009619664957322,0.403605340410737,0.4072211217893575,0.4988291027574047,0.4988291027574047,0.4988291027574047,0.4988291027574047
10,5,5,3,1,A,B,A,small,-0.0011512231598429152,0.9568026690022478,0,-0.7489448906341742,0,0.45357333634899233,0.45357333634899233,0.17650843827410004,0,0.34885030405853096,0.34885030405853096,0.34885030405853096,0.34885030405853096
10,5,5,4,2,B,A,B,large,0.3326874242054749,0.8115030331286912,0.44331830556768514,0.04731919132133531,0,0.42439062903915103,0.4470231938742376,0.9550811584492837,0.9550811584492837,0.9304829456442523,0.9304829456442523,0.9304829456442523,0.9304829456442523
10,5,6,1,3,B,A,C,small,0.652834298922869,0.09248785452113217,0.5328471317210343,0.48775918719674916,1,0.3377434568423346,0.5607183697409329,0.16517693416758591,0.16517693416758591,0.3056387157438296,0.3056387157438296,0.1990632851324809,0.1990632851324809
10,5,6,2,2,A,B,B,large,0.35365311627880197,0.97235655904939,0.9499999999999998,0.8368528571005185,1,0.4470231938742376,0.4470231938742376,0.9550811584492837,0.9550811584492837,0.9304829456442523,0.9304829456442523,0.9514197523468211,0.9514197523468211
10,5,6,3,1,A,B,A,small,-0.010192019955272311,0.13594229724563658,0.11116495401625406,0.27791238504063503,0,0.45357333634899233,0.45357333634899233,0,0.11265573066260658,0.34885030405853096,0.34885030405853096,0.34885030405853096,0.34885030405853096
10,5,6,4,4,B,A,D,large,1.0002216270464985,0.49706264587672677,0.22009619664957322,0,0,0.22009619664957322,0.22268181193580713,0.4072211217893575,0.4072211217893575,0.4988291027574047,0.4988291027574047,0.4988291027574047,0.4988291027574047
10,5,7,1,3,A,B,C,small,0.6644874026199896,0,0.565176934167586,1,1,0.5607183697409329,0.5607183697409329,0.16517693416758591,0.5925940863869131,0.1990632851324809,0.1990632851324809,0.09953164256624045,0.09953164256624045
10,5,7,2,2,A,B,B,large,0.3210805277166287,0.9387010412113148,0.9499999999999998,0.6500220359566952,1,0.4470231938742376,0.4470231938742376,0.9550811584492837,0.9550811584492837,0.9514197523468211,0.9514197523468211,0.945060396779068,0.945060396779068
10,5,7,3,4,B,A,D,large,0.9869660934868059,0.0390921859370921,0,-0.7718815042989239,0,0.22268181193580713,0,0.4072211217893575,0.4072211217893575,0.4988291027574047,0.4988291027574047,0.4988291027574047,0.4988291027574047
10,5,7,4,1,B,A,A,small,0.006482691748478303,0.568067647450318,0.4535733363489923,0,0,0.45357333634899233,0.4572935258090067,0.11265573066260658,0.11265573066260658,0.34885030405853096,0.34885030405853096,0.34885030405853096,0.34885030405853096
10,5,8,1,1,B,A,A,small,0.012586545252358845,0.6500156628506253,0.45729352580900673,0,0,0.4572935258090067,0.46101848452002125,0.11265573066260658,0.11265573066260658,0.34885030405853096,0.34885030405853096,0.34885030405853096,0.34885030405853096
10,5,8,2,3,B,A,C,small,0.6493255728577297,0.13825728436147658,0.6676129779302649,0.2672365204733299,1,0.5607183697409329,0.6920900297674966,0.5925940863869131,0.5925940863869131,0.09953164256624045,0.09953164256624045,0.11889446346385851,0.11889446346385851
10,5,8,3,2,A,B,B,large,0.34076594822080697,0.9312478867138783,0.9499999999999998,0.6103210642530049,1,0.4470231938742376,0.4470231938742376,0.9550811584492837,0.9550811584492837,0.945060396779068,0.945060396779068,0.9381541417464732,0.9381541417464732
10,5,8,4,4,A,B,D,large,1.0069375819692212,0.5028899553742326,0.4072211217893575,0,1,0,0,0.4072211217893575,0.4346349591487813,0.4988291027574047,0.4988291027574047,0.5008595290658187,0.5008595290658187
10,5,9,1,3,A,B,C,small,0.6579132083632516,0.011464792913551491,0.9499999999999998,0.9312402819708333,1,0.6920900297674966,0.6920900297674966,0.5925940863869131,0.9550811584492837,0.11889446346385851,0.11889446346385851,0.065179628188705,0.065179628188705
10,5,9,2,4,B,A,D,large,0.9993988486141884,0.09070831524411514,0,-0.4967476241456713,0,0,0,0.4346349591487813,0.4346349591487813,0.5008595290658187,0.5008595290658187,0.5008595290658187,0.5008595290658187
10,5,9,3,2,B,A,B,large,0.3067983784690537,0.9337592285771144,0.6964760980293144,0.6236322603876919,1,0.4470231938742376,0.719719993859114,0.9550811584492837,0.9550811584492837,0.9381541417464732,0.9381541417464732,0.9359566851617938,0.9359566851617938
10,5,9,4,1,A,B,A,small,0.007365806241887186,0.3032519628863132,0.11265573066260658,0,0,0.46101848452002125,0.46101848452002125,0.11265573066260658,0.11416393153358427,0.34885030405853096,0.34885030405853096,0.34885030405853096,0.34885030405853096
10,5,10,1,4,B,A,D,large,0.9988330612490435,0.3353088780010404,0,0,0,0,0,0.4346349591487813,0.4346349591487813,0.5008595290658187,0.5008595290658187,0.5008595290658187,0.5008595290658187
10,5,10,2,2,B,A,B,large,0.3494798769940888,0.8417684101307057,0.7905787719639386,0.17714694526206137,0,0.719719993859114,0.7930514078290509,0.9550811584492837,0.9550811584492837,0.9359566851617938,0.9359566851617938,0.9359566851617938,0.9359566851617938
10,5,10,3,3,A,B,C,small,0.6855160394348889,0.07718097886207978,0.9499999999999998,0.5661300684255967,1,0.6920900297674966,0.6920900297674966,0.9550811584492837,0.9550811584492837,0.065179628188705,0.065179628188705,0.0711803035253924,0.0711803035253924
10,5,10,4,1,A,B,A,small,0.007057559322162671,0.11053548338632209,0.2735181651757877,0.39838558410550856,0,0.46101848452002125,0.46101848452002125,0.11416393153358427,0.27650885884475473,0.34885030405853096,0.34885030405853096,0.34885030405853096,0.34885030405853096
10,6,1,1,3,B,A,C,small,0.6793033474385926,0.07189961130911725,0.6305519302053253,0.5937320962301941,1,0.3930590917132477,0.6563533474891894,0.2949809127016597,0.2949809127016597,0.0711803035253924,0.0711803035253924,0.07153995741725483,0.07153995741725483
10,6,1,2,4,A,B,D,large,1.0048933634073844,0,0,-1,0,0.14396877996183188,0.14396877996183188,0.15997466540404512,0,0.5008595290658187,0.5008595290658187,0.5008595290658187,0.5008595290658187
10,6,1,3,1,A,B,A,small,-0.009548483029268499,0,0.6691892693823467,1,1,0.3763478139240412,0.3763478139240412,0.26918926938234655,0.6936035161975634,0.34885030405853096,0.34885030405853096,0.17442515202926548,0.17442515202926548
10,6,1,4,2,B,A,B,large,0.34382231499618177,0.8109334915447506,0.39365522870506364,0.044950605184349846,1,0.37567498663132376,0.4208041185091553,0.3064877714611335,0.3064877714611335,0.9359566851617938,0.9359566851617938,0.8734450883532722,0.8734450883532722
10,6,2,1,1,A,B,A,small,-5.389362832006222e-4,0.5125339801714986,0.6936035161975634,0,1,0.3763478139240412,0.3763478139240412,0.6936035161975634,0.7169780019063058,0.17442515202926548,0.17442515202926548,0.34347956610038205,0.34347956610038205
10,6,2,2,4,B,A,D,large,1.0055658491010302,0,0,-1,0,0.14396877996183188,0,0,0,0.5008595290658187,0.5008595290658187,0.5008595290658187,0.5008595290658187
10,6,2,3,3,A,B,C,small,0.675709395277924,0,0.6949809127016597,1,1,0.6563533474891894,0.6563533474891894,0.2949809127016597,0.7182929970449317,0.07153995741725483,0.07153995741725483,0.035769978708627415,0.035769978708627415
10,6,2,4,2,B,A,B,large,0.35774606324328195,0.755140234711746,0.4208041185091553,0,1,0.4208041185091553,0.4484406064902212,0.3064877714611335,0.3064877714611335,0.8734450883532722,0.8734450883532722,0.814292661532509,0.814292661532509
10,6,3,1,3,A,B,C,small,0.6816878403181406,0,0.9499999999999998,1,1,0.6563533474891894,0.6563533474891894,0.7182929970449317,0.9550811584492837,0.035769978708627415,0.035769978708627415,0.017884989354313707,0.017884989354313707
10,6,3,2,4,B,A,D,large,0.9900560894787849,0.9017118615929,0.18347323420690348,0.45868308551725867,0,0,0.18573107397139005,0,0,0.5008595290658187,0.5008595290658187,0.5008595290658187,0.5008595290658187
10,6,3,3,1,B,A,A,small,-0.007292373069956136,0.3253350754731081,0.3763478139240412,0,1,0.3763478139240412,0.4030965975407822,0.7169780019063058,0.7169780019063058,0.34347956610038205,0.34347956610038205,0.33440732078674507,0.33440732078674507
10,6,3,4,2,A,B,B,large,0.3423030906242922,0.7119617354821087,0.3064877714611335,0,0,0.4484406064902212,0.4484406064902212,0.3064877714611335,0.3096852881477064,0.814292661532509,0.814292661532509,0.814292661532509,0.814292661532509
10,6,4,1,4,B,A,D,large,1.0102038874662433,0.5646836560537495,0.18573107397139005,0,1,0.18573107397139005,0.2033493365190113,0,0,0.5008595290658187,0.5008595290658187,0.532771592559784,0.532771592559784
10,6,4,2,1,A,B,A,small,0.003120754403213266,0,0.9499999999999998,1,1,0.4030965975407822,0.4030965975407822,0.7169780019063058,0.9550811584492837,0.33440732078674507,0.33440732078674507,0.16720366039337253,0.16720366039337253
10,6,4,3,2,A,B,B,large,0.32480933484630137,0.646605523128463,0.3096852881477064,0,1,0.4484406064902212,0.4484406064902212,0.3096852881477064,0.3342353118835289,0.814292661532509,0.814292661532509,0.730449092330486,0.730449092330486
10,6,4,4,3,B,A,C,small,0.6781944194211176,0,0.9499999999999998,1,1,0.6563533474891894,0.9550811584492837,0.9550811584492837,0.9550811584492837,0.017884989354313707,0.017884989354313707,0.008942494677156854,0.008942494677156854
10,6,5,1,1,A,B,A,small,-0.021814095734218487,0.37284760407102446,0.9499999999999998,0,1,0.4030965975407822,0.4030965975407822,0.9550811584492837,0.9550811584492837,0.16720366039337253,0.16720366039337253,0.2700256322321985,0.2700256322321985
10,6,5,2,4,B,A,D,large,0.9853969236255934,0.9016537197280048,0.3867066691980681,0.458393331697642,1,0.2033493365190113,0.4137033077181948,0,0,0.532771592559784,0.532771592559784,0.7172126561438944,0.7172126561438944
10,6,5,3,2,A,B,B,large,0.32549291364707084,0.9645614555533977,0.6512170840521156,0.7924544304214668,1,0.4484406064902212,0.4484406064902212,0.3342353118835289,0.6763161415327983,0.730449092330486,0.730449092330486,0.8475052739419419,0.8475052739419419
10,6,5,4,3,B,A,C,small,0.6687655942977455,0,0.9499999999999998,1,1,0.9550811584492837,0.9550811584492837,0.9550811584492837,0.9550811584492837,0.008942494677156854,0.008942494677156854,0.004471247338578427,0.004471247338578427
10,6,6,1,4,B,A,D,large,1.0057112182437906,0.47961359466658543,0.4137033077181948,0,0,0.4137033077181948,0.4173462482325832,0,0,0.7172126561438944,0.7172126561438944,0.7172126561438944,0.7172126561438944
10,6,6,2,3,A,B,C,small,0.6662965514472833,0,0.9499999999999998,1,1,0.9550811584492837,0.9550811584492837,0.9550811584492837,0.9550811584492837,0.004471247338578427,0.004471247338578427,0.0022356236692892134,0.0022356236692892134
10,6,6,3,1,B,A,A,small,0.0020373504442419803,0.20688819992693971,0.4030965975407822,0,0,0.4030965975407822,0.40671092934693687,0.9550811584492837,0.9550811584492837,0.2700256322321985,0.2700256322321985,0.2700256322321985,0.2700256322321985
10,6,6,4,2,A,B,B,large,0.3361029429200387,0.5278912360746452,0.6763161415327983,0,1,0.4484406064902212,0.4484406064902212,0.6763161415327983,0.7004398657373717,0.8475052739419419,0.8475052739419419,0.6876982550082935,0.6876982550082935
10,6,7,1,4,A,B,D,large,1.0004727559296527,0.9229367746210436,0.22669692456064214,0.5667423114016054,0,0.4173462482325832,0.4173462482325832,0,0.2293372807504841,0.7172126561438944,0.7172126561438944,0.7172126561438944,0.7172126561438944
10,6,7,2,1,B,A,A,small,-0.005756716242599463,0.2864443817700867,0.40671092934693687,0,1,0.40671092934693687,0.4341155737048481,0.9550811584492837,0.9550811584492837,0.2700256322321985,0.2700256322321985,0.27823500700114256,0.27823500700114256
10,6,7,3,2,B,A,B,large,0.33502863064073746,0.7823377555378889,0.4484406064902212,0,1,0.4484406064902212,0.4763992304436621,0.7004398657373717,0.7004398657373717,0.6876982550082935,0.6876982550082935,0.7350180052730912,0.7350180052730912
10,6,7,4,3,A,B,C,small,0.6746300371740085,0.040847135536553655,0.9499999999999998,0.7620530523226525,1,0.9550811584492837,0.9550811584492837,0.9550811584492837,0.9550811584492837,0.0022356236692892134,0.0022356236692892134,0.021541379602921434,0.021541379602921434
10,6,8,1,3,B,A,C,small,0.6684795550715796,0,0.9499999999999998,1,1,0.9550811584492837,0.9550811584492837,0.9550811584492837,0.9550811584492837,0.021541379602921434,0.021541379602921434,0.010770689801460717,0.010770689801460717
10,6,8,2,4,A,B,D,large,1.0011873860459723,1,0.6293372807504841,1,0,0.4173462482325832,0.4173462482325832,0.2293372807504841,0.6328295181410821,0.7172126561438944,0.7172126561438944,0.7172126561438944,0.7172126561438944
10,6,8,3,2,A,B,B,large,0.329198997111002,0.6472917147633478,0.7004398657373717,0,1,0.4763992304436621,0.4763992304436621,0.7004398657373717,0.7235007226980685,0.7350180052730912,0.7350180052730912,0.6911548600182196,0.6911548600182196
10,6,8,4,1,B,A,A,small,-0.00418101255061192,0.1834493762357011,0.4614872686507627,0.06842923736478637,1,0.4341155737048481,0.48953735951205896,0.9550811584492837,0.9550811584492837,0.27823500700114256,0.27823500700114256,0.23084219161842184,0.23084219161842184
10,6,9,1,4,B,A,D,large,1.0032442491868658,0.6027993112860806,0.4173462482325832,0,0,0.4173462482325832,0.4209982328713865,0.6328295181410821,0.6328295181410821,0.7172126561438944,0.7172126561438944,0.7172126561438944,0.7172126561438944
10,6,9,2,1,A,B,A,small,0.001446170277319136,0.5285174393359212,0.9499999999999998,0,1,0.48953735951205896,0.48953735951205896,0.9550811584492837,0.9550811584492837,0.23084219161842184,0.23084219161842184,0.37967981547717156,0.37967981547717156
10,6,9,3,3,A,B,C,small,0.6490902920887377,0.03593296561443901,0.9499999999999998,0.7896616404546678,1,0.9550811584492837,0.9550811584492837,0.9550811584492837,0.9550811584492837,0.010770689801460717,0.010770689801460717,0.023351827707949864,0.023351827707949864
10,6,9,4,2,B,A,B,large,0.32378691421503303,0.43015087769333693,0.4763992304436621,0,1,0.4763992304436621,0.5045065575487954,0.7235007226980685,0.7235007226980685,0.6911548600182196,0.6911548600182196,0.5606528688557783,0.5606528688557783
10,6,10,1,1,B,A,A,small,0.010069983560411477,0.3355643347212022,0.48953735951205885,0,1,0.48953735951205896,0.5176534910224229,0.9550811584492837,0.9550811584492837,0.37967981547717156,0.37967981547717156,0.35762207509918686,0.35762207509918686
10,6,10,2,3,A,B,C,small,0.6666859262823447,0,0.9499999999999998,1,1,0.9550811584492837,0.9550811584492837,0.9550811584492837,0.9550811584492837,0.023351827707949864,0.023351827707949864,0.011675913853974932,0.011675913853974932
10,6,10,3,2,B,A,B,large,0.3355514950785555,0.35440222513045916,0.5045065575487954,0,1,0.5045065575487954,0.532585428946566,0.7235007226980685,0.7235007226980685,0.5606528688557783,0.5606528688557783,0.4575275469931187,0.4575275469931187
10,6,10,4,4,A,B,D,large,0.9918936340105995,0.9516690285039069,0.9210397229458507,0.7205255120119212,0,0.4209982328713865,0.4209982328713865,0.6328295181410821,0.9221237396845285,0.7172126561438944,0.7172126561438944,0.7172126561438944,0.7172126561438944
10,7,1,1,1,B,A,A,small,-0.01908645689774506,0.4032021397993467,0.21228123269818938,0,0,0.21228123269818938,0.21480032598573343,0.28943520748844326,0.28943520748844326,0.35762207509918686,0.35762207509918686,0.35762207509918686,0.35762207509918686
10,7,1,2,2,A,B,B,large,0.32978789037604983,0.684060522397762,0.23625461249423466,0,0,0.3776311520843168,0.3776311520843168,0.23625461249423463,0.2389718871338595,0.4575275469931187,0.4575275469931187,0.4575275469931187,0.4575275469931187
10,7,1,3,3,A,B,C,small,0.6556620221150274,0.5837237606638,0.33236942945509795,0,0,0.1915826160535727,0.1915826160535727,0.33236942945509795,0.33570625708187973,0.011675913853974932,0.011675913853974932,0.011675913853974932,0.011675913853974932
10,7,1,4,4,B,A,D,large,1.0165653997395407,0.6573674212045552,0.1259662368375226,0,0,0.1259662368375226,0.12762700460673831,0.17257519788258108,0.17257519788258108,0.7172126561438944,0.7172126561438944,0.7172126561438944,0.7172126561438944
10,7,2,1,4,B,A,D,large,0.986850680650198,0.6103164245383592,0.12762700460673831,0,0,0.12762700460673831,0.12930642898647932,0.17257519788258108,0.17257519788258108,0.7172126561438944,0.7172126561438944,0.7172126561438944,0.7172126561438944
10,7,2,2,3,B,A,C,small,0.6675781815197235,0.5888968842378113,0.1915826160535727,0,1,0.1915826160535727,0.2096130608159669,0.33570625708187973,0.33570625708187973,0.011675913853974932,0.011675913853974932,0.3002863990458931,0.3002863990458931
10,7,2,3,2,A,B,B,large,0.33915355620277654,0.398166473113404,0.2389718871338595,0,1,0.3776311520843168,0.3776311520843168,0.2389718871338595,0.2600277400289062,0.4575275469931187,0.4575275469931187,0.4278470100532613,0.4278470100532613
10,7,2,4,1,A,B,A,small,-0.014807533695362078,0.3282570479410091,0.2894352074884432,0,1,0.21480032598573343,0.21480032598573343,0.28943520748844326,0.31310804798083414,0.35762207509918686,0.35762207509918686,0.34293956152009797,0.34293956152009797
10,7,3,1,4,B,A,D,large,1.007579240657368,0.3989586588986873,0.12930642898647932,0,0,0.12930642898647932,0.13100463399658607,0.17257519788258108,0.17257519788258108,0.7172126561438944,0.7172126561438944,0.7172126561438944,0.7172126561438944
10,7,3,2,1,A,B,A,small,-0.0035286358103968195,0.28282280780369046,0.31310804798083414,0,0,0.21480032598573343,0.21480032598573343,0.31310804798083414,0.31634312745213844,0.34293956152009797,0.34293956152009797,0.34293956152009797,0.34293956152009797
10,7,3,3,2,B,A,B,large,0.34286214720506064,0.903120303578213,0.563916133280574,0.46571245299064284,1,0.3776311520843168,0.5913553033869358,0.2600277400289062,0.2600277400289062,0.4278470100532613,0.4278470100532613,0.6654836568157372,0.6654836568157372
10,7,3,4,3,A,B,C,small,0.6617422536021792,0.2898601966380791,0.33570625708187973,0,0,0.2096130608159669,0.2096130608159669,0.33570625708187973,0.3390595716270041,0.3002863990458931,0.3002863990458931,0.3002863990458931,0.3002863990458931
10,7,4,1,4,A,B,D,large,0.9871067272193306,1,0.572575197882581,1,0,0.13100463399658607,0.13100463399658607,0.17257519788258108,0.5762421298129927,0.7172126561438944,0.7172126561438944,0.7172126561438944,0.7172126561438944
10,7,4,2,1,B,A,A,small,0.0064841550827532905,0.6125941433484231,0.21480032598573343,0,1,0.21480032598573343,0.23438234470137503,0.31634312745213844,0.31634312745213844,0.34293956152009797,0.34293956152009797,0.47776685243426054,0.47776685243426054
10,7,4,3,2,B,A,B,large,0.33627671041978374,0.8179811237142646,0.6211355978547319,0.07445073616949045,0,0.5913553033869358,0.6246590221131998,0.2600277400289062,0.2600277400289062,0.6654836568157372,0.6654836568157372,0.6654836568157372,0.6654836568157372
10,7,4,4,3,A,B,C,small,0.669775803599815,0,0.739059571627004,1,0,0.2096130608159669,0.2096130608159669,0.3390595716270041,0.7419419395364455,0.3002863990458931,0.3002863990458931,0.3002863990458931,0.3002863990458931
10,7,5,1,1,B,A,A,small,3.7744890008980765e-4,0.5031804972661778,0.23438234470137503,0,0,0.23438234470137503,0.2370847701275731,0.31634312745213844,0.31634312745213844,0.47776685243426054,0.47776685243426054,0.47776685243426054,0.47776685243426054
10,7,5,2,3,A,B,C,small,0.6659900282758708,0.24677647462439092,0.7419419395364455,0,0,0.2096130608159669,0.2096130608159669,0.7419419395364455,0.7448034625151984,0.3002863990458931,0.3002863990458931,0.3002863990458931,0.3002863990458931
10,7,5,3,4,A,B,D,large,0.9897864660268395,0.9916708727547326,0.9499999999999998,0.9498899681043987,1,0.13100463399658607,0.13100463399658607,0.5762421298129927,0.9550811584492837,0.7172126561438944,0.7172126561438944,0.8544417644493135,0.8544417644493135
10,7,5,4,2,B,A,B,large,0.32984189794551844,0.5872287215689582,0.6246590221131998,0,0,0.6246590221131998,0.6281692944122454,0.2600277400289062,0.2600277400289062,0.6654836568157372,0.6654836568157372,0.6654836568157372,0.6654836568157372
10,7,6,1,3,A,B,C,small,0.6558481067662042,0.35896120281994465,0.7448034625151984,0,1,0.2096130608159669,0.2096130608159669,0.7448034625151984,0.7655920336295966,0.3002863990458931,0.3002863990458931,0.3296238009329189,0.3296238009329189
10,7,6,2,4,B,A,D,large,0.9924097022913805,0.8833781897331939,0.2785908789657541,0.36896561242292,0,0.13100463399658607,0.2816155375755237,0.9550811584492837,0.9550811584492837,0.8544417644493135,0.8544417644493135,0.8544417644493135,0.8544417644493135
10,7,6,3,1,B,A,A,small,0.0034306094538734716,0,0.6370847701275731,1,1,0.2370847701275731,0.6626740224202169,0.31634312745213844,0.31634312745213844,0.47776685243426054,0.47776685243426054,0.23888342621713027,0.23888342621713027
10,7,6,4,2,A,B,B,large,0.3323742953073788,0.39530237914311256,0.2600277400289062,0,1,0.6281692944122454,0.6281692944122454,0.2600277400289062,0.2822507566036044,0.6654836568157372,0.6654836568157372,0.5303930179794248,0.5303930179794248
10,7,7,1,4,B,A,D,large,0.9919526530634708,0.751411808890698,0.2816155375755237,0,0,0.2816155375755237,0.28466007709107694,0.9550811584492837,0.9550811584492837,0.8544417644493135,0.8544417644493135,0.8544417644493135,0.8544417644493135
10,7,7,2,1,A,B,A,small,0.013723295838079599,0.18187460587240822,0.3463667195017163,0.07505898012394463,0,0.6626740224202169,0.6626740224202169,0.31634312745213844,0.3497704518072255,0.23888342621713027,0.23888342621713027,0.23888342621713027,0.23888342621713027
10,7,7,3,2,B,A,B,large,0.32595246391024557,0.5095209262370413,0.6281692944122454,0,1,0.6281692944122454,0.6540458148919396,0.2822507566036044,0.2822507566036044,0.5303930179794248,0.5303930179794248,0.5199569721082331,0.5199569721082331
10,7,7,4,3,A,B,C,small,0.6706560635038875,0.5230624269201067,0.7655920336295966,0,1,0.2096130608159669,0.2096130608159669,0.7655920336295966,0.7851755923308077,0.3296238009329189,0.3296238009329189,0.4263431139265128,0.4263431139265128
10,7,8,1,1,B,A,A,small,-0.007479526180795586,0.12390332173348241,0.7963682894801543,0.3342356676498434,1,0.6626740224202169,0.8140053051553972,0.3497704518072255,0.3497704518072255,0.23888342621713027,0.23888342621713027,0.18139337397530633,0.18139337397530633
10,7,8,2,4,A,B,D,large,0.9956273697318392,0.7755802644415254,0.9499999999999998,0,1,0.28466007709107694,0.28466007709107694,0.9550811584492837,0.9550811584492837,0.8544417644493135,0.8544417644493135,0.8150110144454195,0.8150110144454195
10,7,8,3,2,A,B,B,large,0.3327552125396225,0.5752848006646832,0.2822507566036044,0,1,0.6540458148919396,0.6540458148919396,0.2822507566036044,0.3055886946650619,0.5199569721082331,0.5199569721082331,0.5476208863864582,0.5476208863864582
10,7,8,4,3,B,A,C,small,0.6623810660569399,0.4027853313142993,0.2096130608159669,0,0,0.2096130608159669,0.21210901729767415,0.7851755923308077,0.7851755923308077,0.4263431139265128,0.4263431139265128,0.4263431139265128,0.4263431139265128
10,7,9,1,1,B,A,A,small,0.0030881377034829723,0.24273163675658377,0.8140053051553972,0,1,0.8140053051553972,0.8304399856489479,0.3497704518072255,0.3497704518072255,0.18139337397530633,0.18139337397530633,0.21206250536594506,0.21206250536594506
10,7,9,2,4,B,A,D,large,0.9871996738607696,0.9153739908400025,0.4957448583885689,0.52771195324373,0,0.28466007709107694,0.49949475582997316,0.9550811584492837,0.9550811584492837,0.8150110144454195,0.8150110144454195,0.8150110144454195,0.8150110144454195
10,7,9,3,2,A,B,B,large,0.33110517766193737,0.5589398131005083,0.3055886946650619,0,1,0.6540458148919396,0.6540458148919396,0.3055886946650619,0.3299691963474777,0.5476208863864582,0.5476208863864582,0.5532803497434833,0.5532803497434833
10,7,9,4,3,A,B,C,small,0.6659094227405238,0.2852028708281003,0.7851755923308077,0,1,0.21210901729767415,0.21210901729767415,0.7851755923308077,0.8035428846938502,0.4263431139265128,0.4263431139265128,0.35577299237730653,0.35577299237730653
10,7,10,1,4,B,A,D,large,1.0067545026939937,0.8486265732612531,0.5825644687102376,0.20767428220066111,0,0.49949475582997316,0.5862076350872779,0.9550811584492837,0.9550811584492837,0.8150110144454195,0.8150110144454195,0.8150110144454195,0.8150110144454195
10,7,10,2,3,A,B,C,small,0.669977512942192,0,0.9499999999999998,1,1,0.21210901729767415,0.21210901729767415,0.8035428846938502,0.9550811584492837,0.35577299237730653,0.35577299237730653,0.17788649618865326,0.17788649618865326
10,7,10,3,1,B,A,A,small,0.004720453190205414,0.3239583808574677,0.8304399856489479,0,1,0.8304399856489479,0.8456977561833962,0.3497704518072255,0.3497704518072255,0.21206250536594506,0.21206250536594506,0.2680104431117064,0.2680104431117064
10,7,10,4,2,A,B,B,large,0.32434562660110566,0.5477318439477643,0.3299691963474777,0,1,0.6540458148919396,0.6540458148919396,0.3299691963474777,0.35529958953553287,0.5532803497434833,0.5532803497434833,0.5505060968456238,0.5505060968456238
10,8,1,1,3,B,A,C,small,0.6539403498254125,0,0.7668799787541634,1,0,0.3668799787541633,0.7695508627474282,0.11702565175240896,0.11702565175240896,0.17788649618865326,0.17788649618865326,0.17788649618865326,0.17788649618865326
10,8,1,2,4,A,B,D,large,1.0071663603008565,0.6795072933891126,0.1419510018088659,0,1,0.11611107305900409,0.11611107305900409,0.14195100180886594,0.15621304844919726,0.8150110144454195,0.8150110144454195,0.747259153917266,0.747259153917266
10,8,1,3,2,A,B,B,large,0.32765859649058854,1,0.4970031275780482,1,1,0.0916642695954825,0.0916642695954825,0.09700312757804816,0.5251069578343612,0.5505060968456238,0.5505060968456238,0.775253048422812,0.775253048422812
10,8,1,4,1,B,A,A,small,-0.003671290239756202,0.5575669485879814,0.20046487118926093,0,0,0.2004648711892609,0.202879857104327,0.517698053089001,0.517698053089001,0.2680104431117064,0.2680104431117064,0.2680104431117064,0.2680104431117064
10,8,2,1,2,A,B,B,large,0.32584114913244516,1,0.9251069578343613,1,1,0.0916642695954825,0.0916642695954825,0.5251069578343612,0.9325381852553192,0.775253048422812,0.775253048422812,0.887626524211406,0.887626524211406
10,8,2,2,4,B,A,D,large,0.987033262437064,0.7862887883127326,0.11611107305900409,0,0,0.11611107305900409,0.11765939918339621,0.15621304844919726,0.15621304844919726,0.747259153917266,0.747259153917266,0.747259153917266,0.747259153917266
10,8,2,3,1,A,B,A,small,-0.004119081274640345,0.07054494217854805,0.758041699325083,0.6008591155902051,0,0.202879857104327,0.202879857104327,0.517698053089001,0.7607822574866748,0.2680104431117064,0.2680104431117064,0.2680104431117064,0.2680104431117064
10,8,2,4,3,B,A,C,small,0.6668830232900761,0.2677259545114573,0.7695508627474282,0,0,0.7695508627474282,0.7722002359452804,0.11702565175240896,0.11702565175240896,0.17788649618865326,0.17788649618865326,0.17788649618865326,0.17788649618865326
10,8,3,1,1,B,A,A,small,-0.009495831061405011,0.42373250762376685,0.202879857104327,0,0,0.202879857104327,0.205316465208603,0.7607822574866748,0.7607822574866748,0.2680104431117064,0.2680104431117064,0.2680104431117064,0.2680104431117064
10,8,3,2,2,B,A,B,large,0.3124504588901091,0.7946716163400926,0.09166426959548249,0,1,0.0916642695954825,0.1014714139091797,0.9325381852553192,0.9325381852553192,0.887626524211406,0.887626524211406,0.8411490702757494,0.8411490702757494
10,8,3,3,3,A,B,C,small,0.6623223033458808,0.20921020233290036,0.11702565175240896,0,0,0.7722002359452804,0.7722002359452804,0.11702565175240896,0.11858453745069114,0.17788649618865326,0.17788649618865326,0.17788649618865326,0.17788649618865326
10,8,3,4,4,A,B,D,large,1.0108793958342883,1,0.5562130484491973,1,1,0.11765939918339621,0.11765939918339621,0.15621304844919726,0.583779164193092,0.747259153917266,0.747259153917266,0.8736295769586331,0.8736295769586331
10,8,4,1,2,A,B,B,large,0.3354160795534979,1,0.9499999999999998,1,1,0.1014714139091797,0.1014714139091797,0.9325381852553192,0.9550811584492837,0.8411490702757494,0.8411490702757494,0.9205745351378747,0.9205745351378747
10,8,4,2,4,B,A,D,large,1.0106982671564944,1,0.5176593991833962,1,0,0.11765939918339621,0.5214036593423168,0.583779164193092,0.583779164193092,0.8736295769586331,0.8736295769586331,0.8736295769586331,0.8736295769586331
10,8,4,3,3,A,B,C,small,0.6622292581409465,0.12113429849829511,0.2575378401598669,0.3473832567729395,0,0.7722002359452804,0.7722002359452804,0.11858453745069114,0.2604164369640408,0.17788649618865326,0.17788649618865326,0.17788649618865326,0.17788649618865326
10,8,4,4,1,B,A,A,small,0.0051714608138785445,0.24802400594448232,0.205316465208603,0,1,0.205316465208603,0.2242808550438958,0.7607822574866748,0.7607822574866748,0.2680104431117064,0.2680104431117064,0.2580172245280944,0.2580172245280944
10,8,5,1,2,A,B,B,large,0.33630890640576044,1,0.9499999999999998,1,1,0.1014714139091797,0.1014714139091797,0.9550811584492837,0.9550811584492837,0.9205745351378747,0.9205745351378747,0.9602872675689373,0.9602872675689373
10,8,5,2,3,B,A,C,small,0.6846923758272637,0,0.9499999999999998,1,1,0.7722002359452804,0.9550811584492837,0.2604164369640408,0.2604164369640408,0.17788649618865326,0.17788649618865326,0.08894324809432663,0.08894324809432663
10,8,5,3,1,A,B,A,small,-0.010682974604911586,0.3561285771908745,0.7607822574866748,0,0,0.2242808550438958,0.2242808550438958,0.7607822574866748,0.7635014589222077,0.2580172245280944,0.2580172245280944,0.2580172245280944,0.2580172245280944
10,8,5,4,4,B,A,D,large,0.9935398849053493,1,0.9214036593423169,1,1,0.5214036593423168,0.9291742124098018,0.583779164193092,0.583779164193092,0.8736295769586331,0.8736295769586331,0.9368147884793165,0.9368147884793165
10,8,6,1,4,B,A,D,large,1.0096286349159964,1,0.9499999999999998,1,1,0.9291742124098018,0.9550811584492837,0.583779164193092,0.583779164193092,0.9368147884793165,0.9368147884793165,0.9684073942396583,0.9684073942396583
10,8,6,2,2,A,B,B,large,0.3529908688409609,0.5712883034520063,0.9499999999999998,0,1,0.1014714139091797,0.1014714139091797,0.9550811584492837,0.9550811584492837,0.9602872675689373,0.9602872675689373,0.7657877855104718,0.7657877855104718
10,8,6,3,1,A,B,A,small,-0.0037911025762413586,0.36020808359366,0.7635014589222077,0,1,0.2242808550438958,0.2242808550438958,0.7635014589222077,0.7832102173605698,0.2580172245280944,0.2580172245280944,0.3091126540608772,0.3091126540608772
10,8,6,4,3,B,A,C,small,0.6597086714932352,0.4437608432845035,0.9499999999999998,0,1,0.9550811584492837,0.9550811584492837,0.2604164369640408,0.2604164369640408,0.08894324809432663,0.08894324809432663,0.26635204568941506,0.26635204568941506
10,8,7,1,1,B,A,A,small,0.002905104635919582,0.3247158141815731,0.2242808550438958,0,1,0.2242808550438958,0.24445807628897168,0.7832102173605698,0.7832102173605698,0.3091126540608772,0.3091126540608772,0.3169142341212251,0.3169142341212251
10,8,7,2,4,A,B,D,large,0.9920328433731467,0.8449349489840208,0.6602551436373446,0.19118994861063154,0,0.9550811584492837,0.9550811584492837,0.583779164193092,0.6636117862459476,0.9684073942396583,0.9684073942396583,0.9684073942396583,0.9684073942396583
10,8,7,3,2,A,B,B,large,0.3101906018790897,1,0.9499999999999998,1,1,0.1014714139091797,0.1014714139091797,0.9550811584492837,0.9550811584492837,0.7657877855104718,0.7657877855104718,0.8828938927552359,0.8828938927552359
10,8,7,4,3,B,A,C,small,0.6753533034234777,0.15411538597554775,0.9499999999999998,0.19541889922210545,1,0.9550811584492837,0.9550811584492837,0.2604164369640408,0.2604164369640408,0.26635204568941506,0.26635204568941506,0.2102337158324814,0.2102337158324814
10,8,8,1,3,B,A,C,small,0.6712560322617035,0,0.9499999999999998,1,1,0.9550811584492837,0.9550811584492837,0.2604164369640408,0.2604164369640408,0.2102337158324814,0.2102337158324814,0.1051168579162407,0.1051168579162407
10,8,8,2,4,B,A,D,large,1.0079771543490872,0.9749490128866686,0.9499999999999998,0.8517726939385462,1,0.9550811584492837,0.9550811584492837,0.6636117862459476,0.6636117862459476,0.9684073942396583,0.9684073942396583,0.9716782035631635,0.9716782035631635
10,8,8,3,2,A,B,B,large,0.34178824175755473,0.7872390756945694,0.9499999999999998,0,1,0.1014714139091797,0.1014714139091797,0.9550811584492837,0.9550811584492837,0.8828938927552359,0.8828938927552359,0.8350664842249027,0.8350664842249027
10,8,8,4,1,A,B,A,small,0.0028303812430993977,0.9812665172751022,0.4278277473220562,-0.888456175096284,0,0.24445807628897168,0.24445807628897168,0.7832102173605698,0.43150352522820723,0.3169142341212251,0.3169142341212251,0.3169142341212251,0.3169142341212251
10,8,9,1,3,B,A,C,small,0.6773695728009907,0.2789860252034642,0.9499999999999998,0,1,0.9550811584492837,0.9550811584492837,0.2604164369640408,0.2604164369640408,0.1051168579162407,0.1051168579162407,0.19205144155985246,0.19205144155985246
10,8,9,2,2,A,B,B,large,0.3315873186070688,1,0.9499999999999998,1,1,0.1014714139091797,0.1014714139091797,0.9550811584492837,0.9550811584492837,0.8350664842249027,0.8350664842249027,0.9175332421124514,0.9175332421124514
10,8,9,3,4,A,B,D,large,1.0076583476445649,1,0.9499999999999998,1,1,0.9550811584492837,0.9550811584492837,0.6636117862459476,0.9550811584492837,0.9716782035631635,0.9716782035631635,0.9858391017815817,0.9858391017815817
10,8,9,4,1,B,A,A,small,-0.008507549020701001,0.4858160357461915,0.24445807628897168,0,1,0.24445807628897168,0.2658284695769065,0.43150352522820723,0.43150352522820723,0.3169142341212251,0.3169142341212251,0.4013651349337083,0.4013651349337083
10,8,10,1,1,A,B,A,small,-0.0038355988217723,0.6077078537922257,0.43150352522820723,0,1,0.2658284695769065,0.2658284695769065,0.43150352522820723,0.45928549007079267,0.4013651349337083,0.4013651349337083,0.504536494362967,0.504536494362967
10,8,10,2,2,B,A,B,large,0.3440663436219179,0.8878822424594978,0.2577525079610656,0.39070273512971465,0,0.1014714139091797,0.2606326618984146,0.9550811584492837,0.9550811584492837,0.9175332421124514,0.9175332421124514,0.9175332421124514,0.9175332421124514
10,8,10,3,4,B,A,D,large,0.9886511993576982,0.9422759044755876,0.9499999999999998,0.6692754060546553,1,0.9550811584492837,0.9550811584492837,0.9550811584492837,0.9550811584492837,0.9858391017815817,0.9858391017815817,0.9640575031285847,0.9640575031285847
10,8,10,4,3,A,B,C,small,0.6623352385405139,0.1780450487811006,0.29692392345850527,0.09126871623616119,0,0.9550811584492837,0.9550811584492837,0.2604164369640408,0.30006483383002963,0.19205144155985246,0.19205144155985246,0.19205144155985246,0.19205144155985246
10,9,1,1,2,B,A,B,large,0.32922508086976865,0.05554514871344393,0,-0.6810784009627777,0,0.04521735495288709,0,0.15958145087230102,0.15958145087230102,0.9175332421124514,0.9175332421124514,0.9175332421124514,0.9175332421124514
10,9,1,2,3,A,B,C,small,0.6574970709220442,0,0.6288676571725244,1,0,0.3363758041195565,0.3363758041195565,0.22886765717252436,0.6323617344595345,0.19205144155985246,0.19205144155985246,0.19205144155985246,0.19205144155985246
10,9,1,3,4,B,A,D,large,0.9870329214920917,1,0.5647741162158664,1,1,0.16477411621586635,0.5921983408977876,0.3826941472693979,0.3826941472693979,0.9640575031285847,0.9640575031285847,0.9820287515642924,0.9820287515642924
10,9,1,4,1,A,B,A,small,-0.0028518710665919704,0.36060610009637045,0.12329970396780802,0,0,0.3732963389354605,0.3732963389354605,0.12329970396780802,0.12493034061765516,0.504536494362967,0.504536494362967,0.504536494362967,0.504536494362967
10,9,2,1,1,A,B,A,small,-0.0028007111207098666,0.03119978886594557,0.45153480202736707,0.8165111535242796,0,0.3732963389354605,0.3732963389354605,0.12493034061765516,0.4552522016628065,0.504536494362967,0.504536494362967,0.504536494362967,0.504536494362967
10,9,2,2,4,A,B,D,large,0.9820178635364877,0.9114754167944245,0.5858227231641812,0.5078214397369581,0,0.5921983408977876,0.5921983408977876,0.3826941472693979,0.5894574927280071,0.9820287515642924,0.9820287515642924,0.9820287515642924,0.9820287515642924
10,9,2,3,3,B,A,C,small,0.6549321926181816,0.2674479592484476,0.3363758041195564,0,0,0.3363758041195565,0.3397323862925984,0.6323617344595345,0.6323617344595345,0.19205144155985246,0.19205144155985246,0.19205144155985246,0.19205144155985246
10,9,2,4,2,B,A,B,large,0.34449310295194774,1,0.4,1,1,0,0.42727811497338447,0.15958145087230102,0.15958145087230102,0.9175332421124514,0.9175332421124514,0.9587666210562257,0.9587666210562257
10,9,3,1,3,A,B,C,small,0.6615702560374377,0.5950237732492791,0.6323617344595345,0,1,0.3397323862925984,0.3397323862925984,0.6323617344595345,0.6581052910901343,0.19205144155985246,0.19205144155985246,0.3935376074045658,0.3935376074045658
10,9,3,2,4,B,A,D,large,1.0030051920683292,0.7860606971506577,0.5921983408977876,0,1,0.5921983408977876,0.6190600875874878,0.5894574927280071,0.5894574927280071,0.9820287515642924,0.9820287515642924,0.884044724357475,0.884044724357475
10,9,3,3,1,A,B,A,small,0.013323950135580765,0,0.8552522016628066,1,1,0.3732963389354605,0.3732963389354605,0.4552522016628065,0.8686304568525481,0.504536494362967,0.504536494362967,0.2522682471814835,0.2522682471814835
10,9,3,4,2,B,A,B,large,0.3378201961868492,1,0.8272781149733845,1,1,0.42727811497338447,0.8427665346260592,0.15958145087230102,0.15958145087230102,0.9587666210562257,0.9587666210562257,0.9793833105281129,0.9793833105281129
10,9,4,1,4,A,B,D,large,0.9932362790776278,0.7618127270774443,0.5894574927280071,0,0,0.6190600875874878,0.6190600875874878,0.5894574927280071,0.593082520825038,0.884044724357475,0.884044724357475,0.884044724357475,0.884044724357475
10,9,4,2,2,B,A,B,large,0.34334139153094023,0.5809800327843929,0.8427665346260592,0,1,0.8427665346260592,0.8571059670286943,0.15958145087230102,0.15958145087230102,0.9793833105281129,0.9793833105281129,0.7801816716562529,0.7801816716562529
10,9,4,3,1,A,B,A,small,-0.010247006853776266,0.37648255044875856,0.8686304568525481,0,1,0.3732963389354605,0.3732963389354605,0.8686304568525481,0.8809443568892961,0.2522682471814835,0.2522682471814835,0.314375398815121,0.314375398815121
10,9,4,4,3,B,A,C,small,0.6573303441092255,0.36503527725873824,0.33973238629259833,0,0,0.3397323862925984,0.34310514559482125,0.6581052910901343,0.6581052910901343,0.3935376074045658,0.3935376074045658,0.3935376074045658,0.3935376074045658
10,9,5,1,1,A,B,A,small,-0.009739660267438938,0.2672443287167705,0.8809443568892961,0,1,0.3732963389354605,0.3732963389354605,0.8809443568892961,0.8922471983086593,0.314375398815121,0.314375398815121,0.29080986376594575,0.29080986376594575
10,9,5,2,2,B,A,B,large,0.3284582457589877,0,0.4571059670286944,-1,0,0.8571059670286943,0.4608306952485601,0.15958145087230102,0.15958145087230102,0.7801816716562529,0.7801816716562529,0.7801816716562529,0.7801816716562529
10,9,5,3,4,B,A,D,large,1.007479570106963,0.870623891955302,0.742445504028933,0.30846354110361296,1,0.6190600875874878,0.7633651297071354,0.593082520825038,0.593082520825038,0.884044724357475,0.884044724357475,0.8773343081563885,0.8773343081563885
10,9,5,4,3,A,B,C,small,0.6741271869540714,0.4314915346106496,0.6581052910901343,0,1,0.34310514559482125,0.34310514559482125,0.6581052910901343,0.6829499900610287,0.3935376074045658,0.3935376074045658,0.4125145710076077,0.4125145710076077
10,9,6,1,4,A,B,D,large,0.9896124418688914,0.9235202734062493,0.8209938252853654,0.5697782611508185,1,0.7633651297071354,0.7633651297071354,0.593082520825038,0.8369346960364797,0.8773343081563885,0.8773343081563885,0.9004272907813189,0.9004272907813189
10,9,6,2,3,B,A,C,small,0.6509354560926593,0.06808643635939163,0.5886423174881397,0.6138429297332959,1,0.34310514559482125,0.6155862498333039,0.6829499900610287,0.6829499900610287,0.4125145710076077,0.4125145710076077,0.24030050368349964,0.24030050368349964
10,9,6,3,2,B,A,B,large,0.3289297305509226,0.8627508272056471,0.5695824885070511,0.27187948314622756,1,0.4608306952485601,0.5969199696614736,0.15958145087230102,0.15958145087230102,0.7801816716562529,0.7801816716562529,0.8214662494309499,0.8214662494309499
10,9,6,4,1,A,B,A,small,0.005242727988138989,0.5318825773232503,0.8922471983086593,0,1,0.3732963389354605,0.3732963389354605,0.8922471983086593,0.9025956231665492,0.29080986376594575,0.29080986376594575,0.411346220544598,0.411346220544598
10,9,7,1,4,A,B,D,large,0.9930017964680207,1,0.9499999999999998,1,1,0.7633651297071354,0.7633651297071354,0.8369346960364797,0.9550811584492837,0.9004272907813189,0.9004272907813189,0.9502136453906594,0.9502136453906594
10,9,7,2,2,B,A,B,large,0.3270649648891762,1,0.9499999999999998,1,1,0.5969199696614736,0.9550811584492837,0.15958145087230102,0.15958145087230102,0.8214662494309499,0.8214662494309499,0.910733124715475,0.910733124715475
10,9,7,3,3,B,A,C,small,0.656525675670389,0.5252072085862166,0.6155862498333039,0,0,0.6155862498333039,0.6191296371749646,0.6829499900610287,0.6829499900610287,0.24030050368349964,0.24030050368349964,0.24030050368349964,0.24030050368349964
10,9,7,4,1,A,B,A,small,0.0044813073151958845,0.8182657307604665,0.8723353000956798,-0.07565080767717335,1,0.3732963389354605,0.3732963389354605,0.9025956231665492,0.8843481641815027,0.411346220544598,0.411346220544598,0.6148059756525323,0.6148059756525323
10,9,8,1,2,B,A,B,large,0.32914091138160406,1,0.9499999999999998,1,1,0.9550811584492837,0.9550811584492837,0.15958145087230102,0.15958145087230102,0.910733124715475,0.910733124715475,0.9553665623577374,0.9553665623577374
10,9,8,2,3,A,B,C,small,0.656413877063189,0.5038545628082223,0.6829499900610287,0,1,0.6191296371749646,0.6191296371749646,0.6829499900610287,0.7067936469950582,0.24030050368349964,0.24030050368349964,0.37207753324586096,0.37207753324586096
10,9,8,3,4,A,B,D,large,1.0033199564494013,0.80489388907495385,0.9499999999999998,0.019998660416939675,1,0.7633651297071354,0.7633651297071354,0.9550811584492837,0.9550811584492837,0.9502136453906594,0.9502136453906594,0.8775537672328066,0.8775537672328066
10,9,8,4,1,B,A,A,small,-0.004404215795123082,0.7193686918155116,0.37329633893546044,0,1,0.3732963389354605,0.39996733348187924,0.8843481641815027,0.8843481641815027,0.6148059756525323,0.6148059756525323,0.667087333734022,0.667087333734022
10,9,9,1,2,A,B,B,large,0.3297910904613604,0.8952589724641827,0.33027323238622897,0.4267294537848197,0,0.9550811584492837,0.9550811584492837,0.15958145087230102,0.3335995308118967,0.9553665623577374,0.9553665623577374,0.9553665623577374,0.9553665623577374
10,9,9,2,4,A,B,D,large,0.9753879990721932,1,0.9499999999999998,1,1,0.7633651297071354,0.7633651297071354,0.9550811584492837,0.9550811584492837,0.8775537672328066,0.8775537672328066,0.9387768836164033,0.9387768836164033
10,9,9,3,3,B,A,C,small,0.685543069185128,0,0.9499999999999998,1,1,0.6191296371749646,0.9550811584492837,0.7067936469950582,0.7067936469950582,0.37207753324586096,0.37207753324586096,0.18603876662293048,0.18603876662293048
10,9,9,4,1,B,A,A,small,-9.357560235715605e-4,0.3766590323438324,0.39996733348187924,0,0,0.39996733348187924,0.40357257750083647,0.8843481641815027,0.8843481641815027,0.667087333734022,0.667087333734022,0.667087333734022,0.667087333734022
10,9,10,1,2,A,B,B,large,0.3435175070185621,0.9382799987513216,0.5927049102230574,0.6477634485279021,0,0.9550811584492837,0.9550811584492837,0.3335995308118967,0.5963209011161238,0.9553665623577374,0.9553665623577374,0.9553665623577374,0.9553665623577374
10,9,10,2,3,A,B,C,small,0.6776609305441388,0.16201229612031653,0.7709921638689423,0.16049629218471032,1,0.9550811584492837,0.9550811584492837,0.7067936469950582,0.7902481737539061,0.18603876662293048,0.18603876662293048,0.17402553137162352,0.17402553137162352
10,9,10,3,1,B,A,A,small,0.007993074401414144,0.7133714701760692,0.4035725775008365,0,0,0.40357257750083647,0.4071882657622825,0.8843481641815027,0.8843481641815027,0.667087333734022,0.667087333734022,0.667087333734022,0.667087333734022
10,9,10,4,4,B,A,D,large,1.0079975952199385,1,0.9499999999999998,1,1,0.7633651297071354,0.9550811584492837,0.9550811584492837,0.9550811584492837,0.9387768836164033,0.9387768836164033,0.9693884418082017,0.9693884418082017
10,10,1,1,4,A,B,D,large,1.0086875666155768,0.5114927372603641,0.5203441428312534,0,0,0.39815347515013333,0.39815347515013333,0.5203441428312534,0.5240867223023686,0.9693884418082017,0.9693884418082017,0.9693884418082017,0.9693884418082017
10,10,1,2,2,A,B,B,large,0.34310284958074705,1,0.647533762510502,1,0,0.31890806447811565,0.31890806447811565,0.2475337625105019,0.6509496459247346,0.9553665623577374,0.9553665623577374,0.9553665623577374,0.9553665623577374
10,10,1,3,3,B,A,C,small,0.6743823903967228,0.2946186432396954,0.585694539676505,0,0,0.585694539676505,0.5893296455756689,0.36442722543948086,0.36442722543948086,0.17402553137162352,0.17402553137162352,0.17402553137162352,0.17402553137162352
10,10,1,4,1,B,A,A,small,-0.0041567198814572905,0.39098415838512757,0.08034180379326576,0,0,0.08034180379326575,0.08145710855851758,0.3245655011619152,0.3245655011619152,0.667087333734022,0.667087333734022,0.667087333734022,0.667087333734022
10,10,2,1,3,B,A,C,small,0.6846833014220276,0,0.9499999999999998,1,1,0.5893296455756689,0.9550811584492837,0.36442722543948086,0.36442722543948086,0.17402553137162352,0.17402553137162352,0.08701276568581176,0.08701276568581176
10,10,2,2,4,B,A,D,large,1.0025418087568292,1,0.7981534751501334,1,1,0.39815347515013333,0.8156716600596536,0.5240867223023686,0.5240867223023686,0.9693884418082017,0.9693884418082017,0.9846942209041009,0.9846942209041009
10,10,2,3,2,A,B,B,large,0.35137003492847474,0.8988017011439142,0.8286382028640658,0.4442213923483277,1,0.31890806447811565,0.31890806447811565,0.6509496459247346,0.8440276543430479,0.9553665623577374,0.9553665623577374,0.9270841317508258,0.9270841317508258
10,10,2,4,1,A,B,A,small,0.006138688983013414,0.7541398847118065,0.3245655011619152,0,0,0.08145710855851758,0.08145710855851758,0.3245655011619152,0.3278624563888168,0.667087333734022,0.667087333734022,0.667087333734022,0.667087333734022
10,10,3,1,2,B,A,B,large,0.35120669888326667,1,0.7189080644781156,1,1,0.31890806447811565,0.7410727559151523,0.8440276543430479,0.8440276543430479,0.9270841317508258,0.9270841317508258,0.9635420658754129,0.9635420658754129
10,10,3,2,1,A,B,A,small,-0.0013954139940116819,0.7373769017372354,0.3278624563888168,0,0,0.08145710855851758,0.08145710855851758,0.3278624563888168,0.33117648126379773,0.667087333734022,0.667087333734022,0.667087333734022,0.667087333734022
10,10,3,3,4,A,B,D,large,1.0010393704152698,0.9181291752056198,0.740831810833075,0.541862721326766,1,0.8156716600596536,0.8156716600596536,0.5240867223023686,0.7618404627535946,0.9846942209041009,0.9846942209041009,0.9514116980548604,0.9514116980548604
10,10,3,4,3,B,A,C,small,0.6524829761904666,0,0.9499999999999998,1,0,0.9550811584492837,0.9507077096900849,0.36442722543948086,0.36442722543948086,0.08701276568581176,0.08701276568581176,0.08701276568581176,0.08701276568581176
10,10,4,1,2,B,A,B,large,0.34235124789190197,1,0.9499999999999998,1,1,0.7410727559151523,0.9550811584492837,0.8440276543430479,0.8440276543430479,0.9635420658754129,0.9635420658754129,0.9817710329377065,0.9817710329377065
10,10,4,2,1,A,B,A,small,-0.006991379695172925,1,0,-1,0,0.08145710855851758,0.08145710855851758,0.33117648126379773,0,0.667087333734022,0.667087333734022,0.667087333734022,0.667087333734022
10,10,4,3,3,B,A,C,small,0.6674575184522283,0.4542843194402133,0.9499999999999998,0,1,0.9507077096900849,0.9550811584492837,0.36442722543948086,0.36442722543948086,0.08701276568581176,0.08701276568581176,0.2706485425630125,0.2706485425630125
10,10,4,4,4,A,B,D,large,1.0019197716059562,0.8948706201957993,0.9317682717367762,0.42481952245795435,1,0.8156716600596536,0.8156716600596536,0.7618404627535946,0.9385824146998536,0.9514116980548604,0.9514116980548604,0.9231411591253298,0.9231411591253298
10,10,5,1,1,A,B,A,small,0.0026524514750264445,1,0,-1,0,0.08145710855851758,0.08145710855851758,0,0,0.667087333734022,0.667087333734022,0.667087333734022,0.667087333734022
10,10,5,2,2,A,B,B,large,0.34013388391560734,1,0.9499999999999998,1,1,0.9550811584492837,0.9550811584492837,0.8440276543430479,0.9550811584492837,0.9817710329377065,0.9817710329377065,0.9908855164688533,0.9908855164688533
10,10,5,3,3,B,A,C,small,0.6696709746634473,0.4203358667190092,0.9499999999999998,0,1,0.9550811584492837,0.9550811584492837,0.36442722543948086,0.36442722543948086,0.2706485425630125,0.2706485425630125,0.3454922046410108,0.3454922046410108
10,10,5,4,4,B,A,D,large,1.0031219930760986,0.8497140712142979,0.9006930905754129,0.21255357628939783,1,0.8156716600596536,0.9103119184050856,0.9385824146998536,0.9385824146998536,0.9231411591253298,0.9231411591253298,0.8864276151698138,0.8864276151698138
10,10,6,1,1,A,B,A,small,-0.011281187778451178,0.07141362350043674,0.23851467800226978,0.5962866950056744,0,0.08145710855851758,0.08145710855851758,0,0.2412497357777715,0.667087333734022,0.667087333734022,0.667087333734022,0.667087333734022
10,10,6,2,3,A,B,C,small,0.6744210581661017,0.5018685995493314,0.3644272254394809,0,0,0.9550811584492837,0.9550811584492837,0.36442722543948086,0.3679085400793183,0.3454922046410108,0.3454922046410108,0.3454922046410108,0.3454922046410108
10,10,6,3,4,B,A,D,large,1.0056378374479336,0.846195595849535,0.9499999999999998,0.19680547817625052,1,0.9103119184050856,0.9550811584492837,0.9385824146998536,0.9385824146998536,0.8864276151698138,0.8864276151698138,0.8663116055096745,0.8663116055096745
10,10,6,4,2,B,A,B,large,0.3374739774199988,0.9845407997309066,0.9499999999999998,0.9076519071142543,0,0.9550811584492837,0.9507077096900849,0.9550811584492837,0.9550811584492837,0.9908855164688533,0.9908855164688533,0.9908855164688533,0.9908855164688533
10,10,7,1,4,B,A,D,large,1.0034486667670512,0.752822450865591,0.9499999999999998,0,0,0.9550811584492837,0.9507077096900849,0.9385824146998536,0.9385824146998536,0.8663116055096745,0.8663116055096745,0.8663116055096745,0.8663116055096745
10,10,7,2,2,B,A,B,large,0.3345355130451598,0.9894898209195169,0.9499999999999998,0.9369055653072211,1,0.9507077096900849,0.9550811584492837,0.9550811584492837,0.9550811584492837,0.9908855164688533,0.9908855164688533,0.9901876686941851,0.9901876686941851
10,10,7,3,1,A,B,A,small,0.00548339656679252,0.645574334496262,0.2412497357777715,0,0,0.08145710855851758,0.08145710855851758,0.2412497357777715,0.24400610678337276,0.667087333734022,0.667087333734022,0.667087333734022,0.667087333734022
10,10,7,4,3,A,B,C,small,0.670613689867178,0.4045210157395428,0.3679085400793183,0,0,0.9550811584492837,0.9550811584492837,0.3679085400793183,0.37140367740586083,0.3454922046410108,0.3454922046410108,0.3454922046410108,0.3454922046410108
10,10,8,1,2,B,A,B,large,0.3303594853826142,1,0.9499999999999998,1,1,0.9550811584492837,0.9550811584492837,0.9550811584492837,0.9550811584492837,0.9901876686941851,0.9901876686941851,0.9950938343470925,0.9950938343470925
10,10,8,2,3,A,B,C,small,0.6784687727769835,0.33846522006660856,0.37140367740586083,0,1,0.9550811584492837,0.9550811584492837,0.37140367740586083,0.39802532944453695,0.3454922046410108,0.3454922046410108,0.3419787123538097,0.3419787123538097
10,10,8,3,4,A,B,D,large,1.0162418203972097,0.8181718951435321,0.9499999999999998,0.07525506577565819,1,0.9507077096900849,0.9507077096900849,0.9385824146998536,0.9550811584492837,0.8663116055096745,0.8663116055096745,0.8422417503266033,0.8422417503266033
10,10,8,4,1,B,A,A,small,0.009042740664380561,0.9647742004622373,0,-0.7936569924848709,0,0.08145710855851758,0,0.24400610678337276,0.24400610678337276,0.667087333734022,0.667087333734022,0.667087333734022,0.667087333734022
10,10,9,1,1,A,B,A,small,0.009550504700051908,0.1794661514190809,0.27810170105876786,0.08523898568848763,0,0,0,0.24400610678337276,0.28112311829147696,0.667087333734022,0.667087333734022,0.667087333734022,0.667087333734022
10,10,9,2,3,B,A,C,small,0.6574524260159998,0.25848597236008625,0.9499999999999998,0,1,0.9550811584492837,0.9550811584492837,0.39802532944453695,0.39802532944453695,0.3419787123538097,0.3419787123538097,0.30023234235694796,0.30023234235694796
10,10,9,3,2,B,A,B,large,0.33312966671563543,1,0.9499999999999998,1,0,0.9550811584492837,0.9507077096900849,0.9550811584492837,0.9550811584492837,0.9950938343470925,0.9950938343470925,0.9950938343470925,0.9950938343470925
10,10,9,4,4,A,B,D,large,1.0015315406006913,1,0.9499999999999998,1,1,0.9507077096900849,0.9507077096900849,0.9550811584492837,0.9550811584492837,0.8422417503266033,0.8422417503266033,0.9211208751633017,0.9211208751633017
10,10,10,1,3,A,B,C,small,0.6597757261796239,0.2730914877525823,0.39802532944453695,0,0,0.9550811584492837,0.9550811584492837,0.39802532944453695,0.4016247852532744,0.30023234235694796,0.30023234235694796,0.30023234235694796,0.30023234235694796
10,10,10,2,1,B,A,A,small,0.018248133316082122,0.6439605748006754,0,0,0,0,0,0.28112311829147696,0.28112311829147696,0.667087333734022,0.667087333734022,0.667087333734022,0.667087333734022
10,10,10,3,4,B,A,D,large,0.9873406628601199,0.860898125203956,0.9499999999999998,0.26335387163913626,1,0.9507077096900849,0.9550811584492837,0.9550811584492837,0.9550811584492837,0.9211208751633017,0.9211208751633017,0.8910095001836289,0.8910095001836289
10,10,10,4,2,A,B,B,large,0.3471952513824859,1,0.9499999999999998,1,1,0.9507077096900849,0.9507077096900849,0.9550811584492837,0.9550811584492837,0.9950938343470925,0.9950938343470925,0.9975469171735463,0.9975469171735463
